poi_id,lat,lng,name,parking,access,capacity_osm
node/1669817019,43.067234,141.3473294,,,,
node/1682560396,43.1065334,141.3394524,三井のリパーク,multi-storey,,351
node/1971133821,43.0942949,141.5106078,北のたまゆら江別店,,,
node/2003840718,43.0657259,141.3496211,三井のリパーク,multi-storey,,225
node/2003844199,43.0659355,141.3469979,タイムズ,multi-storey,,392
node/2003846802,43.0658533,141.3462577,ビックシャイン88,,,600
node/2021939474,43.1255265,141.2423656,,,,
node/2039276545,43.0684556,141.3531534,JRタワーイースト駐車場・JRタワーセンター駐車場,,,
node/2057917874,43.0617522,141.3383774,Times,multi-storey,,78
node/2097530216,43.0593839,141.3514123,タイムズ,multi-storey,,29
node/2110225128,43.0599683,141.3559392,まるいパーキングA,,,
node/2110225129,43.0602641,141.3566499,まるいパーキングB,,,
node/2110225615,43.0598663,141.3564407,松崎ビルパーキング,,,
node/2112415458,43.0992409,141.2692399,湯屋サーモン,,,
node/2180732854,43.0560184,141.3503147,三井のリパーク,multi-storey,,584
node/2203980715,43.0682822,141.3591943,ビックシャイン88,multi-storey,,700
node/2206232349,43.0639498,141.3625563,タイムズ,multi-storey,,967
node/2206240705,43.0659182,141.3634938,タイムズ,multi-storey,,124
node/2303709720,43.0632577,141.337205,,,,
node/2380723567,43.0569426,141.331824,,multi-storey,,
node/2380756914,43.0593482,141.3342152,ビックシャイン88,multi-storey,,600
node/2657080803,43.1629528,141.3113352,,surface,,
node/2657081322,43.1615854,141.3123053,駐車場,,,
node/2696394661,42.9678251,141.2191275,湯元;小金湯,,,
node/2843187902,43.058572,141.344283,,,,
node/3006215033,43.068788,141.493991,,surface,,
node/3023890933,43.069298,141.352504,仕入れ 専用 駐輪場,surface,,
node/3086075156,43.195181,141.00596,,surface,yes,
node/3086075157,43.198532,141.00383,,surface,yes,
node/3259306361,43.065704,141.341415,北5条 パーキング,surface,,
node/3266576261,43.073333,141.298559,Times,surface,,
node/3335853437,43.0519442,141.4855318,森林公園温泉;きよら,,,
node/3383884174,43.0572891,141.3268011,20丁目パーキング,multi-storey,,
node/3390423039,43.0561258,141.3198697,,,,
node/3623395452,43.1526399,141.3986802,札幌あいの里温泉;なごみ,,,
node/3822128814,43.0553688,141.3556417,三井のリパーク,multi-storey,,72
node/3822141765,43.0543563,141.3562718,ススキノ駐車場,,,
node/3823740939,43.0505383,141.3565813,,multi-storey,yes,
node/3836607820,43.0513215,141.3539317,タイムズ,multi-storey,,173
node/3924549058,43.067984,141.274502,お客様 専用 駐車場,surface,,
node/3953029757,43.0617132,141.3474193,タイムズ,underground,,163
node/4283547599,42.9627917,141.1580056,定山渓温泉;湯の花定山渓殿,,,
node/4318976404,42.9750899,141.3361428,屋上駐車場,,,
node/4319047445,42.9867717,141.3350872,屋外駐車場,,,
node/4319062522,42.9992864,141.3360388,屋外駐車場,,,
node/4319105214,42.9933891,141.3357998,,,,
node/4319105230,42.9931931,141.3340105,,surface,customers,
node/4365928842,43.2153053,141.0059068,屋外駐車場,,,
node/4375051968,43.1914612,141.0079221,,rooftop,customers,
node/4457344439,43.0327134,141.3693808,タイムズ,surface,,9
node/4467231260,43.0470422,141.3749085,タイムズ,multi-storey,yes,374
node/4497954365,43.0790715,141.3637506,タイムズ,multi-storey,,58
node/4506511893,43.2450463,141.3494687,石狩天然温泉;番屋の湯,,,
node/4541071739,43.0884715,141.2707157,屋内駐車場入口,,,
node/4588269002,43.1050485,141.3706303,タイムズ,multi-storey,,100
node/4652784976,43.113517,141.368092,三井のリパーク,multi-storey,customers,588
node/4927638321,43.0583459,141.3440232,パークネット,surface,,4
node/5052421570,43.1076282,141.3393224,タイムズ,multi-storey,,180
node/5197654290,43.0403523,141.3282054,タイムズ,,,
node/5317886923,43.058132,141.349275,サントーカーポート,surface,,
node/5417796410,43.1971109,140.9976924,,,,
node/5661791658,43.0634736,141.3557598,タイムズステーション,underground,yes,314
node/5925065844,43.0534125,141.352032,,multi-storey,,
node/5934535190,43.0090033,141.4598727,,,,
node/6017165931,43.1941736,140.9996059,アサヒパーク花園第5,surface,private,
node/6030845793,43.8082539,141.5291052,,,,
node/6308041401,43.2120676,141.008806,小樽天然温泉;湯の花手宮殿,,,
node/6308047565,43.1881826,141.016657,小樽温泉;オスパ,surface,customers,
node/6308068557,42.9497016,141.1556438,やわらぎの里;豊平峡温泉,,,
node/6308347880,43.0915479,141.5062347,江別天然温泉;湯の花江別殿,,,
node/6308388123,43.1256932,141.4154837,モエレ天然温泉;たまゆらの杜,,,
node/6308538729,43.0773518,141.3156885,湯処;花ゆづき,,,
node/6360006826,43.0911738,141.341671,タイムズ,,,
node/6423474460,43.5857798,141.4236562,浜益保養センター;はまます温泉,,,
node/6423578469,43.7741634,141.3689852,岩尾温泉;あったま〜る,,,
node/6425640539,43.1926206,140.7857337,宇宙の湯;余市川温泉,,,
node/6436452401,43.0558069,141.3486511,,,,
node/6986903904,43.0286234,141.4528513,大谷地東駐車場,,,
node/7214025494,43.058866,141.3206974,Times,multi-storey,,114
node/7918552210,43.0604574,141.3754496,セイコーマート駐車場,,,
node/8643728123,43.0844493,141.3436701,,surface,yes,10
node/8689739875,42.9936476,141.3346641,,surface,customers,
node/8948240198,43.0599037,141.357958,三井のリパーク,,yes,
node/9407570571,43.201085,141.0002541,D-Parking,surface,yes,
node/9420298640,43.1999135,140.9999198,,,customers,
node/9428408027,43.202904,140.9989415,,surface,customers,
node/9449856012,43.2324935,140.7358557,,,,
node/9462598802,43.05508,141.3435578,三井のリパーク 札幌ＳＹＯＫＵＳＡＮ駐車場,multi-storey,,130
node/9938493247,43.0703361,141.3048742,タイムズ,multi-storey,,18
node/9946402806,43.0812545,141.3055949,三井のリパーク,multi-storey,,657
node/9948316419,43.0815639,141.3038558,,,,
node/9948316424,43.0813732,141.3041235,,,,
node/9949450643,43.0813541,141.3090654,三井のリパーク,multi-storey,,73
node/9950259192,43.0778044,141.3051919,タイムズ,multi-storey,,14
node/9950288507,43.1082057,141.3399223,タイムズ,multi-storey,,326
node/10095286778,43.0643682,141.3305819,三井のリパーク,multi-storey,,110
node/10188151756,43.1240915,141.2794387,,,customers,
node/10673369415,43.0529594,141.3528885,タイムズ,surface,yes,
node/10674905656,43.0511258,141.3527209,タイムズ,,,
node/11134318196,43.0527293,141.3848848,三井のリパーク イオン東札幌店屋上駐車場,surface,customers,231
node/11710693440,43.1254695,141.2429975,,,,
node/12137220801,43.1967736,140.982413,旭展望台駐車場,,,
node/12559912893,43.0475187,141.35195,,underground,,
node/12565601914,43.0476508,141.3520701,,underground,,
node/12824888198,43.0475609,141.3459712,トラストパーク札幌南9条,multi-storey,customers,
node/13566445658,43.063792,141.3548326,,,,
way/32530626,43.122541,141.4294356,,,,
way/32530651,43.1201719,141.4223834,,,,
way/38562425,43.1280766,141.4194217,,,,
way/38562437,43.1180993,141.4299166,,,,
way/83806531,43.077147,141.4011666,,,customers,
way/104291194,43.0957591,141.4292009,,,,
way/104301761,43.0922086,141.3991512,,,customers,
way/104588231,43.0954179,141.3821567,,surface,customers,
way/114549919,43.0574767,141.3870127,札幌コンベンションセンター第3立体駐車場,multi-storey,customers,
way/114939600,43.0536008,141.3833862,エナジーパーキング,multi-storey,yes,
way/114954878,43.057748,141.3886002,札幌コンベンションセンター第１平面駐車場,surface,customers,
way/114954881,43.0579668,141.3877343,札幌コンベンションセンター第2平面駐車場,surface,customers,
way/114954882,43.0564354,141.3855312,札幌市産業振興センター駐車場,surface,customers,
way/114954884,43.0555244,141.3861513,,surface,customers,
way/114954886,43.0557331,141.3855557,,surface,private,
way/115307713,43.0520784,141.3871239,,surface,private,
way/115307735,43.0524035,141.3862607,,surface,customers,
way/115349390,43.053865,141.386994,,,,
way/115572963,43.0588605,141.3883189,,,,
way/115572965,43.0570477,141.3849128,,,,
way/115572969,43.0593799,141.3890324,,,,
way/116777560,43.0652288,141.3523292,,multi-storey,,
way/116777883,43.0641404,141.3522026,第2 タキカワ パーキング,multi-storey,,
way/127095003,43.0160306,141.4080127,,surface,,
way/127095005,43.0136772,141.4081925,,surface,,
way/154413677,43.065681,141.3482677,,multi-storey,yes,
way/154415715,43.0395931,141.4728593,D-Parking,surface,,
way/154431782,43.0578483,141.3385066,三井のリパーク,surface,,29
way/154444589,43.0579807,141.3513726,,surface,,
way/154444594,43.0575782,141.34845,2.6Windパーキング,surface,,
way/154444602,43.0580755,141.3481631,タイムズ,surface,,33
way/154459470,43.0343935,141.4604496,,,customers,
way/154467857,43.047996,141.4945654,,,,
way/154467858,43.0515284,141.4965273,一般用 駐車場,surface,yes,
way/154467875,43.053784,141.4925359,公園案内書側駐車場,surface,,
way/154470764,43.0791672,141.3580103,,surface,customers,
way/154471854,43.0506343,141.4588539,,,,
way/154471862,43.0523292,141.460295,,surface,customers,
way/154489395,43.0791532,141.3572949,,,customers,
way/154490457,43.0950113,141.3494298,タイムズ,surface,,176
way/154490724,43.1020951,141.3691184,,,customers,
way/154490725,43.1011997,141.3693965,,,,
way/154493824,43.0725806,141.3700143,,,customers,
way/154511753,43.0795317,141.3611451,,surface,customers,
way/154685747,43.0971557,141.3700806,,,customers,
way/154685751,43.0975574,141.3683729,,,,
way/154698661,43.0904898,141.3740177,タイムズ,surface,,170
way/154709780,43.0680489,141.356022,日の丸パーキング,surface,yes,207
way/154853691,43.074657,141.3802496,,,customers,
way/154857384,43.0796893,141.3629584,,,customers,
way/154859797,43.0814134,141.358225,,surface,customers,
way/154876491,43.0852254,141.3742845,,,customers,
way/154876496,43.0851088,141.3747149,タイムズ,surface,,25
way/155013318,43.1007703,141.3684535,,,customers,
way/155275124,43.1035891,141.3652024,,,customers,
way/155371024,43.1100621,141.3815228,,surface,yes,
way/155426508,43.1130574,141.3697387,タイムズ,surface,,141
way/155518215,43.1171318,141.3736912,,,,
way/155569425,43.1215574,141.3640823,,,customers,
way/155572854,43.0902342,141.3410216,,,customers,
way/155572858,43.089602,141.3361327,,surface,customers,
way/155781151,43.0619796,141.3537242,,,,
way/155793108,43.0547593,141.3498411,駐車場ジャンボ1000,multi-storey,,
way/155801646,43.0793847,141.4038599,,,customers,
way/155910358,43.0999484,141.3400179,三井のリパーク,surface,,142
way/155911629,43.1069044,141.3406,三井のリパーク,surface,,84
way/155911630,43.107494,141.3407691,三井のリパーク,surface,,58
way/155919129,43.0945862,141.3993783,,,customers,
way/155919132,43.0958063,141.3986658,,,customers,
way/155923072,43.1008334,141.403888,,,customers,
way/155923073,43.1015072,141.4026769,,,customers,
way/155923074,43.1013609,141.401835,,,customers,
way/155923075,43.101812,141.4029144,,,customers,
way/155986797,43.1574703,141.4000416,,,customers,
way/155986801,43.1575384,141.3980896,,,customers,
way/155986810,43.1566119,141.3977382,,,customers,
way/160440213,42.9977466,141.4577976,,surface,customers,
way/160440214,42.9968977,141.4592664,,surface,customers,
way/160440215,42.9991758,141.4594566,,surface,customers,
way/160440218,42.9990069,141.4605375,,,,
way/161618556,43.0460805,141.3731236,,surface,,
way/161769312,43.0315618,141.3805763,,surface,,
way/162570461,43.0149912,141.3570753,,surface,customers,
way/162680904,43.0819612,141.3454743,t,surface,,
way/163766278,43.0760672,141.338283,,surface,private,82
way/164455666,42.9674373,141.2982836,,,,
way/164978665,42.933156,141.3044392,,,,
way/165310968,42.998935,141.3350528,,,,
way/165922211,43.048552,141.3561667,,,,
way/167061501,43.0562752,141.334468,,surface,,
way/167924985,43.0770249,141.2876865,,surface,customers,
way/168385347,43.0434863,141.2571379,,,,
way/168385349,43.0449174,141.2579569,,,,
way/168589923,43.0767174,141.3219211,,,,
way/168589925,43.0750644,141.3229295,,,,
way/168967993,43.0950412,141.2757072,,surface,customers,
way/168968001,43.0968096,141.2774263,,surface,customers,
way/168968005,43.0958715,141.2754145,,surface,customers,
way/169117789,43.1248583,141.2105007,,,,
way/169117799,43.1229152,141.2141662,,,,
way/169232411,43.1211907,141.244546,,surface,,
way/169232413,43.1213409,141.2461694,,,,
way/169316939,43.1363741,141.2299544,,,,
way/169405442,43.1405663,141.23465,,,customers,
way/169405447,43.1418717,141.2321649,,,customers,
way/169405452,43.1428026,141.2326504,,,customers,
way/169405458,43.1408631,141.2331185,,,customers,
way/170060696,43.1407563,141.3501822,,,customers,
way/170113051,43.1589242,141.3362132,,surface,customers,
way/170698993,43.0930932,141.3604441,,,customers,
way/170704232,42.9880743,141.440792,,,,
way/170705719,43.010552,141.4552699,,surface,,
way/170705720,43.008881,141.3646137,,surface,,
way/170707012,43.0609958,141.2634928,第1 駐車場,surface,customers,
way/170707013,43.0573154,141.2685609,,,,
way/170707017,43.0610152,141.2643958,第2 駐車場,surface,customers,
way/170707025,43.0570158,141.2693675,,,,
way/171000290,43.0956568,141.5246669,,,,
way/171732092,43.0975937,141.5316482,,surface,customers,
way/171732093,43.0979678,141.5328745,,surface,,
way/172097106,43.0793832,141.5348603,,,,
way/172097107,43.0804774,141.5326619,,,,
way/182522746,43.125605,141.225634,,surface,,
way/182522747,43.1260622,141.2259257,,surface,,
way/184271548,43.0820949,141.3462536,,surface,private,
way/184694524,43.0902655,141.5315022,,,,
way/184694526,43.0994495,141.5448521,,,,
way/184694530,43.0879929,141.533772,,surface,,
way/184694532,43.0946804,141.5213434,,,,
way/184694533,43.1135795,141.5254002,,surface,customers,
way/184694534,43.1093662,141.5317517,,,,
way/184694537,43.1100104,141.5305163,,,,
way/184696514,43.0804863,141.4996175,,,,
way/184696596,43.1109347,141.5299364,,,,
way/184696917,43.1005351,141.5478064,,,,
way/184706565,43.0898885,141.5205386,,surface,,
way/184706844,43.1002582,141.5343863,,,customers,
way/184709571,43.1068245,141.5428478,,,,
way/185048102,43.0913417,141.5067926,,,,
way/185051355,43.0986796,141.5489847,,,,
way/185054166,43.092337,141.5206046,,,,
way/185282164,43.0740695,141.4954206,大麻中町駐車場,surface,,
way/185282165,43.0734425,141.4966677,タイムズ,surface,,97
way/185917927,43.0654669,141.4793818,,,,
way/186421865,43.0944767,141.5101558,,,,
way/186713380,43.1115789,141.5586052,タイムズ,surface,,69
way/186845647,43.0585978,141.4851084,,surface,,
way/189717882,43.1417268,141.2097878,,surface,,
way/189780743,43.0666865,141.3547816,,multi-storey,,
way/189848985,43.1397263,141.1876577,,,,
way/189848988,43.1356231,141.1886595,,surface,,
way/190019230,43.1356477,141.193389,,surface,,
way/190062311,43.1329535,141.2103307,,surface,,
way/190443673,43.062578,141.3523712,,multi-storey,,
way/191407060,43.0642675,141.3537885,三井のリパーク 札幌北２西２,surface,,20
way/191407061,43.0649573,141.3538926,三井のリパーク,,,17
way/191407064,43.0637304,141.3538358,,multi-storey,,
way/193091617,43.0766084,141.2926635,,,,
way/193454951,42.8998499,140.7443424,,surface,,
way/195862850,42.9060857,140.7546065,,surface,,
way/195862855,42.9002983,140.7458279,,surface,,
way/195862858,42.9050031,140.7537823,,surface,,
way/195862860,42.9032277,140.7567876,,surface,,
way/195862863,42.9007828,140.7464455,,surface,,
way/195862864,42.9016521,140.7566532,,surface,,
way/195862865,42.9025508,140.7460446,,surface,,
way/195862866,42.9010351,140.7465218,,surface,,
way/195862867,42.9008769,140.7564472,,surface,,
way/195862868,42.9007735,140.7459237,,surface,,
way/195862869,42.9009534,140.7553022,,surface,,
way/195862871,42.9016974,140.7589237,,surface,,
way/195862872,42.90017,140.7622647,,surface,,
way/195862873,42.9042567,140.754546,,surface,,
way/195865378,42.9029196,140.7516878,,surface,,
way/196968588,42.9055805,140.7497664,,surface,,
way/196968593,42.9081829,140.7495089,,surface,,
way/197136344,42.9061947,140.7556467,,,,
way/197136346,42.9046079,140.7570306,,,,
way/197498731,42.9051503,140.7611753,,surface,,
way/198707511,42.9014716,140.7611093,,,,
way/198903194,43.05684,141.3438596,ミニパーク100,,,
way/198905583,43.0786079,141.2880797,,multi-storey,,
way/199517626,43.0893042,141.2718598,,surface,,
way/199517760,43.0899038,141.2770011,,,,
way/199759697,43.0585841,141.3548713,タイムズ,surface,,6
way/201053153,43.0587484,141.3433045,三井のリパーク,surface,,17
way/201053958,43.0575989,141.3486241,三井のリパーク,surface,,14
way/201053959,43.0584949,141.3470889,三井のリパーク,surface,,17
way/201053991,43.0575539,141.3433248,三井のリパーク,surface,,9
way/201063386,43.0591263,141.3563877,カービスパーク 1・1,surface,customers,43
way/202357232,43.1016594,141.25934,,,,
way/202577804,43.166885,141.4108162,,surface,,
way/203980634,43.1680272,141.2762112,,surface,,
way/203999410,43.1542288,141.288662,,surface,,
way/203999411,43.152857,141.286816,,surface,,
way/204335711,43.1536112,141.3860885,,,,
way/204598032,43.1717455,141.3152177,,surface,,
way/204598035,43.1719207,141.3210879,,surface,,
way/204610935,43.1427235,141.25415,,surface,,
way/204610944,43.1427569,141.2596296,,surface,,
way/204610947,43.1459425,141.2594215,,,,
way/204796425,43.1379748,141.2863681,,surface,,
way/204828553,43.1400915,141.2785999,,surface,,
way/205236382,43.1707905,141.3178956,,surface,,
way/205236383,43.1698329,141.3196529,,surface,,
way/206416959,43.1288517,141.2559609,,surface,,
way/206544755,43.158116,141.3384357,,surface,,
way/206832110,43.1491808,141.2848934,,surface,,
way/207612827,43.1299394,141.364606,百合が原公園駐車場,,,
way/207612837,43.1298639,141.3684839,百合が原公園東駐車場,,,
way/207612840,43.1284447,141.3631535,,surface,,
way/207760747,43.1570136,141.3098806,,surface,,
way/207760748,43.1582736,141.3064356,,surface,,
way/207760749,43.1571749,141.3079901,,surface,,
way/207822732,43.0570406,141.3541439,タイムズ,surface,,15
way/207828958,43.0567964,141.3473649,,surface,,
way/207829610,43.0562526,141.3480834,,surface,,
way/207830518,43.0563444,141.3440997,タイムズ,surface,,32
way/207830525,43.0563411,141.3436334,タイムズ,surface,,22
way/207830770,43.0560251,141.344725,タイムズ,surface,,6
way/207832310,43.056653,141.3407493,三井のリパーク,surface,,20
way/207833022,43.0577953,141.3404714,,,,
way/207833023,43.0577324,141.3406612,,,,
way/208977633,43.0553854,141.344645,タイムズ,surface,,6
way/210541828,43.0648927,141.3589839,三井のリパーク,surface,,29
way/210541831,43.0646024,141.357806,三井のリパーク,surface,,13
way/217309417,43.1408377,141.2932164,,surface,,
way/217309418,43.1410535,141.293554,,surface,,
way/219725882,43.0631288,141.3692392,,multi-storey,,
way/219728957,43.0723677,141.3687283,,surface,customers,
way/219728972,43.0712087,141.3719004,,surface,customers,
way/223086104,43.0659926,141.3381477,,multi-storey,,
way/224243782,43.1985801,140.995677,タイムズ,surface,yes,
way/224290022,43.1992853,140.9981109,,surface,permissive,
way/224290023,43.1987872,140.9964703,,surface,permissive,
way/224315170,43.0680085,141.3352932,,multi-storey,private,
way/224315381,43.0687744,141.3327136,,surface,,
way/224341818,43.2000181,141.0003085,,surface,permissive,
way/224350304,43.1986985,140.9981523,,surface,permissive,
way/224360383,43.1979827,140.9972941,ほくほくパーキング,multi-storey,,
way/226669944,43.0829935,141.3475327,,surface,private,
way/226669946,43.0820995,141.3477673,,surface,private,
way/226669954,43.082549,141.3471707,,surface,private,
way/226669958,43.0826063,141.3474583,,surface,private,
way/229478813,43.0569726,141.3299562,三井のリパーク,surface,,15
way/231888825,43.0589451,141.330508,,,,
way/233462027,42.9512688,141.5115303,,surface,yes,
way/233462030,42.9520292,141.512093,,surface,,
way/241431228,42.9645915,141.1592467,,,,
way/247022771,43.0554372,141.2959298,本郷新記念札幌彫刻美術館駐車場,,,
way/247585734,43.0513405,141.3561871,南8西2 パーキング,surface,private,
way/256436663,42.9664037,141.1666249,ホテル山水,,customers,
way/256802369,43.0618654,141.3391619,大通高校駐車場,surface,permissive,20
way/260596639,43.0493099,141.3242144,かねひろ亭駐車場,surface,customers,10
way/261438180,43.0835886,141.3027108,,surface,,
way/263928563,43.0633009,141.3448664,,surface,yes,
way/263954231,43.0556799,141.3071058,北一条駐車場,surface,customers,
way/263954233,43.0536975,141.3111704,,,,
way/264399712,43.1043158,141.3699455,,,customers,
way/264399713,43.1043359,141.3702981,,,customers,
way/271908979,43.0525502,141.3559452,タイムズ すすきの７・２,carports,customers,11
way/271908993,43.0523698,141.3529049,井上パーキング,surface,customers,
way/271909053,43.0528335,141.3565059,三井のリパーク,surface,yes,32
way/271909056,43.0541048,141.3583953,,,,
way/271909057,43.0530988,141.3549029,タイムズ,surface,,147
way/271912307,43.0502223,141.3528852,,street_side,yes,
way/271912329,43.0494888,141.3526023,,multi-storey,customers,
way/271912355,43.0502799,141.3508952,あるぱかぱーきんぐ,surface,customers,
way/271912356,43.0504618,141.3523083,,,,
way/271914082,43.050404,141.3533221,,multi-storey,,
way/275654465,43.0977831,141.2755999,,,customers,
way/277481376,43.0544499,141.3517302,三井のリパーク,surface,,13
way/286436860,43.0620824,141.3311324,,multi-storey,private,
way/286436873,43.0622002,141.3311311,,multi-storey,private,
way/286436874,43.0620497,141.3314236,,multi-storey,private,
way/286692110,43.063097,141.3277187,Times,multi-storey,,
way/286693484,43.0598426,141.3385265,,multi-storey,,
way/288211645,42.9664964,141.3396567,,,,
way/288211646,42.9683285,141.3399713,,,,
way/288860296,43.0292331,141.4346715,,multi-storey,customers,
way/288861149,43.0128121,141.432815,,surface,customers,700
way/288861154,43.0279853,141.4087784,,surface,customers,
way/288861156,43.02704,141.4091098,,surface,customers,
way/288862931,43.0217707,141.433872,,surface,customers,
way/290516130,43.0314039,141.346719,特約車専用駐車場,surface,customers,
way/293531324,43.0729483,141.3382408,,surface,private,1
way/293531554,43.0787708,141.340846,車いす使用者用駐車スペース,surface,private,2
way/293553240,43.732139,141.3362057,雄冬駐車場,,,
way/293553247,43.8183686,141.4242042,,,,
way/293553248,43.8168722,141.4200607,歩古丹パーキング,,,
way/293553249,43.8226724,141.4385522,,,,
way/293553250,43.8276151,141.4720432,大別苅防災ステーション,,,
way/294184473,43.0803252,141.3394766,,surface,permissive,30
way/294185884,43.0802352,141.3395182,,surface,permissive,20
way/294195417,43.0761633,141.3454919,第1外来駐車場,surface,customers,
way/295648593,43.1890418,140.789215,,surface,,
way/295648594,43.1849153,140.7892376,,surface,,
way/296704397,43.0718921,141.4976128,,surface,customers,15
way/296780069,43.0708228,141.3463792,,surface,,
way/296780070,43.0707305,141.3465437,,surface,,
way/298281767,43.0817571,141.2889631,,surface,,
way/298281769,43.0811408,141.2887075,,surface,,
way/299398632,43.0740857,141.5113591,,surface,private,
way/299398633,43.074404,141.5121138,,surface,private,
way/299398660,43.0751686,141.5116393,,surface,private,
way/299400056,43.0737352,141.5086384,,surface,,
way/299446729,43.0744476,141.5153745,,surface,customers,
way/299446740,43.0752192,141.5161214,,surface,private,
way/299446913,43.0719019,141.5061316,,surface,private,
way/299451084,43.077987,141.5114927,,surface,,
way/300013359,43.0696723,141.3441721,,surface,customers,
way/300013361,43.0698669,141.3442922,,street_side,,
way/300013557,43.0700529,141.3438728,,street_side,,
way/300017669,43.0701406,141.3403412,,surface,,6
way/301205861,43.0699309,141.341863,,,,
way/301205985,43.0731414,141.3418286,,,,
way/303284655,43.072337,141.3468633,,surface,,
way/303444026,43.0840169,141.338464,,surface,private,11
way/303444218,43.0825886,141.3384197,,surface,private,14
way/303444574,43.0817563,141.341386,,surface,,
way/303444990,43.0786743,141.3444414,,surface,,
way/303445527,43.0789714,141.343949,,surface,,
way/308712905,42.9997373,141.3425374,,surface,,
way/309521994,43.0709315,141.3468707,,surface,,
way/309523045,43.0709354,141.3470267,,surface,,1
way/309525721,43.0727045,141.3413328,理学部7号館車いす使用者用駐車場,,,１
way/309525782,43.0732347,141.3413739,"理学部3,4号館車いす使用者用駐車場",,,1
way/309525791,43.0718708,141.343182,,,no,2
way/309525805,43.0729903,141.340895,,,,2
way/309526236,43.0725875,141.3429916,,surface,permit,2
way/309928201,43.0772193,141.3023767,,multi-storey,,
way/311861438,43.1786872,141.3002361,,surface,destination,
way/312876835,43.0791023,141.2881519,,surface,,
way/312878023,43.0551016,141.2512704,,surface,private,
way/314942173,43.0740309,141.3002517,,surface,,
way/314942176,43.07647,141.3021771,,surface,,
way/314942177,43.0761994,141.3021396,,surface,,
way/314942179,43.0764023,141.301067,,surface,private,
way/314942180,43.0749514,141.3012385,,surface,,
way/314942181,43.0763082,141.3012337,,surface,permissive,
way/314942182,43.0748021,141.3011197,,surface,,
way/314942183,43.0736302,141.2992459,,surface,,
way/314942185,43.0755206,141.2989503,,surface,,
way/314942186,43.0735054,141.2993894,,surface,,
way/314942187,43.0750869,141.3027411,タイムズ,surface,,12
way/314942188,43.0775186,141.3026379,,surface,,
way/314942189,43.0775043,141.3039737,,surface,,
way/316775196,43.0774641,141.3411623,,surface,private,1
way/316775362,43.0759851,141.3408541,,surface,,1
way/318062008,43.0707282,141.3409618,,surface,,2
way/326859953,43.0583246,141.509064,,,,
way/326886239,43.0437468,141.5352031,,,,
way/327011402,43.0728271,141.4981688,,,,
way/327028708,43.0577459,141.4857435,,,,
way/327516281,43.0654622,141.4886732,,,,
way/327516294,43.0664666,141.4897049,,surface,customers,
way/327516295,43.066174,141.4901504,,,,
way/327522418,42.9393648,141.3420913,第1駐車場,surface,customers,
way/327522420,42.9376659,141.3402536,第2駐車場,surface,customers,
way/327525997,43.0754998,141.4928369,,,,
way/327525998,43.074867,141.4942294,,,,
way/327551311,43.0474593,141.4805791,,surface,customers,
way/327551334,43.0477843,141.4785321,,multi-storey,,
way/327551369,43.0405407,141.4743969,,,,
way/327551372,43.0365467,141.4734346,,,,
way/328086930,43.0606478,141.4848568,,,,
way/330327373,43.0678106,141.3268748,,multi-storey,private,
way/331324625,43.055729,141.320962,Times,surface,,19
way/331325958,43.0566609,141.3248922,,,,
way/331328036,43.055295,141.3268413,パークネット札幌南２西２０第,surface,,12
way/331944264,43.054881,141.3165949,,multi-storey,,
way/339079982,43.1001722,141.5462973,,,,
way/339479136,43.0582392,141.3227948,パークネット,surface,,14
way/339696300,43.056272,141.3170119,,,,
way/339699458,43.0593165,141.3252521,Times,surface,,28
way/341076806,43.0628174,141.3234896,,surface,,
way/341164660,43.1451803,141.1328434,スノークルーズオーンズ駐車場,,,
way/341928385,43.0785958,141.3533896,,surface,,
way/341928388,43.0767041,141.355435,タイムズ,surface,,27
way/341928389,43.0887288,141.3498065,,surface,customers,
way/341928390,43.0876772,141.349781,タイムズ,surface,,30
way/341928392,43.069604,141.3501584,,,,
way/341928583,43.0661958,141.3571445,,multi-storey,,
way/342412937,43.0653922,141.3184644,,surface,,
way/342422672,43.08476,141.2050578,,,,
way/342711208,43.0757833,141.5115164,,surface,private,1
way/344190956,43.0449143,141.5423361,,,,
way/344396843,43.058147,141.339044,,surface,,9
way/344396844,43.0576239,141.3391748,Times,surface,,8
way/344396845,43.057581,141.3404924,Times,surface,,7
way/344396847,43.054964,141.3387665,タイムズ,surface,,13
way/344396848,43.0575053,141.3359815,Times,surface,,15
way/344396849,43.0585843,141.332616,Times,surface,,44
way/344398018,43.0548239,141.3246554,タイムズ,surface,,13
way/344398020,43.0546005,141.3217833,タイムズ,surface,,29
way/344398804,43.0617963,141.3206021,Times,surface,,7
way/344398805,43.0615021,141.324672,タイムズ北3西20,surface,,7
way/344408598,43.0568795,141.3358224,三井のリパーク,surface,,3
way/344408600,43.0569088,141.3356343,三井のリパーク,surface,,12
way/344408601,43.0568221,141.3339689,三井のリパーク,surface,,18
way/344408602,43.0566546,141.3296969,三井のリパーク,surface,,11
way/344408603,43.0567087,141.3256131,三井のリパーク,surface,,6
way/344408604,43.0557881,141.3214167,,,,
way/344408605,43.0559267,141.3224498,三井のリパーク,surface,,9
way/344411833,43.0585304,141.3289052,三井のリパーク,surface,,13
way/344411834,43.0587147,141.3231351,三井のリパーク,surface,,17
way/344686696,43.0688066,141.5009536,,surface,,
way/344687469,43.0678014,141.5016804,,,,
way/344921851,43.0751374,141.5138043,,surface,,
way/344921852,43.0743293,141.5099627,,surface,private,
way/344951847,43.071726,141.5099707,,surface,no,
way/344951851,43.0715803,141.5101555,,surface,no,
way/344951858,43.0755374,141.5118683,,surface,private,
way/345019937,43.0041042,141.4607813,,surface,,
way/346108300,43.076699,141.3648452,,,,
way/346108301,43.0744032,141.3608962,,surface,customers,
way/346108303,43.0734363,141.3639121,,,,
way/346108307,43.0772943,141.3650759,,,private,
way/346108309,43.0739736,141.3584954,,,,
way/346108310,43.0735389,141.3610508,,,customers,
way/346108312,43.0761682,141.3649837,,,private,
way/346108313,43.0733569,141.3602125,,,customers,
way/346108374,43.0721747,141.3574722,,,,
way/346583967,43.0537922,141.3333324,,,,
way/346583969,43.038088,141.34362,,,customers,
way/346583970,43.040026,141.3441816,,,,
way/346583972,43.0437921,141.3434724,,surface,customers,
way/346583973,43.029582,141.3432135,,,,
way/346583974,43.049941,141.3384236,,surface,,
way/346583975,43.0505174,141.339292,,,,
way/346583977,43.0457643,141.3443618,あけぼのアート＆コミュニティセンター パーキング,surface,customers,
way/346583979,43.0655792,141.335593,,,private,
way/346583981,43.0490115,141.3493989,,,customers,
way/346583983,43.0501069,141.3384879,,surface,,
way/346584064,43.0326448,141.3496422,,surface,customers,
way/349492671,43.0583147,141.3100022,,,,
way/352070816,43.0506123,141.3049398,円山公園第1駐車場,multi-storey,,
way/352271917,43.0479407,141.3525592,カービスパーク 南9西5,surface,customers,7
way/352294253,43.0534064,141.347719,タイムズ南５西７,surface,,7
way/352327529,43.0506888,141.3453248,,surface,,
way/352327580,43.0497583,141.3441668,,surface,private,
way/352330029,43.0421341,141.3527644,,,,
way/352330036,43.0429583,141.3514088,,surface,,
way/352333311,43.0493088,141.3430929,Dパーキング 南八条西10丁目第1,surface,customers,
way/352426353,43.0527463,141.3161305,,,,
way/352426354,43.0527677,141.3156178,,,,
way/352427109,43.0542848,141.3042265,,,,
way/352428866,43.0544691,141.3157309,,,,
way/352428867,43.0546937,141.3154475,,,,
way/352428868,43.0549014,141.3150289,,,,
way/352428869,43.0550095,141.3152106,,,,
way/352430138,43.041597,141.3501996,,surface,private,
way/352430180,43.0480611,141.3479805,,surface,customers,
way/352430222,43.0479865,141.3467351,,surface,customers,
way/352442632,43.0460941,141.3465665,スカイパーク 南10条西8丁目,surface,customers,
way/352446276,43.0439024,141.34759,タイムズ 南１２西８,,,17
way/352462971,43.0706818,141.5318629,,surface,,
way/352462972,43.0705136,141.5327414,,surface,,
way/352462974,43.0703005,141.5375118,,surface,,
way/352462988,43.069744,141.5417659,,surface,,
way/352462999,43.0699709,141.5426611,,surface,,
way/352463013,43.0731808,141.5440672,,surface,,
way/352468786,43.0654839,141.5327578,,surface,,
way/352468793,43.021653,141.5237344,,surface,,
way/352470682,43.0733692,141.5061804,,surface,permissive,
way/352470692,43.0737894,141.4961485,,multi-storey,,
way/352784616,43.0612608,141.4773406,どんぐり第一駐車場,surface,,
way/352784625,43.0517954,141.485242,,,,
way/352784626,43.0523133,141.4858623,,surface,customers,
way/352827720,43.1400041,141.3420474,,,customers,
way/352834698,43.148288,141.3330409,,,,
way/352910692,43.0538306,141.4847017,,surface,customers,
way/352917310,43.0480927,141.4808962,,surface,customers,
way/355651734,43.061651,141.3107969,Times,surface,,19
way/356878244,43.0655576,141.3137394,,surface,,
way/361024949,43.0696321,141.5977099,,,,
way/363838595,43.0097507,141.468235,,,,
way/363838693,43.006656,141.4698778,,,,
way/363852939,42.9753675,141.5626797,コープさっぽろエルフィン店駐車場,,,
way/363852940,42.9761616,141.562586,東光ストア駐車場,,,
way/363854012,42.9791064,141.5659581,芸術文化ホール駐車場,,,
way/363854014,42.9869834,141.5623969,,,,
way/365652438,43.0699183,141.5012919,,surface,,
way/365652439,43.0698157,141.4999651,,surface,,
way/366427872,43.7707332,141.5105326,,surface,yes,
way/370171796,43.0910144,141.2948018,,surface,private,
way/370171797,43.0903646,141.2942988,,surface,customers,
way/374297568,43.0720987,141.2991024,,multi-storey,,
way/374823384,43.0795907,141.3088455,琴似商店街第一駐車場,multi-storey,,430
way/375026093,43.069072,141.5998345,,,,
way/377704346,43.0383826,141.3134365,,,,
way/378063418,43.0534783,141.3483244,三栄パーキング,,,
way/378063421,43.0538569,141.3470673,三井のリパーク,surface,,14
way/378063426,43.0529691,141.348665,三井のリパーク,surface,,19
way/378063452,43.0534877,141.3500441,,surface,,
way/378063453,43.0535199,141.3503355,,surface,,
way/378064730,43.05416,141.3492766,三井のリパーク,surface,,55
way/378064732,43.0546536,141.3490855,タイムズ,multi-storey,,426
way/378089685,43.0757995,141.3421954,,surface,private,
way/378089686,43.0756404,141.3422563,,surface,private,
way/378090793,43.075162,141.3440835,,,,32
way/378090842,43.0749019,141.3429885,,,,
way/378090861,43.0753711,141.3426556,,,,
way/378091055,43.0753695,141.3421592,,,,
way/378626166,42.9782908,141.467434,,surface,,
way/378847748,43.0544666,141.3566563,,surface,,
way/378852447,43.0548305,141.3579924,,,,
way/378853039,43.0533599,141.3574087,,surface,customers,10
way/378854690,43.0512158,141.3574183,観光バス待機場,surface,,
way/378856576,43.0526821,141.357102,,surface,,
way/379021241,43.0522535,141.3572137,タイムズ,surface,,8
way/379022482,43.0527462,141.3554505,,surface,,
way/379026674,43.0518742,141.3548525,,surface,,
way/379026697,43.051405,141.3551126,ジャスマックプラザ 従業員専用駐車場,surface,customers,
way/379026708,43.0509301,141.3547533,,surface,customers,
way/379033017,43.0508744,141.3565348,パラカ,surface,yes,23
way/379033026,43.0503223,141.3560847,タイムズ,surface,,7
way/379033028,43.0505417,141.3558705,,,,
way/379033030,43.0506897,141.3552684,,surface,yes,
way/379033031,43.0508757,141.355274,,street_side,,
way/379035857,43.0492699,141.3555062,パークネット,surface,,38
way/379035858,43.049779,141.3552697,パークネット,surface,,14
way/379044871,43.131741,141.2432731,,,,
way/379046723,43.155729,141.2927072,,,,
way/379047927,43.1705139,141.3163643,,surface,,
way/379083271,43.0830623,141.3375062,,surface,private,13
way/379471623,43.0517095,141.3937734,,surface,,
way/379471625,43.0544983,141.3755334,,surface,,
way/379471627,43.0533881,141.3982549,,surface,,
way/379471628,43.1128779,141.5526155,,surface,,
way/379471629,43.0497943,141.378848,,surface,customers,
way/379471630,43.1124194,141.5533905,,surface,,
way/379471633,43.053211,141.3779526,,surface,customers,
way/379917723,43.0281042,141.3396139,,surface,customers,
way/380071042,43.0278734,141.3505927,,surface,customers,
way/380092209,43.0523904,141.3536886,,surface,customers,
way/380092813,43.0517854,141.3539854,,surface,,
way/380159679,43.0378216,141.3536079,タイムズ 南１７西５,surface,customers,14
way/380321859,43.0500685,141.3544566,タイムズ,surface,,23
way/380326805,43.0526012,141.3514459,タイムズ,surface,,53
way/380328055,43.0513627,141.3526191,三井のリパーク,surface,,7
way/380328430,43.0509917,141.3521866,,,,
way/380329679,43.0499457,141.3521861,,multi-storey,,
way/380332445,43.0523247,141.3501183,タイムズ,surface,,122
way/380351481,43.0497528,141.350075,パークネット,surface,,8
way/380351495,43.0489297,141.3515111,三井のリパーク,surface,,6
way/380356989,43.0492401,141.3478319,スミタス 南8条西8丁目①,surface,customers,
way/380356990,43.0493817,141.3477504,スミタス 南8条西8丁目②,surface,customers,
way/380368361,43.0517282,141.3459908,パークネット,surface,,8
way/380368362,43.0504678,141.3438233,,surface,customers,
way/380547231,43.0347304,141.3504438,N・Kパーキング 南19西7,surface,customers,
way/380547273,43.0347192,141.3502876,N・Kパーキング 南19西7,surface,customers,
way/380584935,43.04959,141.3452105,タイムズ,surface,,3
way/380778620,43.0343908,141.3460688,三井のリパーク 札幌南１９西９,surface,customers,6
way/380778638,43.0344684,141.3463446,レックス 南19西9 パーキング,surface,customers,9
way/380778707,43.0343871,141.3462209,南19西9 パーキング,surface,customers,3
way/380979256,43.0524173,141.3351825,タイムズ,surface,,11
way/380981201,43.0532671,141.335132,タイムズ,surface,,16
way/381477171,43.053603,141.3282256,,surface,customers,
way/381479970,43.0538351,141.3293109,,surface,customers,
way/381723919,43.0207367,141.422685,,surface,customers,
way/381727916,43.0387968,141.3296286,ノルテパーク南14西18,surface,customers,
way/381727982,43.0396434,141.3320554,レックス 南15西17 第4 パーキング,surface,customers,4
way/382185195,43.0224358,141.4233188,,surface,customers,
way/382191243,43.0170347,141.4270355,,surface,customers,
way/382209432,43.0510075,141.3338461,,surface,customers,
way/382210773,43.0517982,141.3329197,,surface,private,
way/382237208,43.0405437,141.3285585,,,,
way/382246502,43.0511754,141.3259606,,surface,customers,
way/382247349,43.0509252,141.3252713,,surface,customers,
way/382253220,43.0508413,141.3420541,,surface,customers,
way/382254168,43.0501482,141.3413559,,multi-storey,,
way/382254838,43.0501622,141.3414404,,,customers,
way/382454404,43.0497963,141.3391643,タイムズ,surface,,5
way/382680560,43.0502989,141.3363081,,surface,private,
way/382682277,43.0481768,141.3357203,,,,
way/382864510,43.0150237,141.4263433,豊平区体育館駐車場,surface,customers,
way/382881240,43.0501748,141.3346417,,,customers,
way/382955664,43.0377667,141.3357942,レックス 南16西15 パーキング,surface,customers,25
way/382955732,43.0390467,141.3361393,,garage_boxes,no,1
way/382955733,43.0384768,141.3339987,,surface,customers,
way/383204936,43.0504964,141.3275375,,,customers,
way/383204937,43.0503733,141.3286204,,,customers,
way/383208892,43.0469715,141.3232671,,,customers,
way/383208894,43.0466299,141.3232413,,,customers,
way/383209893,43.0455673,141.3230691,,surface,customers,
way/383209897,43.0465133,141.3221104,,surface,customers,
way/383384937,43.0366621,141.3124841,旭山記念公園 第2駐車場,surface,,
way/383442945,43.0362334,141.3484132,,surface,customers,
way/383471064,43.0371987,141.3476889,,surface,private,
way/383588638,43.0378923,141.3468506,,surface,,
way/383588746,43.0401697,141.3468199,,surface,private,
way/383588755,43.039631,141.3485344,,surface,customers,
way/383588816,43.0384967,141.3462421,,surface,private,
way/383588874,43.0376475,141.3441931,,,,
way/383588925,43.039556,141.3470591,月極駐車場,surface,customers,
way/383867238,43.0411682,141.3344802,ネクステップ 南14西16 パーキング,surface,customers,
way/383971860,42.991638,141.4387079,,surface,,
way/384000812,43.0433159,141.3207443,,surface,customers,
way/384327390,43.0112759,141.4225345,つきさむ温泉駐車場,surface,customers,
way/384328782,43.0117057,141.4216948,つきさむ温泉第2駐車場,surface,customers,
way/384336902,43.0431424,141.3358109,,,,
way/384391972,43.0466792,141.344898,,surface,customers,
way/384489113,43.0443578,141.3400306,,,,
way/384489115,43.0437366,141.3362525,ユニカ 南12西14,surface,customers,
way/384489123,43.0469194,141.3358635,,surface,,
way/384489270,43.0443846,141.342241,,,,
way/384499785,43.0452063,141.3412228,三井のリパーク 札幌南１１西１２第２,surface,customers,10
way/384499893,43.0480145,141.3390293,タイムズ南９西１３第２,surface,customers,16
way/384499902,43.0459869,141.3397562,,surface,private,
way/384541928,43.0408883,141.3271037,,,customers,
way/384584817,43.0255598,141.3777791,タイムズ平岸 ５・１３,surface,yes,8
way/384662501,43.0250359,141.38444,月極駐車場,surface,,14
way/384836241,43.026477,141.3817011,トヨタレンタカーリース新札幌 豊平区役所羊ケ丘通店 専用駐車場,surface,customers,
way/384837124,43.0244317,141.3831517,北海道整形外科記念病院 第二駐車場,surface,customers,39
way/384993719,43.0309484,141.3602713,,surface,customers,
way/385111937,43.0174361,141.4224132,,surface,customers,
way/385113776,43.0180184,141.4218172,,surface,,
way/385113777,43.0183228,141.4202174,,,private,
way/385253846,43.036865,141.3576893,,surface,customers,
way/385253965,43.0378033,141.3591435,シーパーク中の島,surface,customers,
way/385713026,43.0788635,141.5389352,,surface,,
way/386277102,42.900136,140.750343,,,,
way/386277103,42.9001698,140.7518622,,,,
way/386281559,42.9071981,140.7679956,,,,
way/386281560,42.9079457,140.7688017,,,,
way/386281561,42.908018,140.7694393,,,,
way/386389226,43.167527,141.3972559,,surface,,
way/386389239,43.1681141,141.3917292,,surface,,
way/386389242,43.1679927,141.3987204,,surface,,
way/386394340,43.0319612,141.369123,三井のリパーク,surface,,14
way/387129553,43.0132379,141.4180637,,surface,customers,
way/387181384,43.0531368,141.3840527,,multi-storey,private,
way/387758843,43.0449008,141.3435746,,surface,customers,
way/387835140,43.0421063,141.3659119,,surface,private,
way/388258835,43.0502125,141.3666795,,multi-storey,private,
way/389130008,43.0434966,141.3254877,,surface,customers,
way/389130009,43.0439413,141.3253496,,surface,customers,
way/389131168,43.043323,141.3516401,三井のリパーク 札幌南13西6,surface,,6
way/389132876,43.0439425,141.3481903,パークネット札幌南１２西８,surface,,5
way/389132886,43.0467603,141.3502454,花の八幡屋 駐車場,surface,customers,
way/389135745,43.0412088,141.3463158,,,customers,
way/389136419,43.0431159,141.3466616,パークネット,surface,,14
way/389136420,43.0439743,141.344963,パークネット,surface,,12
way/389136746,43.0440162,141.3434295,,,customers,
way/389172796,43.0434454,141.3425286,,,customers,
way/389211234,43.0405423,141.3375495,,surface,customers,
way/389226682,43.0952456,141.2751917,,surface,customers,10
way/389309088,43.0415816,141.335932,,surface,customers,
way/389309091,43.0405954,141.3355958,,,customers,
way/389329356,43.0379636,141.347953,,surface,customers,
way/389338760,43.0399448,141.3426814,,,private,
way/389345443,43.0394795,141.3368703,,,customers,
way/390345923,43.055637,141.3299247,第3駐車場,surface,,
way/390374520,43.0363658,141.3341165,,surface,,
way/390376353,43.0381908,141.3545292,パークネット,surface,,6
way/390446981,43.0355134,141.3448181,,,customers,
way/390446982,43.0344109,141.3446724,,surface,customers,
way/390547963,43.0314569,141.3473173,,,customers,
way/390547964,43.0312528,141.3471216,タイムズ,surface,,24
way/390739296,43.0338548,141.3452806,,,customers,
way/390739299,43.0310214,141.3460066,,surface,customers,
way/390743606,43.0333466,141.3442562,,,customers,
way/390743607,43.0319267,141.3444756,ネクステップ 石山通 パーキング,surface,customers,
way/390743608,43.0313515,141.3445772,タイムズ,surface,,11
way/390743609,43.0303135,141.3437143,タイムズ,surface,,65
way/390778717,43.0307918,141.3417218,,,customers,
way/390785224,43.0323726,141.3333645,,,customers,
way/391693185,43.0301196,141.3412029,,surface,customers,82
way/391696579,43.025546,141.3401635,,surface,customers,
way/392780280,43.0188775,141.3469061,,,customers,
way/393216701,43.0188384,141.3446925,,,,
way/393216722,43.0182431,141.3461205,,surface,,
way/394898937,43.0287097,141.4356265,,surface,customers,
way/394898941,43.0298023,141.4356549,タイムズ,,,
way/394898944,43.0289831,141.4354616,,surface,customers,
way/394898946,43.0296867,141.4360769,タイムズ,,,
way/395586735,43.0102996,141.3456599,,,customers,
way/398985932,43.0713829,141.3566214,代々木セミナー男性寮使用,surface,private,
way/398985934,43.0715711,141.3571024,Monthly Parking,surface,,
way/399000406,43.0286296,141.4328865,,surface,,
way/399000407,43.0303583,141.4370156,,,permissive,
way/399000409,43.0282435,141.4343242,,surface,,
way/400531551,43.0048456,141.3431566,,surface,customers,
way/401544489,42.9902605,141.3531186,,,,
way/401544491,42.9894871,141.3548247,,surface,customers,
way/401544492,42.9895644,141.3532871,,,,
way/401544493,42.9903687,141.35195,,,,
way/401544520,42.9902919,141.3537328,,,,
way/402340540,43.0173106,141.3552829,,,customers,
way/403032372,43.0181222,141.3664718,タイムズ,surface,,14
way/403624399,43.0280477,141.4380051,,,,
way/403624400,43.028084,141.4389195,,,,
way/403624401,43.0288461,141.4396185,,surface,customers,
way/403975012,43.015811,141.3667667,タイムズ,surface,,87
way/404020221,43.0148206,141.3665637,,surface,,
way/404228375,43.1211725,141.4291091,,,unknown,
way/404674613,43.03928,141.4268747,,,,
way/404831675,43.0187496,141.4154581,,,residents,
way/404831676,43.0194896,141.4152905,,,restricted,
way/404859570,43.0323809,141.2749347,,surface,customers,
way/404859572,43.0307668,141.2781953,第1 駐車場,surface,customers,
way/404859575,43.0324773,141.2761742,第2 駐車場,surface,customers,
way/404859576,43.0317281,141.2769675,第3 駐車場,surface,customers,
way/404859577,43.0304784,141.2837595,第4 駐車場,surface,customers,
way/405108964,43.0161019,141.415641,,surface,private,
way/405108969,43.0165191,141.4151906,,surface,private,
way/405110211,43.0166812,141.4149228,,,,
way/405110215,43.0165643,141.4137391,,,,
way/405110218,43.0173928,141.4131711,,,no,
way/405110219,43.0154832,141.4147509,,surface,,
way/405110221,43.0160384,141.4134375,,,customers,
way/405110224,43.0157067,141.4138573,,surface,customers,
way/405110225,43.0173139,141.4135051,,,residents,
way/406524467,43.0257472,141.3572332,,surface,customers,264
way/408494649,43.0122349,141.3740891,,surface,customers,
way/408621509,43.0245891,141.4206322,,,,
way/408780633,43.0870623,141.3498618,,,customers,
way/408783267,42.96944,141.4704079,,surface,,
way/408783537,42.97184,141.4733528,,,,
way/408783661,42.9728554,141.4735103,,,,
way/408783971,42.9712976,141.4681557,,,,
way/409047122,43.0250142,141.4260139,,,private,
way/409053536,43.0277391,141.4227429,,,,
way/409053540,43.027326,141.4224551,,,,
way/409054805,43.0294976,141.4247865,,,,
way/409054806,43.0266414,141.4221663,,,,
way/409054808,43.0273943,141.4234864,,,,
way/409054809,43.0292894,141.4245677,,,residents,
way/409188490,43.0087891,141.3786964,,surface,customers,
way/409242978,43.0261371,141.4329845,,surface,customers,
way/409255291,43.0288561,141.4259637,,surface,customers,
way/409536484,43.0286719,141.4315831,,,private,
way/409536485,43.0294846,141.4326338,,surface,residents,
way/409536486,43.031721,141.4305303,,,,
way/409536487,43.0306879,141.4326863,,,residents,
way/412506056,42.9793953,141.4915943,,,,
way/412506057,42.9786665,141.4937672,,,,
way/412579223,43.00559,141.3651991,札振自衛隊前駐車場,surface,,48
way/413109808,43.0194718,141.4195785,,surface,customers,
way/415410746,42.9676889,141.3902927,,,customers,
way/415418124,42.9884942,141.3797675,,,,
way/415668191,42.9978462,141.3434273,,surface,,
way/415669786,43.0028753,141.347976,,multi-storey,,
way/416498196,43.0011098,141.3454532,,surface,,
way/416508905,43.0158859,141.435064,,surface,customers,
way/417260194,43.0133838,141.4313035,,surface,customers,
way/417260198,43.0121265,141.4340384,,surface,customers,
way/417260201,43.0134994,141.4310826,,surface,customers,
way/418425870,42.9936228,141.3501046,,,customers,
way/418958807,43.0318025,141.4254437,,,,
way/418958822,43.0307882,141.4281724,,multi-storey,customers,
way/418963457,43.0295976,141.4251865,,,customers,
way/419724332,43.7806198,141.569164,,,,
way/422891679,42.9283947,141.3741354,,,,
way/422891681,42.9278261,141.3708413,,,,
way/422891692,42.9307467,141.3845387,,,,
way/422891695,42.926441,141.384068,,,,
way/422891916,42.9280508,141.3760822,,,,
way/422892322,42.9246271,141.374755,,,,
way/422892723,42.9253195,141.3788477,,,,
way/422892727,42.9249825,141.3715605,,,,
way/422926576,43.0964571,141.5321618,,surface,private,
way/422927391,43.0961767,141.5328011,,surface,,
way/422927395,43.0962666,141.5317807,,surface,private,
way/422927397,43.0959228,141.5328243,,surface,permissive,
way/422927406,43.0954036,141.5311588,,,,
way/423377624,42.9945195,141.3383399,,,,
way/425035421,42.9825233,141.3388997,藻南公園駐車場,,,
way/425035425,42.9814686,141.3433022,,,,
way/425874124,42.9702712,141.3431686,,,,
way/426070617,43.0895336,141.5302503,,,,
way/426070618,43.0899268,141.5296991,,,,
way/426070619,43.0889587,141.5302726,,,,
way/426070620,43.089283,141.5313772,,,,
way/426072378,43.0902082,141.5296019,,,,
way/426072379,43.0900095,141.5293324,,,,
way/426076079,43.0920775,141.5214339,,,,
way/426076083,43.0914709,141.5227666,,,,
way/426076085,43.092923,141.5207903,,,,
way/426076086,43.0919264,141.5230055,,,,
way/426076088,43.0915785,141.5223959,,,,
way/426078864,43.0943077,141.5246237,,,,
way/426078865,43.094331,141.52495,,,,
way/426078867,43.0939461,141.5244894,,,,
way/426078868,43.0933624,141.5231274,,,,
way/426078869,43.0923998,141.5230528,,,,
way/426079244,43.0944949,141.5229388,,,,
way/426079581,43.0932222,141.5332139,,,,
way/426079582,43.0938062,141.5330653,,,,
way/426079583,43.0944653,141.533519,,,,
way/426079584,43.0935014,141.5328128,,,,
way/426079585,43.0937993,141.5321593,,,,
way/426079586,43.0939625,141.5333717,,,,
way/426087518,43.0968526,141.5293789,,surface,customers,
way/426087519,43.0969762,141.5298619,,,,
way/426087520,43.0965042,141.5290641,,surface,customers,
way/429018907,43.0917113,141.5188579,,,,
way/429018908,43.0928672,141.5196012,,,,
way/429018909,43.0927251,141.5202202,,,,
way/429018910,43.0914837,141.5184726,,,,
way/429025423,43.0940329,141.5223553,,,,
way/429027561,43.0952488,141.5225171,,surface,,
way/429027562,43.0952541,141.5210813,,,,
way/429028484,43.0927791,141.5262583,,,,
way/429045305,43.105963,141.321615,,,,
way/429226843,42.9728956,141.1657173,,,,
way/429226846,42.9625328,141.157574,,,customers,
way/429226847,42.9631689,141.1586297,,,customers,
way/429226858,42.9655213,141.1635142,,,,
way/429226859,42.9655076,141.1651288,,,,
way/429226862,42.9669356,141.1697848,,,customers,
way/429229754,42.9828898,141.1566679,,,,
way/429229758,42.9823466,141.1584807,,,,
way/429229764,42.9730802,141.1588372,,,,
way/429230107,42.959255,141.1579153,,,,
way/429652759,43.0906246,141.3449526,タイムズ,,,
way/429787166,43.2515316,141.5741238,,,,
way/430495150,42.9547721,141.278673,,,,
way/430495151,42.9542328,141.2800507,,,,
way/430502594,43.0125506,141.3335404,,,,
way/430881106,42.9430496,141.3496022,,,,
way/431111507,43.0195535,141.352104,,,,
way/431111509,43.0209161,141.3512436,,,,
way/431112976,43.0251124,141.3523501,,surface,customers,
way/431117911,43.0433312,141.3586884,,surface,,
way/431121968,43.0485349,141.3590671,,surface,customers,
way/431604535,43.0719895,141.3754298,,surface,private,
way/431604536,43.0717513,141.3749926,,surface,private,
way/431606163,43.0704468,141.3724696,,surface,private,
way/431610545,43.0672907,141.3743589,,surface,private,
way/431610546,43.0674932,141.3751618,,surface,customers,
way/431610547,43.0687053,141.3787201,,surface,permissive,
way/431610548,43.0672299,141.3747083,,surface,permissive,
way/431610549,43.0680013,141.3744656,P.ZONE,surface,yes,
way/431617071,43.0584946,141.3475177,サントー1・7パーキング,surface,yes,
way/431617075,43.0587302,141.3481379,三井のリパーク,surface,,12
way/432081527,43.1189322,141.3683502,,,,
way/432353875,43.1116165,141.3542299,,,,
way/432503675,42.9259586,141.3364692,,,,
way/432509812,42.9054564,141.3310605,,,,
way/432510228,42.9069291,141.3519648,,,,
way/432823522,43.0315893,141.4188395,,,,
way/432837616,43.0086211,141.4273491,札幌緑愛病院 駐車場,,customers,
way/432837780,43.0142409,141.4277669,豊平区体育館臨時駐車場,surface,customers,
way/432837782,43.0139258,141.4287693,,surface,customers,
way/432971006,42.970867,141.333589,,,customers,
way/432971014,42.9714759,141.3344019,,,private,
way/432971015,42.9718159,141.3347773,,,private,
way/432971038,42.9801576,141.3370765,,,,
way/432971766,42.9753561,141.3364353,,,customers,
way/432971801,42.9734933,141.3355274,,,private,
way/432971803,42.9730973,141.3349216,,,private,
way/432971804,42.9729289,141.335574,,,private,
way/432971806,42.9727154,141.3347206,,,private,
way/432971807,42.9725492,141.3353687,,,private,
way/432971809,42.972333,141.3345297,,,private,
way/432976746,42.9741608,141.3361474,,,private,
way/432976750,42.9739244,141.33526,,,private,
way/432976751,42.9744064,141.3352504,,,private,
way/432977134,42.9732798,141.3334964,,,,
way/432977147,42.9770937,141.3371006,,,,
way/432977150,42.976304,141.33704,,,,
way/432977159,42.9775362,141.3372231,,,private,
way/432978774,42.9812219,141.335668,,,customers,
way/432978776,42.9823408,141.3359753,,,customers,
way/432978777,42.9826807,141.3362911,,,customers,
way/432978820,42.9835894,141.3356579,,,,
way/432978821,42.9838439,141.3356632,,,,
way/432978823,42.9851455,141.3356216,,,,
way/432978826,42.9855142,141.3354842,,,,
way/432979875,42.9915575,141.3333068,地下駐車場,,,
way/432979877,42.9954563,141.3363257,,,,
way/432979914,42.9982191,141.3358008,,,,
way/432983031,42.9932208,141.3346998,,,,
way/432983041,42.9946064,141.3319391,,,customers,
way/432983043,42.9948778,141.3313718,,,customers,
way/432983045,42.9932177,141.3316037,,,customers,
way/432984519,42.9812034,141.3366107,,,,
way/432984526,42.9808992,141.3370542,立体駐車場,,,
way/432984527,42.9809233,141.3365563,,,,
way/432984530,42.9801377,141.3373247,立体駐車場,,,
way/432984535,42.9757093,141.3354686,,,,
way/432988858,43.0299806,141.4380486,,,customers,
way/432988860,43.029871,141.4377377,,,,
way/432988861,43.0317435,141.4382638,,,,
way/432992067,42.9823471,141.3419796,,,,
way/432992068,42.9820083,141.3422726,,,,
way/432992071,42.9770988,141.3433734,,,,
way/432992074,42.9733042,141.3393685,,,,
way/432992079,42.9735575,141.340362,,,,
way/432992671,42.9659735,141.322477,,,,
way/433213241,43.0001702,141.3377197,,,,
way/433213243,43.0001934,141.3369505,,,,
way/433213245,43.0002367,141.3390164,,,,
way/433213252,42.9994717,141.3388542,,,,
way/433213255,42.9990586,141.3383941,,,,
way/433213256,42.9990187,141.338024,,,,
way/433213259,42.9979444,141.3374184,,,,
way/433213263,42.996326,141.3363647,,,,
way/433213268,42.9978995,141.3343019,,,,
way/433213278,42.998812,141.3330729,,,,
way/433213280,42.9982884,141.3326297,,,,
way/433213281,42.9997986,141.333551,,,,
way/433213283,43.0008489,141.3362302,,,,
way/433213290,43.0005606,141.3345362,,,,
way/433213293,43.0006144,141.334671,,,,
way/433215478,42.9672126,141.2823438,,,,
way/433217115,42.968132,141.2824155,,,,
way/433217483,42.9687358,141.2831284,,,,
way/433217494,42.967293,141.2818434,,,,
way/433219132,42.9690896,141.2797309,,,,
way/433221005,42.9708597,141.2884889,,,,
way/433226244,42.9606105,141.3148537,,,customers,
way/433226253,42.9593343,141.3151344,,,,
way/433226259,42.9602218,141.3132274,,,,
way/433226265,42.9612462,141.3107356,,,customers,
way/433226266,42.9613449,141.310223,,,customers,
way/433226275,42.9615292,141.3105066,,,customers,
way/433226283,42.9618002,141.3046438,,,customers,
way/433226286,42.9619661,141.3009999,,,customers,
way/433226287,42.9629975,141.3030769,,,customers,
way/433226309,42.9609078,141.3048517,,,customers,
way/433257223,43.0059284,141.4309052,タイムズ,,,
way/433786504,42.9653761,141.309698,,,,
way/433786565,42.9660155,141.3057578,,,,
way/433795379,42.9636304,141.3235351,,,,
way/433795381,42.9639263,141.3233364,,,,
way/433795383,42.9638744,141.3238232,,,,
way/433795387,42.9639347,141.324055,石山メディカルビル第一駐車場,,,
way/433795391,42.9645813,141.3247272,石山メディカルビル第二駐車場,,,
way/433795405,42.9643242,141.3253114,,,,
way/433795424,42.9658376,141.3271994,,,,
way/433795432,42.965209,141.3264289,,,,
way/433795442,42.9647648,141.3269453,,,,
way/433795446,42.9644764,141.3270659,,,,
way/433795450,42.9648644,141.3301374,,,,
way/433795452,42.9654218,141.3324745,,,,
way/434276081,42.9080167,141.3688766,,surface,,
way/434276085,42.9066788,141.3687365,,surface,,
way/434292810,42.9055791,141.380499,,,,
way/434295243,42.9166568,141.3899591,東口駐車場,,,
way/434295244,42.920702,141.3864901,中央口駐車場,surface,,
way/434295248,42.9221274,141.383168,渓流口駐車場,,,
way/434299622,42.9132505,141.3922448,,,,
way/434299627,42.9136879,141.3909417,,,,
way/434302508,42.9216535,141.3903196,鱒見口駐車場,,,
way/435079605,42.9572907,141.2384369,,,,
way/435079606,42.9568312,141.2380736,豊滝除雪ステーションＰ,,,
way/435079629,42.9558658,141.2356946,,,,
way/435420072,43.0509543,140.8447448,道の駅あかいがわ,,,
way/435421978,43.0499895,140.8442256,,,,
way/435422023,43.0503418,140.8356331,,,,
way/435422027,43.0492195,140.8354317,,,,
way/435425401,43.0503479,140.8292231,,,,
way/435425425,43.0495299,140.8348977,,,,
way/435425426,43.0498924,140.8348869,,,,
way/435425431,43.0501984,140.8349481,,,,
way/435428411,43.0515227,140.8309852,,,,
way/436077383,43.0284885,141.4415014,,surface,customers,
way/436077384,43.0283193,141.4417555,,surface,customers,
way/436077385,43.0268965,141.4431767,,,,
way/436077387,43.0263263,141.4430661,,,,
way/436077388,43.0267827,141.4418242,,,,
way/436808966,42.9316999,141.1603217,,,yes,
way/436808967,42.9496586,141.1556676,,,customers,
way/437442835,43.0405695,141.427057,,surface,customers,
way/437442836,43.04099,141.4273878,,rooftop,customers,
way/437443407,43.0399122,141.4254951,,surface,,
way/437445569,43.0461547,141.4142514,,surface,,
way/437445573,43.0464786,141.4150247,,surface,permissive,
way/437449188,43.0486233,141.405304,,,,
way/437449547,43.0518047,141.403389,,,customers,
way/437449548,43.0519345,141.4041519,,,customers,
way/438289829,43.0714641,141.3490924,タイムズ,surface,,12
way/438348831,42.9561106,141.1532504,公共駐車場２,,,
way/438348836,42.9565464,141.1541688,,,,
way/438350927,42.9503412,141.1549187,,,,
way/438945229,43.1887928,140.9917144,,surface,,
way/438945234,43.195151,140.9914306,コープさっぽろ駐車場,surface,customers,
way/438945235,43.1950973,140.9909085,,surface,,
way/438945257,43.1986255,140.9934564,,surface,yes,
way/438945260,43.1981321,140.9942046,,surface,private,
way/438945268,43.1973949,140.9958088,,surface,,
way/438945269,43.196272,140.9945398,,surface,yes,
way/438945272,43.236247,141.013591,,surface,customers,
way/438945276,43.2368561,141.0123704,タクシー専用駐車場,surface,private,
way/438945280,43.2367973,141.0120819,,,,
way/438945284,43.236275,141.0099468,,,,
way/438950068,43.2099269,140.9980902,バス専用,surface,,
way/438950074,43.212279,140.9987415,,surface,,
way/438950078,43.2120722,140.9986646,,surface,,
way/438950082,43.2128361,140.9974897,,surface,,
way/438955490,43.2094828,140.9993612,,surface,customers,
way/438955494,43.2101057,141.0002973,,surface,customers,
way/438955511,43.2112111,140.9983112,,surface,,
way/438955513,43.2113912,140.9983939,,surface,,
way/438955568,43.21163,141.0029873,,surface,customers,
way/438955597,43.2086902,140.9992836,,surface,customers,
way/438955604,43.2080686,141.0005537,,surface,customers,
way/438955647,43.2063643,140.9992797,,surface,private,
way/438957869,43.2109627,141.0047456,,surface,,
way/438957871,43.2056512,140.9969428,,surface,customers,
way/438957874,43.2048122,140.997153,,surface,customers,
way/439090044,43.180904,141.0348773,,,,
way/439090045,43.1807315,141.034519,,,,
way/439090046,43.1805401,141.0343222,,,,
way/439090047,43.1804844,141.0354549,,,,
way/439092339,43.1817035,141.0326919,,,,
way/439092342,43.1815535,141.030965,,,,
way/439092375,43.1822083,141.0297337,,,,
way/439092397,43.1852624,141.019946,,surface,,
way/439094170,43.1855439,141.0221256,,,,
way/439094171,43.1860123,141.0225655,,,,
way/439094173,43.1865707,141.0230644,,,,
way/439094180,43.1859423,141.0204709,,,,
way/439094225,43.1871664,141.0180044,,,,
way/439094226,43.1870896,141.0182934,,,,
way/439094227,43.1878765,141.0183247,,,,
way/439094231,43.1861777,141.017634,,,,
way/439094245,43.1850823,141.0152719,,surface,customers,
way/439094246,43.1846252,141.0155161,,,,
way/439094250,43.1838669,141.0159083,,surface,customers,
way/439094252,43.183576,141.015443,,surface,private,
way/439097364,43.1887622,141.0094209,,surface,customers,
way/439097370,43.1888833,141.010072,,surface,,
way/439097380,43.1907964,141.0082486,,surface,yes,
way/439097388,43.1911889,141.0091638,,,,
way/439097397,43.1897075,141.0096351,,surface,,
way/439097402,43.1906528,141.0097335,,,,
way/439098717,43.2020763,141.000873,,surface,private,
way/439189881,42.9664224,141.1611747,,multi-storey,,
way/439431039,43.0655368,141.4994261,,,,
way/439431040,43.0643271,141.5019181,,,,
way/439824314,43.1876395,141.0035265,,,,
way/439824315,43.1873373,141.003555,コープさっぽろ第1駐車場,surface,customers,
way/439824325,43.1871865,141.00394,,,,
way/439825402,42.9964928,141.3223064,,surface,customers,
way/439828827,43.1871662,141.0077662,,surface,,
way/439828860,43.1935708,141.0079692,北一硝子特約駐車場,,,
way/439828867,43.194732,141.006905,観光バス駐車場,,,
way/439828874,43.1912142,141.008116,,surface,private,
way/439828880,43.1927177,141.0072197,,surface,yes,
way/439830104,43.1965261,141.0042054,,,,
way/439830105,43.1967046,141.0037972,,,,
way/439832461,43.0861837,141.5000117,,,,
way/439832462,43.0880728,141.5026987,,,,
way/440457103,43.0609563,141.4767545,どんぐり第二駐車場,,,
way/440457106,43.0613971,141.4949727,,,,
way/440534703,43.0646749,141.4956304,,,,
way/441747759,43.0451325,141.4757903,,,customers,
way/441747760,43.0450161,141.4749165,,,,
way/441748857,43.0464889,141.4774986,,surface,customers,
way/441748858,43.0467536,141.477978,,surface,customers,
way/441760825,43.0515499,141.4836436,,surface,customers,
way/441901065,42.9710549,141.3340083,硬石山起終点待機場,,,
way/441995102,42.9801418,141.3358521,,,customers,
way/442008843,42.9632049,141.3211824,,,customers,
way/442012682,42.9623296,141.319062,,,customers,
way/442689367,42.965348,141.2189002,,,,
way/442778041,43.075075,141.416835,,,,
way/442867915,42.9662398,141.1605652,,,customers,
way/442867916,42.9660451,141.1608139,,,customers,
way/442867917,42.9670771,141.1624915,,surface,customers,
way/442867918,42.9680886,141.1638552,,,customers,
way/442869549,42.9708973,141.1622888,,,,
way/442870453,42.9479706,141.143261,,,,
way/443009352,43.0673716,141.3267453,,surface,private,
way/443044514,43.0206694,141.4059419,,surface,private,
way/443044570,43.0206616,141.4061635,,surface,private,
way/443418834,43.0297927,141.3957713,レックス 月寒中央 第2 パーキング,surface,customers,14
way/443420909,43.0334546,141.3843144,あそぼーぱーきんぐ,surface,customers,
way/443878381,43.0883348,141.5249141,,,,
way/443880595,43.0883034,141.5176521,,surface,customers,
way/443880633,43.0880691,141.5181468,,surface,,
way/443880636,43.0885184,141.5191597,駐車場,surface,,
way/443902365,43.0886864,141.5203108,駐車場,surface,,
way/443903200,43.0888358,141.5183032,,surface,,
way/443903201,43.0893924,141.5178314,,,,
way/443903230,43.0892981,141.5187864,駐車場,surface,,
way/443904492,43.0900458,141.5187689,,surface,,
way/443911345,43.0905701,141.5179088,,,,
way/443911346,43.0907672,141.5200226,駐車場,surface,,
way/443911347,43.0905826,141.5193752,駐車場,surface,,
way/443911354,43.0897527,141.5192939,,surface,customers,
way/444081486,43.0977517,141.5352865,,,,
way/444082835,43.0985374,141.5340339,,,,
way/444082836,43.0975821,141.5339911,,,,
way/444082837,43.0986378,141.5326654,,,,
way/444082865,43.0945972,141.5129496,,,,
way/444090052,43.0921285,141.5120139,,,,
way/444092074,43.0893326,141.5122227,,,,
way/444095455,43.0891455,141.5117462,,,,
way/444095456,43.0889805,141.512119,,,,
way/444095457,43.0887183,141.5127475,,,,
way/444095458,43.0881267,141.5137189,,,,
way/444096157,43.0908201,141.5083511,,,,
way/444096159,43.0903451,141.5092439,,,,
way/444096789,43.0914328,141.5077831,,,,
way/444098121,43.0865931,141.5227101,,,,
way/444099479,43.0919581,141.5058076,,,,
way/444101200,43.0930623,141.5315815,,,,
way/444104927,43.0945317,141.5055482,,,,
way/444111484,43.0972876,141.5094943,,,,
way/444111485,43.0987733,141.5126558,,,,
way/444146264,43.02972,141.4414378,,multi-storey,,
way/444146385,43.0338627,141.4403554,,multi-storey,yes,
way/444147079,43.0300235,141.4418736,,multi-storey,permissive,
way/444221253,43.0880111,141.5365455,,,,
way/444221254,43.0878899,141.5360473,,,,
way/444222606,43.0881158,141.539608,,,,
way/444223762,43.0817798,141.5435305,,,,
way/444223968,43.0860457,141.5292563,,,,
way/444223969,43.0857103,141.5288455,,,,
way/444223970,43.0849973,141.53062,,,customers,
way/444232009,43.0813895,141.5371897,,,,
way/444233919,43.0816304,141.5347566,,,,
way/444233920,43.0822142,141.535396,,,,
way/444237092,43.0312494,141.3973426,,surface,private,
way/444237160,43.0293573,141.4051295,,garage_boxes,private,
way/445053374,43.0628536,141.4900904,,,,
way/445053375,43.0629212,141.4911101,,,,
way/445053377,43.064892,141.4906251,,,,
way/445281641,43.0202197,141.4344948,,surface,residents,
way/445281642,43.0196694,141.4351617,,surface,private,
way/446029227,43.0793978,141.4980863,,,,
way/447207318,43.0425894,141.4357387,,multi-storey,,
way/447208509,43.0369434,141.4324872,,multi-storey,customers,
way/447336749,43.0352709,141.4110655,,surface,customers,
way/448154932,43.0224362,141.4421663,,surface,customers,
way/448456655,43.1171025,141.5471016,,,,
way/448456804,43.117563,141.547539,,garage_boxes,,
way/448582923,43.0334243,141.3587234,,surface,customers,
way/448582924,43.0331089,141.3590771,,surface,customers,119
way/448589087,43.0300911,141.3670276,,,customers,
way/448632341,43.1025415,141.5379669,,surface,,
way/448747774,43.0361918,141.3605551,タイムズ,surface,,13
way/448747781,43.0374761,141.3592527,タイムズ,surface,,5
way/448747787,43.0363828,141.362667,,,customers,
way/448750350,43.030696,141.3712663,,,customers,
way/448750352,43.0308263,141.3709512,,,customers,
way/448752461,43.0329732,141.3694263,タイムズ,surface,,15
way/448752462,43.0340506,141.372759,,,customers,
way/448755156,43.0316403,141.3679806,三井のリパーク,surface,,12
way/448755162,43.033988,141.3680652,三井のリパーク,surface,,16
way/448896837,43.0352361,141.3678094,三井のリパーク 札幌平岸２条７丁目第２,surface,,43
way/448896838,43.0365286,141.3663151,タイムズ,surface,,194
way/449050474,43.1143497,141.5460549,,,,
way/449052740,43.1160555,141.5432585,,,,
way/449054506,43.1039322,141.5352717,,surface,,
way/449146316,43.0414571,141.3697276,,,customers,
way/449197571,43.080082,141.5244656,,surface,,
way/449471044,43.0490348,141.3676611,,,customers,
way/449479744,43.0247243,141.3826691,,,customers,
way/449479745,43.0301185,141.3822943,高台駐車場,surface,,
way/449479747,43.0333057,141.386046,,,,
way/449479750,43.032921,141.3904073,,,,
way/449479753,43.0314025,141.3793643,,,customers,
way/449616414,43.0338852,141.3770965,,surface,customers,
way/449618826,43.0351083,141.3701183,,surface,,
way/449618827,43.0346447,141.370133,,surface,,
way/449618828,43.034929,141.3706239,パークネット,surface,,20
way/449625338,43.039351,141.3729379,パークネット,surface,,14
way/449625342,43.0419528,141.3750331,,surface,customers,30
way/449783974,43.0423227,141.3786652,,,,
way/449783977,43.0423755,141.3796952,,,,
way/449783978,43.0418906,141.3763318,三井のリパーク,surface,,4
way/449789548,43.0459917,141.3720522,タイムズ,surface,,80
way/449789549,43.046808,141.3731365,タイムズ,surface,,12
way/449789550,43.0475385,141.37519,タイムズ,surface,,13
way/449789551,43.0411879,141.3782299,タイムズ,surface,,10
way/450285373,43.0436749,141.3729135,パークネット,surface,,16
way/450285374,43.044663,141.3755112,パークネット,surface,,8
way/450285375,43.0496541,141.3738232,パークネット,,,
way/450285376,43.0503271,141.3722532,,surface,customers,
way/450293207,43.0529266,141.3672901,パークネット,surface,,16
way/450293208,43.0519906,141.3672229,パークネット,surface,,6
way/450293209,43.0534073,141.3676123,パークネット,surface,,10
way/450321431,43.0457711,141.3825466,パークネット,surface,,9
way/450321432,43.0466963,141.3798107,,,customers,
way/450321433,43.0485339,141.3809909,NorthPark豊平1条11丁目駐車場,surface,customers,
way/450321435,43.0479439,141.3773645,,street_side,,
way/450321437,43.0500235,141.3782028,,,customers,
way/450321438,43.0495049,141.3775663,,,customers,
way/450775425,42.9680652,141.4390732,,surface,,
way/450775426,42.9678581,141.4409266,,surface,,
way/450918429,43.0503694,141.3739954,タイムズ,,,
way/450918430,43.0520996,141.371334,,,,
way/450918433,43.0556163,141.3702659,パークネット,surface,,8
way/450918434,43.0550954,141.3658623,ザ・パーク,surface,,12
way/450918436,43.0545392,141.3667269,パークネット,surface,,6
way/450918437,43.0553474,141.3671605,パークネット,surface,,6
way/450918438,43.0556596,141.367359,三井のリパーク,surface,,14
way/450918439,43.0566065,141.367366,パークネット,surface,,7
way/450924206,43.0451726,141.3832438,,,customers,
way/450924209,43.0406111,141.3896173,,,customers,
way/451483154,43.0427773,141.3845242,,,customers,
way/451557001,43.0011037,141.4361537,,multi-storey,,
way/451675120,43.0713162,141.3600508,,surface,,
way/452080015,42.9846148,141.4563112,,surface,,
way/452080035,42.9832314,141.4587154,,,,
way/452080036,42.9828672,141.4591489,,,,
way/452080104,42.9812133,141.4567753,,surface,,
way/452080110,42.9809232,141.4559921,,surface,,
way/452080111,42.9805162,141.455464,,surface,,
way/452080112,42.9809964,141.4549963,,surface,,
way/452080114,42.9803032,141.4559998,,surface,,
way/452080115,42.9797248,141.4572346,,surface,,
way/452080116,42.9806206,141.457814,,surface,,
way/452081905,43.0717885,141.3549518,,surface,,
way/452081906,43.0712072,141.3559929,タイムズ,surface,yes,34
way/452081907,43.0720098,141.3619403,タイムズ,surface,,10
way/452081908,43.0734442,141.3628703,タイムズ,surface,,26
way/452462549,43.0746271,141.3651132,三井のリパーク,surface,,15
way/452825603,43.0769021,141.3576106,,,customers,
way/452874968,43.0766444,141.3635496,,,customers,
way/452910973,43.0010739,141.4426758,,,,
way/452953984,43.0774285,141.3633962,,,,
way/452958152,43.075513,141.3652405,,,private,
way/452958155,43.0779208,141.3648761,,,customers,
way/452958157,43.0755659,141.3660858,,,private,
way/452958158,43.0756766,141.3665713,,,private,
way/452958161,43.0767894,141.3657531,,,customers,
way/452958162,43.0762419,141.3658953,,,customers,
way/452958164,43.0777494,141.3662172,,,private,
way/452964780,43.0791698,141.3785191,,,customers,
way/452964783,43.0782869,141.3787085,,,customers,
way/452969018,43.0769239,141.3545342,三井のリパーク,surface,,13
way/452969020,43.077138,141.356291,タイムズ,surface,,4
way/452969021,43.0775143,141.3566377,タイムズ,surface,,13
way/452969022,43.0782277,141.3556848,タイムズ,,,
way/452969023,43.0781161,141.358123,三井のリパーク,surface,,46
way/453335150,43.0279828,141.4618082,,,,
way/453335159,43.0269949,141.462777,,multi-storey,,
way/453335162,43.0270261,141.461666,,multi-storey,,
way/453335211,43.0283018,141.454853,,multi-storey,customers,
way/453335332,43.0268918,141.4582762,,,,
way/453335337,43.0273964,141.4569428,,multi-storey,private,
way/453335340,43.0272199,141.4557302,,multi-storey,,
way/453335659,43.026376,141.4521936,,multi-storey,private,
way/454419959,43.07987,141.3566083,,,,
way/454595551,43.0849506,141.3678253,,surface,private,
way/454595552,43.0850684,141.3687396,,surface,private,
way/454595553,43.0841639,141.3680507,,surface,private,
way/454595554,43.0841338,141.3691528,,surface,private,
way/454595555,43.083853,141.3691477,,surface,private,
way/454595556,43.0835905,141.3671803,,,private,
way/454595557,43.0841121,141.3669921,,surface,private,
way/454595558,43.08482,141.36715,,surface,private,
way/454598463,43.0846955,141.3736319,タイムズ,surface,,10
way/454598470,43.0843646,141.3737055,三井のリパーク,surface,,16
way/454598471,43.0830412,141.3738724,,surface,,
way/454598472,43.0826541,141.3734358,,surface,,
way/454601006,43.0855857,141.3742822,タイムズ,surface,,17
way/454605481,43.0847594,141.375131,,,customers,
way/454605482,43.0839903,141.3759973,,,customers,
way/454615948,43.0834665,141.3812108,,,customers,
way/454615950,43.0835116,141.3819055,,,customers,
way/454615952,43.083159,141.381196,,,customers,
way/454615954,43.083157,141.3816802,,,customers,
way/454745937,43.0342476,141.333502,,surface,customers,
way/455231225,43.0882549,141.3584161,,,,
way/455231226,43.0879258,141.355586,,,,
way/455231227,43.0892593,141.3579363,,,,
way/455231228,43.088538,141.3614563,,surface,customers,
way/455515953,43.0204985,141.4876377,,multi-storey,,
way/455712000,43.0279099,141.470445,,,,
way/456040127,43.0382915,141.4701668,クラスターユーエム駐車場,multi-storey,,
way/456040163,43.0382132,141.4689874,タイムズコナミスポーツクラブ新札幌,,,
way/456419557,43.026727,141.4764898,,surface,,
way/456792443,43.0475861,141.4766667,,,,
way/457012109,43.0501987,141.4793157,,surface,,
way/457352999,43.0939858,141.3727931,,,,
way/457577812,43.0942486,141.371328,タイムズ,surface,,12
way/457577817,43.0943906,141.3728207,タイムズ,surface,,7
way/457577821,43.0944102,141.3729669,タイムズ,surface,,15
way/458064135,43.0878122,141.2697589,大型用駐車場,surface,,
way/458064137,43.0882652,141.2702248,白い恋人パーク駐車場,surface,,
way/458095454,43.0947012,141.3821961,,,customers,
way/458438204,43.1031809,141.505273,,,,
way/458862475,43.0941109,141.3479029,タイムズ,surface,,32
way/458862476,43.0937942,141.3476658,タイムズ,surface,,12
way/460847064,43.2077088,141.3819236,,,,
way/460847070,43.2197984,141.3650095,,,,
way/460847081,43.2227095,141.3588622,,,,
way/460847098,43.224753,141.3547033,,,,
way/460847105,43.2196231,141.3637478,,,,
way/460847120,43.2271157,141.3503303,,,,
way/460847126,43.2281297,141.3481514,,,,
way/460894874,43.5832161,141.3873593,駐車場,surface,,
way/460894875,43.5826525,141.3867473,駐車場,surface,,
way/461205964,42.9877793,141.5698222,,,customers,
way/461207604,42.987746,141.5612899,,,,
way/461315356,43.097138,141.3608432,タイムズ,surface,,78
way/461315357,43.0965528,141.3601652,タイムズ,surface,,89
way/463554695,43.1021795,141.370492,パークネット,surface,,5
way/463554696,43.1039438,141.3689499,タイムズ,surface,,12
way/463554697,43.1050812,141.3710003,タイムズ,surface,,33
way/464254393,43.102044,141.3582327,三井のリパーク,surface,,12
way/464269607,43.0987133,141.38448,,,customers,
way/464269609,43.0987203,141.3839464,,,customers,
way/465985180,43.1075594,141.3449961,,surface,customers,
way/466033871,43.1141257,141.4694208,,,,
way/466038821,43.1036475,141.3524145,,surface,customers,
way/466038908,43.1033555,141.3506901,,surface,customers,
way/466071414,43.1023777,141.5175617,,,,
way/467376883,43.0657456,141.4959559,,,,
way/467377003,43.0678193,141.4999027,,,,
way/467377254,43.0635812,141.4971593,,,,
way/467377323,43.0627875,141.4946035,,,,
way/467377509,43.1073636,141.5131378,,,,
way/467377512,43.0636798,141.4949667,,,,
way/467377612,43.0945683,141.526336,,,,
way/467377674,43.0651585,141.4971264,,,,
way/467378207,43.0630175,141.4988115,,,,
way/467378461,43.1149384,141.5222275,,,,
way/467378583,43.0796452,141.4990051,,,,
way/467378922,43.0773879,141.4957676,,,,
way/467378923,43.1080048,141.5130958,,,,
way/467378935,43.0777344,141.4962572,,,,
way/467379013,43.078076,141.4967432,,,,
way/467379014,43.0970404,141.5286345,,surface,customers,
way/467379097,43.0784285,141.4971908,,,,
way/467379108,43.0787596,141.4986058,,,,
way/467379230,43.110006,141.573284,,,,
way/467379270,43.0810936,141.5004493,,,,
way/467379271,43.097665,141.529414,,,,
way/467379272,43.1082927,141.5126793,,,,
way/467379380,43.1098487,141.5732167,,,,
way/467379487,43.1076367,141.5141594,,,,
way/467379488,43.0811082,141.5010464,,,,
way/467379489,43.1097527,141.5734389,,,,
way/467379585,43.0827285,141.5030388,,,,
way/467379636,43.1077916,141.5129991,,,,
way/467379712,43.1073531,141.5120926,,,,
way/467379785,43.0821356,141.5036137,,,,
way/467379823,43.1022883,141.5822816,,,,
way/467379834,43.1077248,141.5113455,,,,
way/467379835,43.0822954,141.5033386,,,,
way/467379970,43.0818475,141.503373,,,,
way/467380008,43.082001,141.5031047,,,,
way/467380009,43.1085302,141.5110123,,,,
way/467380028,43.0815826,141.503624,,,,
way/467380032,43.1094839,141.5736339,,,,
way/467380037,43.1091325,141.5732141,,,,
way/467380039,43.1110388,141.5716752,,surface,,
way/467380396,43.1089482,141.5117978,,,,
way/467380398,43.0832989,141.5027852,,,,
way/467380410,43.0832919,141.5019483,,,,
way/467380433,43.1024195,141.5215151,,,,
way/467380434,43.0828132,141.5018455,,,,
way/467380437,43.1013743,141.5824675,,,,
way/467380451,43.0792108,141.4965692,,,,
way/467380466,43.0787175,141.4961889,,,,
way/467380584,43.078813,141.4954307,,,,
way/467380644,43.0843252,141.497412,,,,
way/467380652,43.0842348,141.4970445,,,,
way/467380813,43.0933688,141.543001,,,,
way/467380932,43.1045604,141.5837069,,,,
way/467380938,43.0944718,141.5307366,,,,
way/467380939,43.0933332,141.5294265,,,private,
way/467380940,43.0834901,141.5175778,,surface,customers,
way/467380941,43.0847192,141.5149075,,,,
way/467380943,43.0939431,141.5254521,,,,
way/467380944,43.1009319,141.5279362,,,,
way/467380949,43.094377,141.5396186,,,,
way/467380955,43.11175,141.5273075,,,,
way/467380956,43.1135785,141.5359079,,surface,,
way/467380957,43.1151885,141.5344692,,surface,,
way/467381226,43.0943197,141.5414258,,,,
way/467381612,43.1077747,141.5259417,,,,
way/467381613,43.1081362,141.5256773,,,,
way/467381614,43.1069133,141.5246345,,,,
way/467381615,43.1071518,141.5242657,,,,
way/467381616,43.1066793,141.5250185,,,,
way/467381617,43.107425,141.5242391,,,,
way/467382235,43.1051722,141.5195331,,,,
way/467382236,43.1014644,141.5221246,,,,
way/467382238,43.1032909,141.5246095,,,,
way/467382239,43.1038873,141.5182563,,,,
way/467382407,43.1113224,141.5438561,,,,
way/467382532,43.1118714,141.5446068,,,,
way/467382722,43.0924923,141.5233049,,,,
way/467382723,43.0924719,141.5223652,,surface,customers,
way/467382724,43.099517,141.5127497,,,,
way/467382725,43.0890747,141.5175954,,,,
way/467382743,43.1118948,141.5464367,,,,
way/467382904,43.1126752,141.5458706,,,,
way/467382975,43.1122826,141.545345,,,,
way/467383431,43.1254821,141.5108328,,,,
way/467383432,43.1251156,141.5111692,,,,
way/467383434,43.1259644,141.509641,,,,
way/467383437,43.1282634,141.5084051,,,,
way/467383438,43.1257736,141.5043586,,,,
way/467383960,43.1243566,141.5164954,,,,
way/467383961,43.122231,141.5152749,,,,
way/467383962,43.1217815,141.5155979,,,,
way/467383963,43.1214152,141.5157894,,,,
way/467383964,43.1210582,141.5167058,,,,
way/467383965,43.1188853,141.5159041,,,,
way/467383966,43.1204237,141.5236029,,,,
way/467383967,43.1213101,141.5246209,,,,
way/467383968,43.1216617,141.524613,,,,
way/467383969,43.1213659,141.5248567,,,,
way/467383970,43.1215666,141.5249877,,,,
way/467383971,43.1217515,141.5241163,,,,
way/467383972,43.1213808,141.5238671,,,,
way/467383973,43.1230243,141.5244445,,,,
way/467383974,43.1240104,141.5230808,,,,
way/467383975,43.1237384,141.523704,,,,
way/467384512,43.1068645,141.5382077,,,,
way/467384755,43.1050738,141.5402677,,,,
way/467384891,43.1052112,141.5416114,,,,
way/467385438,43.0503963,141.4839451,,,,
way/467385480,43.0508478,141.4844011,,surface,customers,
way/467386033,43.1059502,141.5428052,,,,
way/467386034,43.1061625,141.5431394,,,,
way/467386035,43.1066101,141.5425662,,,,
way/467386036,43.1073647,141.5433225,,,,
way/467386037,43.1078026,141.5441598,,,,
way/467386038,43.1082583,141.5447308,,,,
way/467386531,43.1140713,141.553668,,,,
way/467386685,43.1137948,141.5534146,,,,
way/467387055,43.1082058,141.5542179,,surface,customers,
way/467387056,43.1082966,141.5548436,,,,
way/467387072,43.1098835,141.5554183,,,,
way/467387527,43.1166523,141.5494647,,,,
way/467388019,43.1012539,141.5482062,,,,
way/467388561,43.1105826,141.5290935,,,,
way/467388562,43.1096423,141.5303793,,,,
way/467389107,43.10407,141.5384538,,,,
way/467389129,43.0955369,141.5076835,,,,
way/467390139,43.1056064,141.5764616,,,,
way/467390140,43.1050929,141.5762248,,,,
way/467390141,43.1050458,141.5756689,,,,
way/467390555,43.1085196,141.5371852,,,,
way/467390838,43.1095402,141.5729936,,,,
way/467392260,43.0548407,141.4850496,,surface,customers,
way/467392594,43.086377,141.5374201,,,customers,
way/467392595,43.092247,141.5416928,,,,
way/467397271,43.090064,141.5252161,,,,
way/467397273,43.0867809,141.5246841,,,,
way/467397275,43.0885528,141.5219115,,,,
way/467397277,43.0896334,141.5184292,,,,
way/467397278,43.092547,141.5200595,,,,
way/467397280,43.0881557,141.5192741,,surface,,
way/467397282,43.0918427,141.5254486,,,,
way/467397283,43.091709,141.5233212,,,,
way/467397285,43.0912274,141.524114,,,,
way/467397287,43.092296,141.5189946,,,,
way/467398687,43.1015204,141.5219548,,,,
way/467398688,43.1028515,141.5249319,,,,
way/467399709,43.1233236,141.532739,,,,
way/468265114,43.0813623,141.5055057,,,,
way/468265392,43.0809491,141.5045899,,,,
way/471691682,43.0320892,141.502132,第４駐車場,,,
way/471691683,43.0325632,141.5030362,第1駐車場,,,
way/472273350,43.1158967,141.5882429,,surface,,
way/472274722,43.0694673,141.4934122,,,,
way/472276629,43.0686466,141.4924522,,,,
way/472276633,43.0708901,141.4970512,,,,
way/472276635,43.0719184,141.4987673,,,,
way/472276636,43.0726803,141.4986397,,,,
way/472280290,43.0788516,141.4897053,,,,
way/472282436,43.1001968,141.5266209,,,,
way/472282990,43.0962873,141.5272842,,,,
way/472282991,43.0952602,141.5275326,,,,
way/472283997,43.0943109,141.526577,,,,
way/472283998,43.0939245,141.5278409,,,,
way/472283999,43.093976,141.5261119,,,,
way/472284000,43.0932638,141.5253826,,,,
way/472287442,43.0909367,141.5148074,,,,
way/472287443,43.0896696,141.5124776,,,,
way/472321884,43.1054429,141.5506935,,,,
way/472324075,43.104417,141.544291,,,,
way/472324076,43.1050426,141.5448128,,,,
way/472324077,43.1046675,141.5408443,,,,
way/472324078,43.1048208,141.5410739,,,,
way/472324186,43.105306,141.540224,,,,
way/472329519,43.1044402,141.5388995,,,,
way/472329520,43.1042552,141.5368143,,surface,,
way/472329521,43.1040135,141.5361974,,,,
way/472329522,43.1032508,141.5357049,,surface,,
way/472329523,43.1032481,141.5363756,,surface,,
way/472329524,43.1029275,141.5361233,,surface,,
way/472329525,43.1024977,141.5360144,,,,
way/472329526,43.1010354,141.5370424,,surface,,
way/472329716,43.1010053,141.5378473,,,,
way/472329717,43.1000966,141.5374719,,,unknown,
way/474926521,43.0717239,141.3711111,,rooftop,,
way/476313057,43.1086641,141.3897093,,,,
way/476313059,43.1123503,141.3932707,,,,
way/478003218,43.1026986,141.2691446,,,,
way/478003352,43.1016979,141.2718643,,,,
way/478003671,43.1049906,141.2751661,,,,
way/479889855,43.0233541,141.3809672,,,,
way/479972442,43.1102221,141.344853,,,customers,
way/479977925,43.1153193,141.3494536,,,customers,
way/479981708,43.023073,141.3856984,,,,
way/480438412,43.0969396,141.2572298,,,,
way/480456719,43.0237791,141.3824121,,,,
way/480456724,43.0233817,141.3828847,,,,
way/480456725,43.023843,141.3832588,,,,
way/480577885,43.119395,141.4111292,,,,
way/480577889,43.119593,141.412272,,,,
way/480577890,43.1207753,141.4130007,,,,
way/480577891,43.1143546,141.4115861,,,,
way/480577892,43.1140047,141.4145017,,,,
way/480577893,43.1156304,141.4170232,さとらんど第4駐車場,,,
way/480577894,43.1161158,141.4108167,,,,
way/480583556,43.1170601,141.4119448,,,,
way/480583570,43.1174906,141.419584,,,,
way/480583600,43.12043,141.4141947,,,,
way/480879530,42.9925288,141.3651539,,,,
way/480981854,43.0447143,141.3764001,,surface,,
way/481297922,43.1130359,141.3648148,,,customers,
way/481364422,43.0256713,141.3774418,,,,
way/481364423,43.0264385,141.3768384,,,,
way/481384874,43.0619917,141.3408901,タイムズ,surface,,29
way/481540443,43.1000847,141.4363224,,,,
way/481540454,43.0976713,141.4329891,,,,
way/482026959,43.1121253,141.394199,,,,
way/482410267,43.0222643,141.3835893,,multi-storey,,
way/482763784,43.1169815,141.3445516,,,customers,
way/482772224,43.1204715,141.353539,,,customers,
way/482772225,43.1207966,141.3523588,,,customers,
way/482772226,43.1217774,141.3536221,,,customers,
way/482968709,43.0981015,141.3683047,,,,
way/483073122,43.0214927,141.3622051,,,,
way/483073123,43.0216699,141.3624617,,,,
way/483242158,43.0412554,141.3556813,,surface,private,
way/483607927,43.1240603,141.3713883,,,,
way/483607928,43.1234743,141.3716624,,,,
way/483867358,43.0806503,141.3472995,,surface,customers,11
way/485246276,43.0420533,141.4271321,タイムズ平和通１３南,surface,,7
way/485248450,43.045357,141.4157024,,surface,,
way/485248452,43.0413841,141.4225406,,surface,customers,
way/485602268,43.1211505,141.3545525,,surface,customers,
way/485604489,43.1213927,141.3658127,,,customers,
way/488780532,43.0789242,141.392968,,,customers,
way/489251001,43.0802373,141.4154112,,,,
way/490458447,43.093933,141.4397996,,,,
way/490473150,42.9987732,141.4672588,,,,
way/491699715,43.0927161,141.390937,,,customers,
way/491700463,43.1081174,141.5034329,,,,
way/491700468,43.109141,141.5029465,,,,
way/491712568,43.0558381,141.4824436,お客様駐車場,,,
way/491712569,43.0568597,141.4821407,,,,
way/491714266,43.0571491,141.481137,,,,
way/491714272,43.0576665,141.4806235,,,,
way/491721444,43.0783364,141.4957634,,,,
way/491774639,43.0937095,141.4018337,,,customers,
way/491842873,43.0520459,141.4967774,,surface,yes,
way/491842881,43.0477652,141.4965124,,,,
way/491863996,43.0886671,141.5177198,,surface,,
way/491990006,43.131645,141.2425945,,,customers,
way/491990007,43.1324028,141.2442729,,,,
way/491990299,43.132711,141.2446528,,,,
way/492419492,43.0980865,141.3597424,アサヒパーク,surface,,15
way/492419493,43.0987691,141.360481,,,,
way/493155712,43.0911085,141.4038879,,,customers,
way/493829870,43.165233,141.0393687,,,,
way/493829884,43.1750093,141.0582708,,,,
way/494041730,43.0992087,141.4102528,,,customers,
way/494043764,43.0974217,141.4167967,,,customers,
way/494305408,43.1066773,141.421498,,,customers,
way/494798484,43.0503428,141.3456084,,,customers,
way/495973821,43.1275655,141.4051741,,,,
way/497896726,43.0733073,141.5916288,,,,
way/498964535,43.0637035,141.3523379,北2条駐車場,surface,,
way/499426749,43.1007101,141.3713341,,,,
way/499426751,43.1006381,141.370921,,,,
way/500548447,43.0613277,141.3488904,三井のリパーク,surface,,19
way/500550543,43.0608993,141.344829,タイムズ,surface,,3
way/500550544,43.0605488,141.3445281,三井のリパーク,surface,,4
way/501289406,43.0595412,141.3499367,大通西5丁目 パーキング,surface,,
way/502208004,43.0582492,141.3433929,三井のリパーク,surface,,11
way/502208005,43.0582607,141.3435133,三井のリパーク,surface,,10
way/502208006,43.0588003,141.343945,,,,
way/502208007,43.058115,141.3444438,アルファパーク 南1西9,surface,customers,
way/503888398,43.0574939,141.3473019,,surface,,
way/506713329,43.0733771,141.0836886,,surface,customers,
way/506720249,43.1712078,140.9688847,,,,
way/506729441,43.0933318,141.2126184,,surface,,
way/506741142,42.9287709,141.4565559,,surface,,
way/506846961,43.0638288,141.3610563,パークネット,surface,,34
way/506853315,43.068114,141.3689187,,,customers,
way/506853318,43.0679499,141.3702169,,multi-storey,customers,
way/506856579,43.0661818,141.366901,タイムズ,surface,,19
way/506924807,43.0655072,141.3713289,三井のリパーク,surface,,25
way/507122534,43.0609528,141.3593257,,surface,,
way/507122535,43.0609303,141.3595973,タイムズ,surface,,15
way/507128223,43.0573881,141.3611867,三井のリパーク,surface,,8
way/507128224,43.0573131,141.360905,三井のリパーク,surface,,8
way/507128800,43.0580322,141.3643693,タイムズ,surface,,8
way/507135219,43.070172,141.3531704,三井のリパーク,surface,,10
way/507136607,43.0713753,141.3517419,,surface,customers,
way/507865778,43.0694737,141.3480022,三井のリパーク,surface,,7
way/507865779,43.0696707,141.349061,三井のリパーク,surface,,9
way/508035099,43.0701304,141.3542799,トラストパーク,multi-storey,,25
way/508035100,43.0700222,141.3519792,トラストパーク,multi-storey,,61
way/508037304,43.0687279,141.3465677,,surface,,
way/508037305,43.0689772,141.346506,タイムズ,surface,,15
way/508037306,43.0687561,141.3463091,,surface,,
way/508037307,43.0688813,141.3453957,三井のリパーク,surface,,14
way/508037310,43.0693103,141.3462655,三井のリパーク,surface,,12
way/508038324,43.067677,141.3445729,タイムズ,surface,,52
way/508038325,43.0674555,141.3438754,三井のリパーク,surface,,5
way/508039785,43.0683114,141.3449273,,,,
way/508297301,43.0717177,141.35111,タイムズ,surface,,6
way/508297303,43.071754,141.3501691,,surface,,
way/508298384,43.0721061,141.3487182,タイムズ,surface,,39
way/508300771,43.0733097,141.3529102,,surface,,
way/508303653,43.0713499,141.3482697,パークネット,surface,,4
way/508541927,43.0738774,141.3492313,,surface,customers,
way/508549093,43.0754935,141.3475508,パークネット,surface,,14
way/508549094,43.0739754,141.3482773,パークネット 札幌北１１西４,surface,customers,7
way/508549095,43.0753672,141.347468,タイムズ,surface,,7
way/508560182,43.0758705,141.3468074,,surface,,
way/508835409,43.0777274,141.3468368,,surface,,25
way/510033231,43.0816766,141.3460123,三井のリパーク,surface,,2
way/510034805,43.0815123,141.3447508,三井のリパーク,surface,,4
way/510323468,43.0833664,141.347201,タイムズ,surface,,26
way/512167700,43.0548141,141.4679457,,surface,customers,
way/512167703,43.0538605,141.4696687,,surface,customers,
way/512167707,43.0527365,141.470344,,surface,customers,
way/512167709,43.0524404,141.4710774,,surface,customers,
way/513743100,43.0898028,141.3416661,三井のリパーク,surface,,10
way/513743101,43.0885936,141.3421644,タイムズ,surface,,22
way/513743102,43.089833,141.3450074,タイムズ,surface,,16
way/513743103,43.0898661,141.3457158,タイムズ,surface,,27
way/513743104,43.0902752,141.3455279,タイムズ,surface,,11
way/513751815,43.0906997,141.3454325,,surface,,
way/516539674,43.0613577,141.3625634,,,,
way/517115391,43.0980049,141.3415181,,surface,,
way/517123262,43.1014421,141.3283781,タイムズ,surface,,96
way/517123263,43.0987582,141.3437894,タイムズ,,,
way/517123264,43.0997157,141.3429069,,surface,,
way/517123265,43.0989675,141.3421857,タイムズ,surface,,10
way/517123266,43.0989813,141.3409433,タイムズ,surface,yes,7
way/517188527,43.1011606,141.3414249,タイムズ,surface,,4
way/517188528,43.1021092,141.341363,タイムズ,surface,,6
way/517228558,43.10563,141.3332157,,,customers,
way/517477336,43.10562,141.3401559,,surface,,
way/517489842,43.108906,141.3347644,タイムズ,surface,,23
way/517806186,43.1071175,141.3408199,タイムズ,surface,,18
way/517806187,43.1094027,141.3362628,タイムズ,surface,,6
way/517812567,43.1091673,141.338775,三井のリパーク,surface,,11
way/518948858,43.1100653,141.3375074,タイムズ,surface,,5
way/518948860,43.111328,141.3381118,麻生商店街振興組合駐車場,surface,,27
way/519184425,43.1099635,141.3431783,,surface,,
way/519184427,43.1102437,141.3408202,タイムズ,surface,,9
way/519184431,43.1098494,141.3394414,タイムズ,surface,,8
way/519184438,43.1098973,141.3390518,,,,
way/519192601,43.1092346,141.3398825,パークネット,surface,,8
way/519192602,43.1116859,141.3385439,パークネット,surface,yes,7
way/519457585,43.0952673,141.3219804,,,customers,
way/520434998,43.1019181,141.3101348,,surface,customers,
way/521118693,43.1143903,141.3045853,,surface,customers,
way/521950437,43.1216245,141.3023078,,,customers,
way/521950438,43.114587,141.2911826,,,customers,
way/522311844,43.1105329,141.3346608,タイムズ,multi-storey,yes,226
way/522315242,43.1115315,141.3362339,タイムズ,surface,yes,11
way/522318425,43.1129297,141.3367565,三井のリパーク,surface,,15
way/523533002,43.1130341,141.3338536,,,customers,
way/523534995,43.1151598,141.3363544,タイムズ,surface,customers,119
way/523652992,43.0510963,141.3458171,,surface,customers,4
way/524790695,43.1072512,141.3171056,,,customers,
way/524790697,43.1080351,141.3166702,,,customers,
way/524790699,43.1085347,141.3184,,,customers,
way/524801090,43.1083089,141.316131,,,customers,
way/524801091,43.1084685,141.3167912,,,customers,
way/524801092,43.1088114,141.3161336,新琴似温泉;壱乃湯,surface,customers,
way/524801093,43.1092251,141.3155536,,surface,customers,
way/524801097,43.1113156,141.3181022,,,,
way/524801100,43.116779,141.3234397,,,customers,
way/525739725,43.119617,141.3215339,,,customers,
way/526341816,43.1148511,141.3063164,,surface,customers,
way/527194852,43.0718548,141.3494192,,surface,,
way/527407236,43.1179784,141.3086637,,,,
way/527439161,43.0916512,141.2692465,,surface,,
way/527439163,43.0921978,141.2697816,,surface,,
way/527439175,43.0923092,141.2693766,,surface,,
way/527439178,43.0924483,141.270055,,surface,,
way/527439182,43.0925567,141.2702972,月極 駐車場,surface,,
way/527458266,43.0919461,141.2743537,,surface,,
way/527458267,43.0918538,141.2732644,,surface,,
way/527458268,43.0919686,141.2733845,パーク NET,surface,,
way/527458269,43.0918418,141.2737087,,surface,,
way/527458270,43.0915291,141.2740684,,surface,,
way/527469151,43.0933436,141.2721339,,surface,customers,
way/527469152,43.0931,141.2725638,,surface,customers,
way/527688027,43.1260152,141.3080714,,,customers,
way/527994789,43.1323524,141.3168612,,,,
way/527994790,43.1301195,141.3211057,,,,
way/530434231,43.1314152,141.3289883,,,customers,
way/530436740,43.1343895,141.3387474,,,customers,
way/530436741,43.1334262,141.3385892,,,customers,
way/532838277,43.1395028,141.3378737,,,customers,
way/532838278,43.139643,141.3365027,,,customers,
way/532838279,43.1401629,141.338194,,,customers,
way/532838280,43.1403955,141.3373067,,,customers,
way/532838281,43.141595,141.3335902,,,,
way/532843319,43.1423168,141.3230046,,,customers,
way/532849605,43.1414603,141.3420318,,,customers,
way/534681503,43.1294327,141.3480091,,,customers,
way/534681506,43.1297819,141.3466337,,surface,customers,
way/534693489,43.1328016,141.3489906,,,customers,
way/534693490,43.1323333,141.3498902,,,customers,
way/536521424,43.136321,141.3485399,,,customers,
way/536585625,43.0404482,141.3282518,タイムズ,,,
way/542349152,43.1449808,141.357866,,,customers,
way/542349153,43.1443252,141.3579244,,,customers,
way/542540168,43.1429169,141.3715988,,,customers,
way/542540169,43.1417339,141.3750091,,,,
way/542864457,43.0362059,141.3851071,,,,
way/544706734,43.0859729,141.4049303,,surface,customers,
way/544940998,43.04289,141.436287,,,,
way/546113111,43.0641008,141.3548667,,multi-storey,,
way/549098162,43.1770292,141.0625173,,surface,,
way/549098163,43.1751883,141.0665669,,,,
way/552243650,43.072784,141.3399898,,surface,,
way/553883309,43.2179855,141.5138094,,surface,,
way/553883312,43.2185666,141.5271044,,,,
way/554770520,43.2228924,141.5112729,,,,
way/554770522,43.2228382,141.5102694,,,,
way/555321822,43.073603,141.3426699,,surface,permissive,10
way/561920610,43.1940276,140.9994656,,surface,yes,
way/561922633,43.1929368,141.0004053,,,permissive,
way/561925015,43.1975681,140.9968982,,,,
way/561925922,43.1964909,140.9962041,,surface,,
way/561926134,43.2015535,140.9999641,,surface,customers,
way/561926995,43.1976853,140.9956482,,multi-storey,,
way/561928641,43.1934689,140.9986947,,surface,,
way/561928661,43.193692,140.9986793,,surface,,
way/561928867,43.1941937,140.9968435,,surface,yes,
way/561929793,43.205105,140.9981982,,multi-storey,customers,
way/561930298,43.1932912,140.9922453,,surface,,
way/561930680,43.2042739,140.9975872,,surface,private,
way/561933232,43.2025929,140.9959989,,surface,,
way/561934816,43.2018413,140.9994095,,surface,private,
way/561935022,43.1885583,140.9988892,,surface,,
way/561936800,43.2023533,140.9956599,,surface,,7
way/561937920,43.204503,140.9986127,,surface,private,
way/561938157,43.1941201,140.9978941,,surface,private,
way/561938873,43.196711,140.9991288,,,,
way/561938875,43.1946149,140.9952904,,surface,,
way/561938876,43.194271,140.9949771,,,,
way/561939217,43.2033691,140.9981269,,surface,private,
way/563323088,43.1782259,141.0360266,,,,
way/563333078,43.178249,141.0373441,,,,
way/564865627,43.2222807,141.515942,,,,
way/564877806,43.200198,141.5212192,,,,
way/564893425,43.2172107,141.5154379,,,,
way/564896415,43.2184176,141.5146974,,,,
way/564896435,43.2183758,141.5160863,,,,
way/564919922,43.2164059,141.5186567,,,,
way/565176016,43.2091621,141.5144997,,,,
way/565177661,43.2234361,141.5173724,,,,
way/565177662,43.2233734,141.5169823,,,,
way/565177906,43.2229921,141.5166734,,,,
way/565178406,43.2233248,141.512873,,,,
way/565178416,43.224052,141.5133116,,,,
way/565178417,43.2227729,141.5127313,,,,
way/565178418,43.2225897,141.5134355,,,,
way/565178611,43.2232139,141.5110469,,,,
way/565235506,43.2125157,141.5228484,,,,
way/565235515,43.2121756,141.5232601,,,,
way/565235517,43.2126096,141.5225047,,,,
way/566049603,42.9984141,141.3944572,,,,
way/566237325,43.2373973,141.0148994,,,,
way/566237326,43.2372395,141.0159427,,,,
way/566237327,43.2369415,141.0157082,,,,
way/566496595,43.191135,141.0006805,タイムズ小樽花銀レインボー,surface,,
way/566496710,43.1925178,141.4433294,,,,
way/566496712,43.1923166,141.4427321,,,,
way/566498384,43.1888476,141.4459452,,,,
way/566559113,43.1554667,141.3973853,タイムズ,surface,,24
way/567254890,43.2245402,141.5176834,,,,
way/567616264,43.2185425,141.5202453,,,,
way/567618986,43.221,141.5222488,,,,
way/567649061,43.2245662,141.5111083,,,,
way/567651614,43.2244465,141.5149927,,,,
way/567652342,43.2248165,141.5088966,,,,
way/567652645,43.2218625,141.5144094,,,,
way/569160775,43.1945155,141.0007988,寿司屋通りコインパーキング,surface,yes,5
way/569499463,43.2272401,141.5135103,,,,
way/569512765,43.1921562,140.9793434,,,,
way/569512766,43.1915961,140.9795635,,,,
way/569512767,43.1894899,140.9802876,,,,
way/571871198,43.2315359,141.5164257,,,,
way/571871199,43.2314656,141.5160831,,,,
way/572949326,43.2280776,141.5227165,,,,
way/572952916,43.2286287,141.520842,,,,
way/572952917,43.2287527,141.5219722,,,,
way/572954482,43.2307248,141.5243152,,,,
way/572984328,43.2169152,141.5266787,,,,
way/572984331,43.2166423,141.526078,,,,
way/572984335,43.2177932,141.5303568,,,,
way/572984343,43.2176862,141.5292467,,,,
way/572985644,43.2177808,141.5278595,,,,
way/572989227,43.2183252,141.5272804,,,,
way/573331286,43.2240903,141.5410883,,,,
way/573331790,43.1771059,141.4490246,,,,
way/573385383,43.1920108,141.4447606,,,,
way/573385385,43.1917994,141.4448263,,,,
way/573804182,43.0813785,141.3503624,タイムズ北１７西１,surface,customers,20
way/576195991,42.9298493,141.1604984,豊平峡ダム入口Ｐ,,,
way/578362547,43.043939,141.4157753,,,,
way/581723279,43.1583881,141.4003267,,,customers,
way/589378846,43.0314273,141.3675514,タイムズ,surface,,11
way/589378847,43.0376772,141.3676368,タイムズ,surface,,16
way/593200342,42.9043956,140.7409159,わんぱく広場　駐車場,,,
way/593337731,43.19824,140.9201837,登山者用駐車場,surface,yes,
way/593462819,43.0349581,141.3663193,三井のリパーク,,,12
way/593462827,43.0355553,141.3698615,,,,
way/593462828,43.0355615,141.3695807,,,,
way/593462830,43.0329828,141.3696685,,,,
way/593462833,43.0312525,141.3730117,,,,
way/595970463,43.0370243,141.3667562,,surface,private,
way/597938530,43.1946541,140.998668,,surface,yes,
way/597942648,43.1908935,140.990405,,surface,customers,
way/598412718,43.0530554,141.3064662,円山公園第2駐車場,multi-storey,,
way/598422574,43.0316275,141.3231723,,,,
way/599990088,42.9953912,141.3221954,,surface,,
way/600490937,42.9945987,141.3333166,,surface,,
way/600490938,42.9951313,141.3346417,,surface,customers,
way/600907415,42.9962025,141.3310869,,surface,,
way/601296958,42.9017087,140.7461144,駅前ロータリー,,,
way/601297605,42.9201989,140.7418773,峠下駐車場,,,
way/602822195,43.0496452,141.3266723,,surface,,10
way/602977017,43.1523615,140.7654369,,,,
way/602977019,43.1518808,140.7671322,,,,
way/603955979,42.9029617,140.7383297,野営場　駐車場,,,
way/606195974,43.4033895,141.4319378,第3駐車場,,,
way/606195976,43.403846,141.4316544,第1駐車場,,,
way/606195977,43.4038689,141.4329319,第2駐車場,,,
way/606195978,43.4062578,141.4318187,,,,
way/606195987,43.4026786,141.4310708,,,,
way/611900144,42.9009002,140.7385938,,,,
way/612167366,42.8999725,140.7381981,大仏寺駐車場,,,
way/612167371,42.9047771,140.7412554,二世古酒造　駐車場,,,
way/612167374,42.9047408,140.7410797,二世古酒造　駐車場,,,
way/616415383,42.9007818,140.7606731,倶知安町文化福祉センター　駐車場,,,
way/616415385,42.9002308,140.7613374,,,,
way/617185017,43.0723928,141.3408635,,surface,,
way/617185018,43.0725453,141.3413717,,surface,,
way/617185024,43.0786487,141.3422221,,surface,private,
way/617185025,43.0783975,141.3427904,,surface,private,
way/617185028,43.0769833,141.3454701,,surface,,
way/617185032,43.0718438,141.3403057,,surface,,
way/617185033,43.0718516,141.3393979,,surface,,9
way/617185034,43.0700922,141.3400039,,surface,,
way/617185036,43.0698663,141.3405551,,surface,,10
way/618040791,43.1210372,141.4146607,,,,
way/618561547,43.1216565,141.4134859,,,,
way/619972579,43.1166018,140.7324309,,,,
way/619972582,43.1179393,140.7315214,,,,
way/619972586,43.1176594,140.7323305,,,,
way/621696159,43.2561846,141.3599286,,,,
way/624151146,43.0563937,141.3496311,,,,
way/624154220,43.0557255,141.3434807,タイムズ,surface,,12
way/624154221,43.0556605,141.3432035,タイムズ,surface,,34
way/624154222,43.0550965,141.3423399,タイムズ,surface,,7
way/624158423,43.0570119,141.3566092,三井のリパーク,surface,,9
way/624158424,43.056619,141.357073,三井のリパーク,surface,,3
way/624221628,43.0563648,141.3561408,,surface,,
way/624413415,43.0565975,141.3555809,タイムズ,surface,,7
way/624413417,43.0568195,141.3555244,タイムズ,surface,,7
way/624413418,43.0566587,141.3556824,パークネット,surface,,10
way/624413424,43.0567391,141.3548315,パークネット,surface,,3
way/624557210,43.055487,141.3493156,,,,
way/624887347,43.0558147,141.3488924,,surface,,
way/625722278,43.0083543,141.4528933,,multi-storey,private,
way/625850391,43.0260041,141.4345939,,surface,,
way/625851692,43.0287801,141.4403405,,,,
way/625851693,43.0289511,141.4424757,,,,
way/625851695,43.0265854,141.4412673,,,,
way/625851697,43.0268488,141.4410153,,,,
way/625851698,43.0265806,141.4427961,,,,
way/625851700,43.0281857,141.4427499,,surface,customers,
way/625851704,43.0287832,141.4400882,,surface,customers,
way/625851706,43.0285482,141.437708,,,,
way/625851707,43.0293348,141.4377819,,surface,customers,49
way/625851708,43.028931,141.4376637,,,,
way/625851709,43.0284664,141.4384629,,,,
way/625851710,43.0283218,141.4393223,,,,
way/625851711,43.0278919,141.4393334,,,,
way/625851712,43.0261534,141.4381738,,,,
way/625851713,43.0254722,141.4370123,,,,
way/625851714,43.0260794,141.4376711,,,private,
way/625851715,43.0266403,141.4380993,,,,
way/625851716,43.0264513,141.437358,,,,
way/625851717,43.0266943,141.4374491,,,,
way/625853268,43.0291528,141.4435673,,,customers,
way/625853272,43.0290778,141.4487668,,,,
way/625853273,43.0275437,141.4480269,,surface,customers,
way/625853274,43.0273512,141.449719,,,customers,
way/625853275,43.0281047,141.448916,,surface,customers,
way/625853279,43.0279666,141.4462468,,surface,customers,
way/625853280,43.0280286,141.4456441,,multi-storey,customers,
way/625853283,43.0270472,141.4463453,,,,
way/625853284,43.0261573,141.445017,,,,
way/625853285,43.0261717,141.4455964,,,,
way/625853287,43.0271335,141.4456446,,,,
way/625856371,43.0287649,141.451685,,,,
way/625856375,43.026409,141.4548191,,,,
way/625856382,43.0289286,141.4504377,,surface,private,
way/625856384,43.0269417,141.4557967,,surface,,
way/625856387,43.0269007,141.4545603,,multi-storey,,
way/625856388,43.0277159,141.4548808,,,,
way/625857512,43.0542036,141.3506279,パークネット,surface,,10
way/625869795,43.0274501,141.4577743,,surface,,
way/625869796,43.0272777,141.4586172,,,,
way/625869800,43.0265458,141.4629268,,multi-storey,,
way/625869819,43.0280648,141.4603133,,,,
way/625869822,43.0284355,141.4574156,,surface,,
way/625869823,43.0284031,141.4565465,,,,
way/625869824,43.0288659,141.4585259,,surface,,
way/625869828,43.029116,141.4578452,,multi-storey,,
way/625873388,43.0278443,141.4634614,,surface,,
way/625873391,43.0275752,141.4635819,,surface,,
way/625873393,43.028108,141.4646439,,surface,,
way/625873395,43.0266856,141.4641307,,surface,,
way/625873398,43.02627,141.4649002,,surface,,
way/625873400,43.027258,141.4646197,,,,
way/625876660,42.9935136,141.4826484,,,,
way/625878522,43.0291668,141.4770178,,surface,,
way/625878523,43.0287884,141.4769259,,surface,,
way/625878524,43.0284845,141.4759616,,,,
way/625878525,43.0279369,141.4757859,,,,
way/625878526,43.0279109,141.4766785,,surface,,
way/625878527,43.0280164,141.4760763,,surface,,
way/625878528,43.0285536,141.4756344,,surface,,
way/626700155,42.9762607,141.4651459,,,,
way/626928427,43.0113722,141.4338858,,surface,customers,
way/627461597,43.0380578,141.3462548,,surface,,
way/627641510,43.0536144,141.352583,パークネット,surface,,11
way/627641511,43.0534239,141.3527062,,surface,,
way/627642636,43.0541044,141.3524843,三井のリパーク,surface,,10
way/627642637,43.0545923,141.3516271,三井のリパーク,surface,,10
way/627647129,43.0532525,141.3515076,,surface,,
way/627651886,43.0525901,141.3462234,カービスパーク 南6西8,surface,customers,15
way/628359489,42.9816954,141.4599725,,,,
way/628437878,43.0182232,141.4795542,,surface,permissive,
way/628437883,43.0191868,141.4798091,,surface,,
way/628546978,43.0129231,141.4482584,,,,
way/628546979,43.0128299,141.4497927,,,,
way/628546988,43.0123729,141.4475195,,,,
way/628591976,43.0086956,141.4601107,,,,
way/628592007,43.0100851,141.4567399,,surface,,
way/628592009,43.0100228,141.4577565,,surface,,
way/628923996,42.9740259,141.4758966,,surface,permissive,
way/628923997,42.9744062,141.4759737,,surface,permissive,
way/629124370,42.9983043,141.4661119,,surface,customers,
way/629125438,42.9999257,141.4650043,,surface,customers,
way/629128389,43.0526727,141.3512501,,surface,,
way/629129944,43.0332278,141.4335455,,surface,private,
way/629132850,43.0199606,141.4487259,,surface,private,
way/629147973,43.0168479,141.4652416,,surface,customers,
way/629179643,43.0377978,141.4529557,,surface,customers,
way/629179644,43.0382129,141.4485796,,surface,customers,
way/629179645,43.0389157,141.4484281,,surface,customers,
way/629302809,43.0530852,141.2912207,,,,
way/630077528,42.9988502,141.4440326,,,customers,
way/630790988,43.0519758,141.3507218,,surface,,
way/631813031,43.041242,141.3452833,,surface,customers,
way/635820900,43.0512992,141.353429,,,,
way/636165496,43.1790064,140.9728704,,,,
way/636165497,43.1784469,140.973427,,surface,,
way/636165498,43.178622,140.9747526,,surface,,
way/636165499,43.1779394,140.9748191,,,,
way/636165500,43.1781115,140.9749324,,,,
way/636275232,43.040409,141.3452019,エナパーク 南14西9,surface,customers,
way/638385274,43.1935816,140.9979752,タイムズ,surface,,
way/638440634,43.1921389,141.0002085,グリーン花園パーキング,surface,yes,
way/638440635,43.1928185,140.9996369,かま栄専用駐車場,surface,customers,
way/638441581,43.1909555,141.0009205,,surface,private,
way/638442190,43.193151,140.9980573,,surface,private,
way/638442191,43.1923181,140.998678,,,private,
way/638513165,43.0364103,141.4707909,,,,
way/638513166,43.0370104,141.4712206,,,,
way/638514706,43.0387378,141.4707185,,,,
way/638514707,43.0386548,141.4700517,タイムズ,surface,,
way/638947547,43.025721,141.4566213,三井のリパーク,surface,customers,25
way/638948783,43.0262764,141.4559889,Times,surface,customers,14
way/641242822,43.0490202,141.3429148,パークネット 札幌南８西１０,surface,customers,19
way/642819967,42.9855342,141.3436404,,,private,
way/645511857,43.0365262,141.4745261,,surface,,
way/645850049,43.0422428,141.3515718,ナビパーク 南14西6駐車場,surface,,6
way/645858624,43.0422398,141.3517056,,surface,,6
way/646597927,43.0657626,141.3583379,,,,
way/647415470,43.0659745,141.360316,タイムズ,surface,,8
way/647415476,43.0664714,141.3593882,タイムズ,surface,,9
way/647415482,43.0678835,141.357846,Times,surface,,10
way/647573175,43.0687176,141.3447612,,,,
way/651370060,43.0658266,141.3695869,三井のリパーク,surface,,5
way/651370061,43.0664053,141.3722582,三井のリパーク,surface,,18
way/651370062,43.0665428,141.3693862,パークネット,surface,,4
way/651370063,43.0666761,141.3699945,パークネット,surface,,8
way/651370064,43.0677897,141.3774865,パークネット,surface,,4
way/651378673,43.0687217,141.3801747,タイムズ,surface,,15
way/651517236,43.0633731,141.3586105,タイムズ,surface,yes,14
way/651517237,43.0643191,141.3585853,タイムズ,surface,,10
way/651517238,43.0635457,141.359354,,,private,
way/651517239,43.0633004,141.3593651,,,private,
way/652971351,43.0617058,141.3592104,タイムズ,surface,yes,30
way/653001885,43.0997538,141.3896261,,,,
way/653039540,43.1417908,141.3370815,,,,
way/653040896,43.1442715,141.317839,,,,
way/653275894,43.063276,141.3632386,タイムズ,surface,,11
way/653774895,43.0413871,141.3468024,,,customers,
way/654418793,43.0351819,141.3440461,パークネット 札幌南１８西１１,surface,customers,10
way/656362431,43.0606149,141.3613045,タイムズ,surface,,11
way/656362432,43.0607051,141.3609907,タイムズ,surface,,8
way/657100987,42.9045943,140.7696802,,,,
way/657100991,42.904002,140.770518,,,,
way/657101000,42.9003508,140.7678009,倶知安町除雪機械センター,,,
way/663188698,43.0598212,141.3599255,パークネット,surface,,8
way/663188699,43.0598065,141.3598035,,,,
way/663188700,43.0598158,141.3595929,,surface,customers,
way/663188701,43.0596771,141.3598826,,,private,
way/663660951,43.0596534,141.3645671,,surface,private,
way/664544350,43.0579126,141.3606782,三井のリパーク,surface,,8
way/664544351,43.0575461,141.3605239,三井のリパーク,surface,,7
way/664544352,43.0575274,141.3603831,,surface,,
way/665712568,43.0569178,141.358825,三井のリパーク,surface,,19
way/665712569,43.0567156,141.3590267,三井のリパーク,surface,,7
way/665838850,43.2103067,140.9764277,,,customers,
way/665838851,43.2105129,140.976022,,,customers,
way/665842551,43.2125028,140.9839499,,,private,
way/665992337,43.0570427,141.3619461,,surface,,
way/666072069,43.180749,140.9818277,,,private,
way/666088062,43.1458807,141.1473011,,,private,
way/666088070,43.1472749,141.1459224,,surface,private,
way/666247087,43.1719891,141.0488171,,,,
way/666295740,43.0578194,141.3648521,タイムズ,surface,,14
way/666297979,43.0560943,141.3591638,パークネット,surface,,22
way/667050569,43.0556414,141.360167,パークネット,surface,,6
way/667050574,43.0551472,141.3599922,パークネット,surface,,12
way/667050579,43.0551784,141.3605887,パークネット,surface,,7
way/667579679,43.0545474,141.3593163,タイムズ,surface,,8
way/667579680,43.0553733,141.3597843,タイムズ,surface,,7
way/667579681,43.0547577,141.359345,,surface,private,
way/670641352,43.0289358,141.4050616,,surface,private,6
way/670641359,43.0285002,141.4048704,,,customers,
way/670645303,43.0323504,141.4223232,,surface,,
way/670645304,43.0316945,141.4213042,,surface,,
way/670645305,43.031121,141.4212339,,surface,customers,
way/670913721,43.1424338,141.235862,,,,
way/671002934,43.2073323,140.9811155,,,,
way/671003293,43.208196,140.9824286,,,,
way/671003294,43.2081648,140.9827688,,,,
way/671003720,43.2087157,140.9831633,,,,
way/671003721,43.2086719,140.9828639,,,,
way/671009382,43.2082086,140.9803072,,,,
way/671009663,43.2083906,140.9830423,,,,
way/671012711,43.208543,140.9778084,,,,
way/671012712,43.2083424,140.9779975,,,,
way/671013267,43.210434,140.9808198,,,,
way/671013994,43.2093811,140.977597,,,,
way/671014143,43.2064951,140.9768227,,,,
way/671014144,43.2066737,140.9772992,,,,
way/671014145,43.2069135,140.9769318,,,,
way/671015222,43.207057,140.9763679,,,,
way/671015239,43.205539,140.9745151,,,,
way/671016959,43.1824058,141.0083444,,surface,private,40
way/671016962,43.1849342,141.0061345,,,,
way/671017281,43.2060136,140.9731886,,,,
way/671020943,43.2046522,140.96843,,,,
way/671045584,43.2094935,140.9768499,,,,
way/671045849,43.2093312,140.9773746,,,,
way/671050395,43.0033409,141.4335198,,surface,customers,
way/671063843,43.0342017,141.4291039,,,,
way/673591216,43.2119294,141.008887,,,,
way/673591897,43.1881933,141.0165232,,surface,customers,
way/673592656,43.1572996,141.043998,,,,
way/673601231,43.0403409,141.3493308,,,,
way/673607407,43.036681,141.4243474,,,,
way/673625280,43.1253801,141.4152818,,,,
way/675152223,43.0642894,141.3657609,,,,
way/675971748,43.0858997,141.3627569,,,,
way/676428794,43.1894203,140.8461024,,,,
way/679201086,43.0914794,141.3401784,,,,
way/679201087,43.0903955,141.3376608,,surface,,
way/679403457,42.992725,141.3316056,,,,
way/679403458,42.9925386,141.3312483,,,,
way/679403459,42.9923408,141.3321268,,,,
way/683561845,43.0475922,141.3532698,,surface,,
way/684969286,43.0366045,141.3450035,,surface,,
way/684969292,43.0392062,141.3538784,,,customers,
way/685095394,43.0414474,141.3471502,スマートパーキング,,,
way/685447877,43.5857172,141.4233185,,,,
way/685457085,43.7741515,141.3689792,,,,
way/685635110,43.1926639,140.7857207,,,,
way/685636337,43.1859017,140.782967,,,,
way/686910295,43.1523598,140.7894042,,,,
way/688015229,43.0426945,141.3550351,,surface,yes,
way/691562828,43.069391,141.3469556,三井のリパーク,surface,,40
way/691858466,43.0430353,141.3436966,アークスグループ社員専用駐車場,surface,private,
way/692101958,43.15445,141.0109242,,,,
way/692226914,42.9786357,141.4692697,,,,
way/692226920,42.9782366,141.4699701,,,,
way/692603434,43.0413077,141.3476668,,,,
way/693996255,43.0301426,141.3456387,,multi-storey,,
way/693996256,43.030225,141.3453095,,,,
way/694042465,43.0011895,141.4452994,,,,
way/695013333,43.0519843,141.485558,,,,
way/695018762,43.1525813,141.3987943,,,,
way/695023199,43.104686,141.2520791,ていね温泉;ほのか,,,
way/696073690,42.9663323,141.3326479,,,,
way/696073691,42.9664619,141.3318767,,,,
way/696085981,42.9688504,141.3345365,,,,
way/696250807,43.0168669,141.4764502,,,,
way/696464503,43.0362858,141.501581,,,,
way/697091229,42.9642458,141.3259637,,,,
way/697115887,43.0429022,141.4635947,,,,
way/697532051,43.0501636,141.4831922,,,,
way/697534960,43.0432617,141.4777851,,,,
way/697534961,43.0428955,141.4773651,,,,
way/698124184,43.0648721,141.2995423,,surface,customers,
way/698124185,43.0646091,141.2991634,,surface,customers,
way/698124186,43.065464,141.2980818,,surface,customers,
way/698141589,42.9679159,141.219119,,,,
way/698144804,43.0181924,141.489339,,,,
way/698144805,43.0178285,141.4905304,,,,
way/698145959,43.0161883,141.493241,,,,
way/698146823,43.2448359,141.3497511,,,,
way/698149378,43.1370624,141.3296586,天然温泉;あしべ屯田,,,
way/698149876,43.1030371,141.4181453,,,,
way/698173847,43.001219,141.4363642,,surface,,250
way/698220694,43.1009016,141.3775307,こうしんの湯,,,
way/698749221,43.0406721,141.428168,,,,
way/699048713,43.041458,141.3512143,,surface,,4
way/699048714,43.0404532,141.3531994,,surface,yes,
way/699048715,43.0367127,141.35114,,surface,,
way/699294715,43.057423,141.301999,,surface,customers,
way/700255039,42.9627448,141.304792,,,customers,
way/700530918,43.0267749,141.4484767,月極駐車場,,,
way/700530922,43.0271292,141.4475386,,,,
way/701844822,43.0597805,141.3611131,,,,
way/702075577,42.9609905,141.3053639,,,customers,
way/702100075,43.0388778,141.3625917,,surface,no,
way/702437505,43.0479861,141.354107,,,,
way/704299844,42.9619998,141.2930441,,,customers,
way/704299845,42.9622286,141.2917228,,,customers,
way/708291013,43.0372165,141.3372847,,surface,,
way/708402835,43.1102935,141.5475306,,,,
way/708402836,43.1108145,141.5475773,,,,
way/708402837,43.1104364,141.5480422,,,,
way/708402841,43.1082171,141.5457138,,,,
way/708402842,43.1085182,141.5461324,,,,
way/708402843,43.1082659,141.5464227,,,,
way/708402845,43.1062579,141.5419188,,surface,,
way/708402846,43.1037393,141.5396809,,,,
way/708410600,43.1040423,141.5403183,,,,
way/708410604,43.0935248,141.52506,,,,
way/708410606,43.0932306,141.5243188,,,,
way/708410610,43.0912592,141.5216496,,surface,,
way/708410612,43.0907606,141.5209782,,surface,,
way/708421861,43.1111137,141.548861,,,,
way/708421872,43.092861,141.5297028,タイムズ,surface,,90
way/710497585,43.0524611,141.3844943,,surface,customers,
way/710502673,43.0501988,141.3883671,,surface,customers,
way/710502675,43.0528773,141.3923387,,surface,customers,
way/710502676,43.0518932,141.39168,共栄湯駐車場,surface,customers,6
way/710502677,43.0505552,141.3902024,,surface,customers,
way/710502678,43.0497728,141.3889554,,surface,customers,
way/710683341,43.0547742,141.3868824,,surface,customers,4
way/711140518,43.1095303,141.3370122,タイムズ,surface,yes,42
way/711141192,43.0864873,141.3267639,,surface,customers,
way/711142602,43.086026,141.3263407,,,customers,
way/711142603,43.0854067,141.32605,,,customers,
way/712244942,43.0766117,141.4828504,,,,
way/712317369,43.0956882,141.535252,,,,
way/712397965,43.1144574,141.53881,,,,
way/712448951,43.0723205,141.5441795,,,,
way/712451032,43.0673913,141.541209,,,,
way/712451033,43.0696337,141.5402606,,,,
way/712462302,43.0885318,141.5010075,,,,
way/712560632,43.1086333,141.5397272,,,,
way/712560633,43.1084949,141.539535,,,,
way/712566943,43.0992823,141.5418566,,,,
way/712704553,43.0986803,141.5444716,,,,
way/712704560,43.0947985,141.5456921,,,,
way/712704577,43.0994601,141.5508633,,,,
way/712704583,43.0980986,141.5504145,,,,
way/712704584,43.0989158,141.5496913,,,,
way/712731049,43.0353949,141.3625389,,multi-storey,permissive,
way/712731574,43.0057024,141.4407973,,surface,customers,
way/712731575,43.005211,141.4406283,,surface,customers,
way/713799829,43.0702237,141.4981318,,,,
way/714691627,43.1061702,141.5397837,,,,
way/714959386,43.0886028,141.5168475,,surface,,
way/715210976,43.0719967,141.4963684,,,,
way/715596544,43.0669135,141.490146,,,,
way/715983482,43.0557503,141.4846406,,,,
way/715983483,43.0569078,141.4842556,,,,
way/716002084,43.0896893,141.5194399,,surface,,
way/716007922,43.1180931,141.5341293,,,,
way/716007923,43.1203486,141.5318072,,,,
way/716010220,43.1188623,141.5314707,,,,
way/716441552,43.0821019,141.5019802,,,,
way/716441555,43.0840661,141.5038789,,,,
way/716441556,43.0842406,141.5042733,,,,
way/716441558,43.0837869,141.5042163,,,,
way/717032989,43.0557773,141.4893839,,,,
way/717032990,43.0558326,141.4891457,,,,
way/717426334,43.1375653,141.2173305,,surface,,
way/717426338,43.1373153,141.2182006,,,,
way/717436107,43.1380734,141.2200608,,,,
way/717436111,43.1380125,141.2206873,,,,
way/717452700,43.1382676,141.2225094,,,,
way/717767123,43.0974257,141.5458707,,,,
way/717767124,43.0976906,141.5461747,,,,
way/718087894,43.1578584,141.4566472,,,,
way/718087895,43.1571021,141.4571663,,,,
way/720359333,43.0484784,141.3555008,,,,
way/721578699,43.0219123,141.3260594,,surface,,
way/721578703,43.0216341,141.3242612,,,,
way/723284213,42.9032228,141.5726153,,,,
way/723284870,42.9039225,141.5733286,,surface,,
way/724633872,43.0451577,141.3362778,ハローワーク札幌 臨時駐車場,surface,customers,
way/724746811,43.0378812,141.3372534,NPC24H南１６西１４パーキング,surface,customers,56
way/725703562,43.0720625,141.3351768,,surface,customers,
way/726171343,43.0716594,141.3286235,,,customers,
way/731613559,42.9505768,141.3110512,,,customers,
way/731613560,42.9496718,141.3111612,,,customers,
way/733132810,42.964023,141.2817986,,,customers,
way/737297357,43.0563396,141.3318998,三井のリパーク,surface,,4
way/737722743,43.0399465,141.3392376,,surface,customers,
way/738201192,43.1687217,140.7923933,,,,
way/742722681,43.0679974,141.3318475,タイムズ,surface,,28
way/749115767,42.9782009,141.5638805,市営東駐車場,multi-storey,,
way/749367794,43.0505074,141.3266847,Dパーキング南6条西21丁目第2,surface,,7
way/749951543,42.9685253,141.5494782,,,,
way/749951544,42.9679965,141.5442122,,,,
way/749977528,43.0491188,141.3296103,第11桂和パーキング,surface,,
way/749977529,43.048977,141.3317072,,,,
way/750022039,42.9345385,141.4519296,,,,
way/750022040,42.9340908,141.4523298,,,,
way/750022041,42.9353103,141.4537425,,,,
way/750022042,42.9356501,141.4528711,,,,
way/750022043,42.9371072,141.4558308,,,,
way/750022044,42.9370019,141.4550728,,,,
way/750022045,42.938335,141.4560187,,,,
way/750094841,42.9987574,141.4427258,,surface,customers,
way/750094842,42.9973714,141.4430249,,surface,customers,
way/750302873,43.0671554,141.3338271,,surface,private,
way/750327957,43.0297337,141.4531337,,,,
way/750985530,42.9809254,141.5621305,,,,
way/751565081,43.1005961,141.3590328,,,,15
way/751565083,43.0980741,141.3589458,,,,
way/751847354,43.0998962,141.3587625,,surface,customers,10
way/751847355,43.1002072,141.3586176,,surface,private,15
way/751847356,43.1009782,141.3590085,,surface,yes,10
way/751847357,43.0995333,141.358536,,surface,private,20
way/751847359,43.0989857,141.3594115,,surface,private,6
way/751847360,43.0991518,141.3602765,,surface,yes,12
way/752186148,43.0492592,141.3356437,カエルパーキング 南8西14 (1),surface,customers,9
way/752996850,43.0987312,141.3594468,,,,6
way/752996858,43.0954539,141.3605543,,surface,,
way/752996859,43.0952628,141.3610549,,surface,,
way/753443813,42.9792561,141.4891039,,,,
way/753489493,43.0210215,141.5599711,,surface,customers,
way/753916986,43.0491191,141.3356696,,surface,permissive,14
way/754115902,43.0669094,141.3377885,豊栄建設（株） お客様駐車場,,,
way/755537852,42.9849113,141.5631174,,,,
way/756069004,42.9987632,141.524495,,,,
way/756957849,42.9686958,141.5459106,,,,
way/757490067,42.9629915,141.5538203,,,,
way/757727837,42.9931404,141.5586028,,,,
way/757766850,42.9462539,141.5019386,,,,
way/758603225,42.9562698,141.5498965,,,,
way/761918501,43.0413838,141.3488904,,,,
way/762394596,43.0652199,141.3377937,Times,surface,,5
way/762398722,43.0649974,141.3345955,,,,
way/762559357,42.9857171,141.5627225,,,,
way/764022403,43.0659888,141.3326732,三井のリパーク,surface,,14
way/764022404,43.066384,141.3289236,三井のリパーク,surface,,10
way/764022405,43.0653763,141.3329263,三井のリパーク,surface,,8
way/764022406,43.0657714,141.3246719,三井のリパーク,surface,,7
way/765155076,43.064321,141.3250881,,surface,,6
way/765155077,43.0637639,141.3251877,,surface,customers,
way/766255872,43.0643102,141.3377819,Times,surface,,41
way/766265808,43.0646072,141.3362849,Times,surface,,15
way/766272280,43.0641197,141.3348094,Times,surface,,12
way/766272281,43.0643328,141.3340027,Times,surface,,9
way/766272286,43.0641937,141.3337317,,surface,,
way/766496068,43.0635062,141.3315261,,surface,,
way/766615699,43.0633443,141.3269241,,surface,,
way/766615823,43.0627637,141.3284697,,surface,,
way/766615925,43.0634325,141.3284207,,surface,,
way/766785617,43.0623701,141.3206378,,surface,customers,
way/766786279,43.0621161,141.3197982,,surface,private,
way/767051269,43.0619557,141.3186473,三井のリパーク,surface,,16
way/767051270,43.0623238,141.3164298,三井のリパーク,surface,,10
way/767051271,43.0610897,141.3163044,三井のリパーク,surface,,7
way/767051272,43.0633049,141.3155633,三井のリパーク,surface,,5
way/767528210,43.0945875,141.3606401,,surface,,
way/767528211,43.0943978,141.3611808,,surface,,
way/767599569,43.0614239,141.3164166,Times,surface,,8
way/767599570,43.0607552,141.3159774,Times,surface,,17
way/768679461,42.9864943,141.5558105,フレップパーキング,,,
way/769012133,43.099283,141.3595957,,surface,,
way/769012135,43.1001219,141.3593641,,surface,yes,
way/769365755,43.0604615,141.3202172,パークネット,surface,,24
way/769482065,43.0608036,141.335441,Times,surface,,49
way/769649003,43.0610915,141.3345044,Times,surface,,18
way/769766291,43.0597871,141.3272984,,surface,customers,
way/769930091,43.0439475,141.3472488,南12条千葉歯科クリニック 指定駐車場,,,
way/770071790,43.0599222,141.3261821,Dパーキング 北二条西20丁目第1,surface,customers,14
way/770071791,43.0599448,141.3258408,Times,surface,,37
way/772701706,43.0591496,141.3202831,,surface,,
way/772704109,43.0594998,141.3167333,Times,surface,,24
way/772704110,43.0579408,141.3182641,Times,surface,,11
way/772709576,43.0591338,141.3140675,,surface,customers,
way/772811456,43.058184,141.3358801,パークネット,surface,,16
way/772815035,43.0582497,141.3337449,,surface,,
way/772815036,43.0583472,141.3343215,,surface,,
way/772821557,43.0590817,141.3311623,,,,
way/772904539,43.0580418,141.3325957,Times,surface,,36
way/772907404,43.0588101,141.3311313,,surface,,
way/773002351,43.0579135,141.3312002,,surface,,
way/773002352,43.0578571,141.3307711,Times,surface,,7
way/773002353,43.0576477,141.3316492,,surface,,
way/773778956,43.0584413,141.3286905,三井のリパーク,surface,,3
way/773787860,43.0581593,141.3287251,Times,surface,,10
way/773787862,43.0574094,141.3294902,,surface,,
way/773888605,43.05802,141.325602,三井のリパーク,surface,,6
way/773889725,43.0574854,141.3258035,,surface,,
way/775569742,43.0656356,141.3451379,Times,surface,yes,41
way/775857309,43.049707,141.3244813,,surface,customers,
way/775857551,43.0591666,141.3123863,,,customers,5
way/776230732,43.0570012,141.3249048,Times,surface,,17
way/776353814,43.0574597,141.3215378,,surface,,
way/777034385,43.0189888,141.3882449,,surface,customers,
way/777379539,43.0117559,141.3872437,,surface,customers,
way/777416235,43.0745343,141.2972737,,surface,,
way/777416236,43.0902544,141.3084673,,surface,customers,
way/777417251,43.1065584,141.2726773,,surface,customers,
way/777418653,43.1280208,141.2557982,,surface,customers,
way/777418654,43.128562,141.2569034,,surface,customers,
way/777418655,43.1298288,141.2603871,,surface,customers,
way/777425871,43.0590209,141.370807,,,customers,7
way/777430266,43.0409379,141.4135266,,surface,customers,
way/777433581,43.0607489,141.41134,,surface,customers,7
way/777460201,43.0729928,141.3436223,,surface,permit,6
way/777460202,43.0728175,141.3436711,,,permit,5
way/777460203,43.0728386,141.3438936,,surface,permit,
way/777460204,43.0732653,141.3437273,,surface,permit,
way/777460208,43.0734004,141.3435557,,surface,permit,
way/777460209,43.073247,141.342627,,surface,permit,
way/777460214,43.0694967,141.3415496,,surface,customers,
way/778290225,43.0762338,141.316504,,surface,customers,
way/779434128,43.0696631,141.3148355,,surface,customers,
way/779718395,43.0718566,141.3139006,三井のリパーク,surface,,8
way/779718396,43.069749,141.3123728,三井のリパーク,surface,,15
way/779718397,43.0677915,141.3128019,三井のリパーク,surface,,15
way/781951308,43.0228337,141.3977542,,,,
way/782294849,43.0480113,141.3472288,,surface,,11
way/783521036,43.0671579,141.3570812,,,,
way/783521037,43.0666161,141.3572968,,surface,,
way/783521038,43.0666825,141.357732,,surface,,
way/783521040,43.0668385,141.358476,,surface,,
way/783521041,43.06686,141.3587026,,,private,
way/783521042,43.0668752,141.3588971,,,private,
way/783521043,43.067222,141.3584384,,,private,
way/783521044,43.0676399,141.3583418,,,private,
way/783523557,43.0706056,141.3279568,,,customers,
way/783526591,43.063439,141.3133736,,,private,
way/783526592,43.0632808,141.3130356,,,,
way/783526593,43.0631936,141.3129089,,,private,
way/783526594,43.0629256,141.3127298,,,private,
way/783526595,43.0630579,141.3133964,,,private,
way/783526601,43.0629839,141.3132562,,,,
way/783757644,43.0693452,141.3155868,地下鉄二十四軒地下駐車場,underground,,
way/783758388,43.0688338,141.3147126,,surface,private,
way/783758389,43.0673337,141.3146886,,surface,private,
way/783758390,43.0665708,141.3141444,,surface,private,40
way/783760139,43.0702525,141.3130289,,surface,private,
way/784339164,43.0698531,141.3108647,,,,
way/784341525,43.0660943,141.313679,,surface,customers,23
way/784341526,43.0659958,141.3141303,,surface,private,
way/784431026,43.0452971,141.348895,,surface,,
way/784431027,43.0453225,141.349305,,surface,,
way/784431028,43.0451176,141.3494122,,surface,,
way/785016583,43.0448152,141.3500525,,,,
way/785455217,43.041023,141.3383642,新健康協会 札幌支部,surface,private,20
way/785696866,43.0372726,141.3379873,タイムズ 南１７西１４,surface,customers,36
way/785876514,43.0690075,141.3096992,,,customers,
way/785876515,43.0684431,141.3090401,,,,
way/785898659,43.0572421,141.3172037,,,,
way/786340374,43.048384,141.3370237,,surface,private,6
way/786566231,42.9820787,141.5542332,,,customers,
way/788731211,43.0381498,141.3504817,,surface,,
way/788731212,43.0380715,141.3500401,,surface,,
way/788731213,43.0380591,141.3496981,TOKO 専用駐車場,surface,private,
way/788731215,43.0380417,141.349023,,surface,customers,
way/788731216,43.0375938,141.3489546,南17条西8 パーク,surface,customers,
way/789066873,43.0570717,141.3397964,パークネット 札幌南１西１２,surface,customers,20
way/789313808,43.0571628,141.3374137,,,,
way/789313809,43.0574328,141.3379966,,surface,customers,
way/789338060,43.0566002,141.3373201,タイムズ 札幌南一条病院,surface,customers,26
way/789710315,43.0571496,141.3353814,,surface,,
way/789710316,43.0572168,141.3361984,,surface,,
way/789758831,43.0374537,141.3482651,,,,
way/789758833,43.0374379,141.3457638,,,,
way/791274245,43.0486877,141.3369981,カエルパーキング 南8西14 (2),surface,customers,9
way/791274247,43.0486705,141.3373352,タイムズ 南８西１３,surface,customers,5
way/791562618,43.0568198,141.3332959,パークネット,surface,,12
way/791946526,43.0567164,141.3322531,,,customers,
way/792350294,43.0567232,141.3318387,三井のリパーク,surface,,7
way/792747480,43.0772332,141.2917027,,surface,,
way/792748730,43.0777166,141.29052,,surface,,
way/792750946,43.0784888,141.2904075,,surface,private,
way/792755426,43.0827437,141.2819257,,surface,customers,
way/792883701,43.0824834,141.2824732,,surface,customers,
way/792958184,43.2307014,141.5487619,,,,
way/792958196,43.2322288,141.5494931,,,private,
way/792958197,43.2324724,141.5506511,,,private,
way/793090642,42.9877195,141.5624853,,,,
way/793170181,43.0749547,141.3132906,,surface,customers,40
way/793318171,42.9540101,141.5475384,,,,
way/793318172,42.9533081,141.5462784,,,,
way/793318173,42.9528466,141.545723,,,,
way/793349904,43.0513797,141.4722385,,,,
way/793860237,43.0428589,141.4747104,,,,
way/793861887,43.0413594,141.4708257,,,,
way/793866345,43.0493182,141.4822677,,,,
way/793866346,43.0486686,141.4814902,,,,
way/793868197,43.0576908,141.4841852,,,,
way/793868198,43.0582868,141.4832498,,,,
way/794224037,43.049537,141.4814733,,surface,customers,
way/794224042,43.0497442,141.4827166,,,,
way/794224044,43.0496228,141.4828518,,,,
way/794224045,43.0487515,141.4828318,,,,
way/794391267,43.0540396,141.4861717,,,,
way/794400052,43.050838,141.4827198,,,,
way/794400055,43.0459465,141.4781572,,,,
way/794400056,43.046298,141.4785976,,,,
way/794400058,43.0473516,141.4783769,,,,
way/794400059,43.0479095,141.4788163,,,,
way/794400060,43.0481305,141.4793205,,,,
way/794400063,43.0456367,141.478882,,,,
way/794402317,43.0439403,141.4778331,,,,
way/794402321,43.0442929,141.4770251,,,,
way/794406635,43.0381811,141.4675759,,,,
way/794406636,43.0372315,141.4656351,,,,
way/794616128,43.0617292,141.4851283,,,,
way/794785791,43.0478455,141.4794533,,,,
way/794785794,43.0483717,141.4800097,,,,
way/794785795,43.0470198,141.4770699,,,,
way/794796422,43.0505857,141.4828603,,,,
way/794796431,43.049227,141.4809604,,,,
way/794796432,43.0490774,141.4790018,,,,
way/794796433,43.0491994,141.4789205,,,,
way/794796436,43.0490102,141.4779453,,,,
way/794796441,43.0506853,141.4803845,,,,
way/794796442,43.0499499,141.4813067,,,,
way/794796444,43.050132,141.4816579,,,,
way/794800648,43.0435638,141.4769337,,,,
way/794802535,43.046024,141.479064,,,,
way/794802536,43.0458298,141.4770549,,,,
way/794802537,43.0455266,141.4767259,,,,
way/794805993,43.0427811,141.4735122,,,,
way/794805999,43.0422466,141.4750585,,,,
way/794806001,43.0416505,141.4756038,,,,
way/794809991,43.0500385,141.4919032,,,,
way/794809992,43.050275,141.4901636,,,,
way/795014982,43.0560743,141.3233579,,surface,,
way/795088331,43.0452645,141.4778049,,,,
way/795088332,43.0448849,141.4771851,,,,
way/795088336,43.0442305,141.4759423,,,,
way/795088338,43.0438937,141.4759468,,,,
way/795088339,43.0432328,141.4748055,,,,
way/795088340,43.0431077,141.4749579,,,,
way/795088341,43.0429371,141.4751122,,,,
way/795088342,43.0424358,141.4756767,,,,
way/795088344,43.0419013,141.4762154,,,,
way/795088345,43.0412642,141.4759634,,,,
way/795088346,43.0411397,141.4759568,,,,
way/795207252,42.9233974,141.5371098,,,,
way/795256222,43.05045,141.4758326,,,,
way/795256223,43.0507185,141.4763001,,,,
way/795256224,43.0443439,141.4737716,,,,
way/795262276,43.0369767,141.4838219,,,,
way/795319113,43.0784046,141.290977,,,,
way/795319114,43.077973,141.2898151,,,,
way/795319119,43.0775069,141.2908763,,,,
way/795319135,43.079574,141.2883685,,,,
way/795319136,43.0798316,141.2884722,,,,
way/795319137,43.0797044,141.2881546,,,,
way/795332046,43.0783212,141.2873348,,,,
way/795332048,43.0782027,141.287639,,,,
way/795332051,43.0777126,141.2898768,,,,
way/795332052,43.0777176,141.2896963,,,,
way/795332055,43.0767848,141.2894211,,,,
way/795369210,43.0776335,141.2927886,,,,
way/795439706,43.0557266,141.322766,,,private,
way/795858933,43.0551619,141.4870487,,,,
way/795858934,43.0546753,141.4847507,,,,
way/795861768,43.065967,141.4840959,,,,
way/795880216,43.0754323,141.4873292,,,,
way/795880217,43.0752472,141.4874487,,,,
way/795880218,43.0728614,141.4870312,,,,
way/795880219,43.0725509,141.4874506,,,,
way/795880220,43.0722522,141.4882863,,,,
way/795880224,43.0724198,141.4888118,,,,
way/795880225,43.069726,141.4847538,,,,
way/795880226,43.0694101,141.4847546,,,,
way/795880227,43.0695397,141.4846703,,,,
way/795880231,43.0682006,141.4845428,,,,
way/795883652,43.0630953,141.4752345,,,,
way/795888160,43.0836695,141.5033269,,,,
way/796236248,43.043506,141.3408388,カービスパーク 南12西12,surface,customers,24
way/796394353,43.0703577,141.539783,,,,
way/796400718,43.0576387,141.4827901,,,,
way/797494954,43.053276,141.4848239,,,,
way/797500719,43.0528109,141.4844465,,,,
way/797500720,43.052237,141.4843901,,,,
way/797721689,43.0851896,141.5066526,,,,
way/797754831,43.0635948,141.4825499,,,,
way/797754836,43.0627397,141.4809636,,surface,,
way/797758168,43.0640077,141.4788019,,,,
way/797758169,43.0645736,141.4780723,,,,
way/797780561,43.0616719,141.5033363,,,,
way/797783871,43.0562309,141.4795915,,,,
way/798608171,43.0564326,141.4842905,,,,
way/798608939,43.060871,141.4771095,,,,
way/798998508,43.0415685,140.7262192,,,private,
way/799292729,43.5877823,141.3867662,,,,
way/801436083,43.059961,141.2613344,,,,
way/801499021,43.0367457,141.3359319,フーヅセンターやまもと 駐車場,surface,customers,13
way/802552748,43.041501,141.3398883,,surface,private,
way/807912958,42.9873755,141.5725127,,surface,customers,
way/807912966,42.9868927,141.5727615,,surface,customers,
way/807946093,43.034869,141.3440684,,,,
way/807946094,43.0347343,141.3440847,ネクステップ 南19西11 パーキング,surface,customers,
way/807984857,43.042882,141.3409065,,surface,customers,6
way/807984858,43.0428283,141.340067,,surface,private,6
way/807984859,43.0430281,141.3400836,,surface,private,6
way/808215634,43.039662,141.3494816,,surface,private,
way/810749510,42.9797462,141.5655174,,,customers,
way/810752729,42.9798254,141.5649912,三井のリパーク,surface,,60
way/810752730,42.9804269,141.5647264,,,,
way/813729811,42.9765551,141.5676755,,surface,customers,
way/813729812,42.9760754,141.5675381,,surface,customers,
way/813765888,43.0416002,141.3502999,,surface,private,
way/813842600,43.0428182,141.3522038,レックス 南13西5 パーキング,surface,customers,5
way/815168289,43.0467571,141.3488927,,surface,permissive,
way/817442930,43.0352819,141.3495841,システムパーク 南18西8,surface,customers,20
way/818607830,42.9736841,141.5580628,,,private,
way/818607831,42.9733241,141.5572808,,,private,
way/818607832,42.9731818,141.5582183,,,private,
way/819084619,42.9914205,141.1607912,,surface,,0
way/819705142,43.0359723,141.3480201,,surface,private,
way/819705143,43.0360168,141.3478199,山鼻東屯田通郵便局 専用駐車場,surface,private,
way/823390021,43.0469885,141.3479864,,,,
way/823390023,43.0465929,141.3474937,カエルパーキング 南10西8,surface,customers,
way/823390025,43.0466847,141.3471814,,surface,private,
way/823390026,43.0465327,141.346691,あけぼの駐車場,surface,private,
way/824481979,42.978245,141.5430212,学生駐車場,surface,,
way/824765084,43.0391187,141.3502464,カービスパーク 南16西7,surface,customers,9
way/828315197,43.0472527,141.3387234,タイムズ 南９西１３,surface,customers,13
way/828392247,43.0470106,141.3371797,三井のリパーク 札幌南９西１４,surface,customers,10
way/829393012,43.0434351,141.3353535,シンエイパーキング,surface,customers,
way/829474418,43.4803103,141.3965458,,,,
way/829501078,43.7392726,141.3453732,,,,
way/829538750,43.763129,141.3625533,,,,
way/829538760,43.7796471,141.3704115,,,,
way/829895584,43.8495815,141.5158189,,,,
way/829895585,43.8468953,141.5145127,,,,
way/831040453,43.040651,141.3387297,,surface,,
way/831652340,43.0382724,141.3482107,ラルズマート 社員専用駐車場,surface,private,
way/831696612,43.0578275,141.3423472,カービスパーク 南1西10,surface,customers,8
way/833713720,43.0437076,141.3516695,三井のリパーク 札幌南１２西６,surface,customers,16
way/834071908,43.0321509,141.3414355,トラストパーク 南20西12,surface,customers,5
way/837516875,43.1122604,141.3633031,,,,
way/837516876,43.1120503,141.3628665,,,,
way/837518459,43.1122154,141.3577154,,surface,customers,
way/837521179,43.1194172,141.3496554,三井のリパーク,surface,,9
way/837784532,43.1873766,141.0102137,ラーメン初代駐車場,,,
way/837810722,43.1868676,140.7971018,,,customers,
way/837811013,43.1854457,140.7971196,,,,
way/837816132,43.1831032,140.8152329,,,,
way/837816470,43.1829867,140.8081787,,,,
way/838029273,43.1716034,140.8071083,,,,
way/838031166,43.1939879,140.784956,,surface,customers,
way/838033065,43.1909322,140.7854511,,,,
way/838037954,43.2078008,140.770167,,,,
way/842071622,43.0247256,141.4076624,,,,
way/842074218,43.0290125,141.410456,,surface,customers,
way/843800615,43.0549604,141.3369412,,surface,customers,30
way/843822489,43.0289248,141.3394447,,surface,customers,
way/844107957,43.0269402,141.34145,,surface,customers,
way/844163255,43.0739973,141.3484476,北11条西4丁目駐車場,surface,customers,
way/844673869,43.3164347,141.4359798,,,,
way/844673870,43.3168473,141.4385504,,surface,customers,
way/844673955,43.3195929,141.4463986,,,,
way/844678960,42.9863225,141.5500609,,,,
way/845850448,42.9757965,141.5540825,,,,
way/845850449,42.9762159,141.5540929,,,,
way/845850450,42.9751933,141.5537243,,,,
way/845874347,43.578334,141.3878998,,surface,,
way/846357519,43.035802,141.3465047,神慈秀明会 札幌支部 専用駐車場,surface,private,
way/846851712,42.9859664,141.5633571,,,,
way/846860793,43.4000305,141.43484,,,customers,
way/848719959,43.1343366,141.0401619,,,,
way/848719960,43.1344972,141.0405914,,,,
way/848719964,43.1341874,141.0437054,,,,
way/848725565,43.1362553,141.0303344,,,,
way/848728288,43.1247975,141.0398306,,,,
way/849365402,42.96378,141.4748688,,,,
way/849365746,42.9649972,141.4766556,,,,
way/849595427,42.9884675,141.5623931,,,,
way/849595428,42.9868049,141.5642097,,,,
way/850040491,43.0121061,141.5182241,,,,
way/851928000,43.0175644,141.4867455,ジェイパーキング,surface,,
way/851928001,43.019392,141.4892485,,,,
way/852580735,43.0367366,141.3840169,,surface,customers,
way/853045833,43.0031659,141.5516529,,,,
way/855447388,43.0722675,141.3603596,,surface,customers,
way/857048417,43.034339,141.340263,,surface,customers,
way/857375634,43.0203971,141.4886591,,,,
way/857375635,43.0207974,141.4882871,,,,
way/857377412,43.0217917,141.4880099,,,,
way/857377531,43.0189231,141.4892484,,,private,
way/857456576,43.0682071,141.3057288,,surface,,
way/859507237,43.0413813,141.3451357,,,,
way/859879825,42.9857918,141.5635336,,,,
way/862465282,43.0329551,141.3459289,トラストパーク 南20西10,surface,customers,7
way/862968439,43.0415308,141.3491635,,surface,,
way/862968440,43.0413229,141.3491808,,surface,,
way/862968441,43.0414328,141.3493165,,surface,,
way/865800114,43.0400396,141.3380834,月極駐車場,surface,,
way/867166649,43.038082,141.3269289,エルムガーデン 第2駐車場,surface,customers,
way/884334856,43.0431342,141.3396446,,surface,customers,
way/884399679,43.1602434,141.1090578,,surface,yes,
way/885506274,43.1388419,141.1667306,,surface,customers,
way/885506275,43.1390361,141.1651944,,surface,customers,
way/885604611,43.1441868,141.1592219,Dパーキング銭函駅前第一,surface,,8
way/885604612,43.1431279,141.1460034,,surface,customers,
way/885731677,43.0434069,141.3438852,カエルパーキング 南12西10,surface,customers,
way/885731678,43.0401027,141.3405136,,surface,customers,
way/885731679,43.0401215,141.340776,南14条 パーキング,surface,customers,
way/885733688,43.0445765,141.3500333,,surface,customers,
way/886139449,43.0429317,141.3416275,アークスグループ社員第 駐車場,surface,private,
way/888050808,43.0376421,141.3392596,カエルパーキング 南16西13,surface,customers,
way/888050816,43.0404607,141.3413882,T・Kパーキング,surface,customers,
way/889432306,43.0495291,141.3539615,トラストパーク 南9西4,surface,customers,14
way/889432307,43.0495478,141.3536146,トラストパーク 南9西4第3,surface,customers,10
way/890806320,43.0502175,141.3503564,レックス 南8西6 パーキング,surface,customers,32
way/890806321,43.0502776,141.3502178,,surface,customers,
way/894078094,43.0381851,141.3356478,レックス 南16西15 第2 パーキング,surface,customers,1
way/894913949,43.0716807,141.1100798,,,,
way/896458168,43.0231058,141.342195,,surface,customers,
way/896458169,43.0232182,141.3421272,北海道循環器病院 外来患者専用 第2駐車場,surface,customers,
way/896458173,43.0230452,141.3420221,北海道循環器病院 外来患者専用 第3駐車場,surface,customers,
way/896458174,43.0228868,141.3437381,北海道循環器病院 外来患者専用 第1駐車場,surface,customers,
way/899226060,43.044456,141.3613837,,surface,customers,
way/901983309,43.0492968,141.3457777,,surface,customers,
way/901983310,43.0494315,141.3461076,ドリームズパーキング S8W8,surface,customers,5
way/905754570,43.0447149,141.3394751,,,,
way/907924645,43.0455559,141.3246173,レックス 南9条 パーキング,surface,customers,11
way/909821780,42.9949378,141.4377103,,,,
way/912241166,43.0837935,141.3352276,,surface,private,65
way/912241169,43.0879475,141.3295279,,surface,,
way/913702141,43.0574063,141.3376239,,surface,customers,
way/913831786,43.0555716,141.3391688,三井のリパーク 札幌南２西１２,surface,customers,27
way/914785212,43.0785245,141.3525667,,surface,,
way/914785213,43.0778621,141.3552661,,surface,,
way/914785214,43.0783259,141.3564003,,,,
way/914785219,43.0838215,141.3288161,,surface,,33
way/914785220,43.0803598,141.3602892,,surface,,27
way/914785221,43.079987,141.3586115,,surface,,10
way/914785222,43.0782553,141.3595904,,surface,,13
way/914785223,43.0765395,141.3542865,,surface,,12
way/914785224,43.0755949,141.3538913,,surface,,8
way/914785231,43.0762985,141.3527294,,surface,,10
way/914785238,43.075793,141.3505743,,surface,,
way/914785239,43.0752837,141.3513966,,surface,,
way/914785240,43.0747773,141.3510149,,surface,,
way/914785241,43.0746287,141.3506924,,surface,,15
way/914785242,43.0739559,141.3498506,,surface,,17
way/914785244,43.0761441,141.3487224,,surface,,13
way/914785245,43.0764417,141.3467709,,surface,,
way/914785246,43.0791953,141.3454597,,surface,,
way/914785251,43.0836807,141.3499731,,,,5
way/914785252,43.0854206,141.3500302,,,,
way/914785253,43.0839337,141.3459812,,surface,,12
way/917800778,43.191666,140.8153824,,,,
way/918115649,43.1925359,140.8005045,,,,
way/918116444,43.1920827,140.8004248,,,,
way/918116795,43.1922136,140.7952863,,surface,customers,
way/918131663,43.1189001,140.7320111,,,,
way/918493056,43.047466,141.3421819,,,,
way/919088999,43.0472316,141.3420116,,surface,customers,
way/920161881,43.0968228,141.4317188,,,,
way/921149129,43.0429483,141.35234,,surface,customers,
way/921149130,43.039671,141.3449137,南15西10 駐車場,surface,,
way/921540196,43.0469651,141.3425878,,surface,customers,
way/923343872,43.0400809,141.3511083,タイムズ 南１５西６,surface,customers,3
way/923343873,43.0401763,141.3512183,クレアシオン山鼻 パーキング,surface,customers,
way/924000396,43.0348762,141.3589589,,surface,customers,
way/924592089,43.0453071,141.3377499,,surface,customers,
way/924592090,43.0460056,141.3377233,旭駐車場,surface,customers,
way/925353810,43.052342,141.3443393,タイムズ,surface,,49
way/926136673,43.0470866,141.3343684,システムパーク 南9西15,surface,customers,15
way/927033094,42.9024092,140.7792069,,,,
way/927650098,43.0474032,141.3352867,,surface,customers,
way/930352267,43.0586989,141.3164656,,surface,customers,20
way/932428785,43.0847404,141.3440845,,surface,no,10
way/932429459,43.0873496,141.3435102,,surface,yes,10
way/932438583,43.091396,141.3423966,タイムズ,surface,yes,
way/935211625,42.9023939,140.7404739,,,,
way/935211626,42.9024025,140.7401567,,,,
way/935218752,42.9023753,140.7669668,,,,
way/935218754,42.9010584,140.7575641,,,,
way/937951657,42.9946399,141.3315237,,,,
way/937951658,42.994698,141.3315167,,,,
way/937951659,42.9945842,141.3315295,,,,
way/937951660,42.9945355,141.3315305,,,,
way/945500792,43.6000444,141.3843289,,surface,customers,
way/945500793,43.6010447,141.3870837,,surface,,
way/945500794,43.6007861,141.3858775,,surface,,
way/945501090,43.6006987,141.3837044,,surface,yes,
way/946177361,43.0517754,141.3551351,,,,
way/949302631,43.0542961,141.3394847,,surface,customers,
way/949593311,43.0538811,141.3398332,,surface,customers,
way/952167118,43.0480084,141.3318051,,surface,customers,
way/952167119,43.0482195,141.3317727,,surface,private,
way/952167120,43.0470563,141.3331624,,surface,customers,
way/952257352,43.305711,141.4122445,,surface,yes,
way/952366514,43.2620967,141.4451461,,surface,,
way/952366522,43.2520659,141.4298292,,,,
way/953274521,43.0423814,141.3665271,,surface,private,
way/953274522,43.0426914,141.3659056,,surface,private,
way/953276882,43.038202,141.360326,中の島パーキング,surface,customers,
way/953948278,42.9420234,141.3444985,,surface,customers,
way/953948321,42.9361091,141.339059,第3駐車場,surface,customers,
way/953948322,42.9351867,141.3379748,第4駐車場,surface,customers,
way/954104415,43.1835786,140.784145,,,,
way/954104416,43.1844564,140.7834503,,,,
way/954164108,43.0332833,141.4306411,,,,
way/954452402,43.0268649,141.4322148,,surface,private,
way/954515295,43.0486638,141.3366322,カエルパーキング 南8西14 (4),surface,customers,
way/954762154,42.982584,141.4290851,,surface,customers,
way/954762162,42.9900592,141.4300791,,surface,customers,
way/954774841,43.1954174,140.7679428,,,,
way/954908116,43.0421734,141.423177,,,customers,
way/954961128,43.0677334,141.3732725,,,,
way/954985889,43.0723778,141.3596177,,multi-storey,private,
way/955238795,43.0435579,141.4152501,,surface,,
way/955363896,43.27556,141.5164982,,,,
way/955607372,43.1930866,140.8011606,,,,
way/957092548,43.0516607,141.3586162,三井のリパーク 札幌南８西１,surface,customers,7
way/957436168,43.030479,141.4406278,,surface,customers,
way/957734872,43.0453926,141.3350992,,surface,customers,
way/958374261,43.0379831,141.4420511,,surface,,
way/958374262,43.0379935,141.4433711,,surface,no,
way/958397702,43.0295299,141.436673,,surface,,
way/958594595,43.0557599,141.411636,,surface,customers,
way/958600040,43.0557575,141.3966462,,surface,customers,13
way/958603635,43.05448,141.4129019,,surface,customers,
way/958743364,43.032791,141.4392364,,surface,,
way/959003047,43.0551256,141.3803949,,surface,customers,
way/959003586,43.0586905,141.376887,,surface,customers,8
way/959718206,43.0529887,141.4404826,,surface,customers,
way/959722791,43.0567336,141.4406969,,,,
way/959736772,43.0609597,141.4409519,,surface,customers,
way/959918071,43.0530897,141.4474793,,surface,,
way/959919571,43.0488275,141.444655,コープさっぽろ川下店第1駐車場,surface,customers,
way/959919572,43.0490272,141.4438164,,surface,customers,
way/960598428,43.0645488,141.4442869,,surface,yes,
way/960598429,43.0644731,141.4426456,,surface,yes,
way/960693320,43.0476417,141.4039271,,surface,customers,
way/960694799,43.0462703,141.4073267,,surface,yes,
way/960996881,43.0370019,141.4376918,,surface,,
way/960998350,43.0352801,141.4367697,,surface,yes,
way/960998351,43.0317607,141.4339093,,surface,,
way/960998352,43.0312332,141.4332531,,surface,customers,
way/961199591,43.0593699,141.3742505,,surface,,
way/961203014,43.0574207,141.3715845,タイムズ,surface,,
way/961204819,43.0567723,141.3697113,,,yes,7
way/961241953,43.0532833,141.3678569,,surface,customers,
way/961245735,43.0518002,141.3661348,タイムズ,,,
way/961439243,43.039739,141.4577256,,surface,customers,
way/961447082,43.0442333,141.4623848,,surface,,
way/961447084,43.0485135,141.4631694,,surface,,
way/961447085,43.0486578,141.4624605,,surface,customers,
way/961447086,43.0494907,141.4646457,,surface,customers,
way/961468256,43.0266538,141.4565048,,surface,customers,
way/961871238,43.0387879,141.3420266,,surface,,6
way/961878803,43.0492495,141.3309173,,surface,customers,
way/962144682,43.0251519,141.4357619,三井のリパーク,surface,,
way/962145146,43.0249972,141.4361653,,surface,customers,
way/962151401,43.0204815,141.4342709,,surface,private,
way/962158766,43.0236697,141.4652113,創価学会専用駐車場,,,
way/962162019,43.0220377,141.4736649,,,,
way/962162020,43.0220967,141.4752254,,,,
way/962169488,43.051396,141.3391312,,surface,customers,
way/962179957,43.0333653,141.4691457,,,,
way/962180669,43.0391901,141.4836769,,,,
way/962192704,43.0451329,141.3967105,,multi-storey,yes,
way/962192705,43.0444686,141.3970261,タイムズ,surface,yes,
way/962192706,43.0440311,141.3980147,,surface,private,
way/962211375,43.0179213,141.4532661,,,customers,
way/962217265,43.0324033,141.419662,,,customers,
way/962220262,43.0287647,141.4264425,,,private,
way/962220263,43.0287417,141.4266521,,,customers,
way/962223552,43.0271569,141.4284621,,,private,
way/962228496,43.0174689,141.4143264,,,private,
way/962244991,43.0473644,141.3637874,,surface,customers,
way/962252291,43.0556969,141.467625,,surface,customers,
way/962254433,43.0140856,141.4295906,,surface,customers,
way/962259656,42.9949532,141.4543015,,,customers,
way/962276754,43.0082805,141.433628,,,customers,
way/962278557,43.0084993,141.4328873,,,customers,
way/962287537,43.0202524,141.4190805,,surface,customers,
way/962319852,43.0265727,141.418993,,,customers,
way/962320695,43.0207679,141.4182943,,surface,customers,
way/962325409,43.0128717,141.4188764,,surface,customers,
way/962327885,43.0166213,141.4116656,,,customers,
way/962327887,43.0187328,141.4078614,,,customers,
way/962454713,43.0177499,141.4230301,,surface,private,
way/962454714,43.0179926,141.4230085,,surface,private,
way/962454715,43.018354,141.4242621,,surface,private,
way/962457869,42.9977421,141.4512613,,,customers,
way/962457873,42.9915611,141.4527284,,,private,
way/962458024,42.9906256,141.4509842,,,customers,140
way/962477474,42.9917708,141.4524783,,,private,
way/962497951,43.0219396,141.4451485,,,customers,
way/962497952,43.029069,141.4417919,,surface,customers,
way/962497953,43.0294556,141.4405476,,,customers,
way/962545919,43.0206034,141.4189606,,surface,customers,
way/962566185,43.0185563,141.4536251,,surface,customers,
way/962580754,43.0275311,141.445579,,surface,customers,
way/962593712,43.0279416,141.433752,,rooftop,,
way/962763443,43.0298164,141.4492611,,multi-storey,customers,
way/962763444,43.0302704,141.448825,,,customers,
way/962763447,43.0305794,141.451957,,surface,customers,
way/962771830,43.0299692,141.4525311,,surface,permit,
way/962771831,43.0291203,141.4528366,,surface,customers,
way/962783532,43.0255019,141.4548404,,multi-storey,private,
way/962783533,43.0250717,141.4552571,,surface,private,
way/962865886,43.0190889,141.4179166,,,private,
way/962865887,43.0193541,141.4185793,,,private,
way/962885798,43.0240909,141.4559938,三井のリパーク,surface,yes,
way/963043558,43.0372412,141.4333653,,surface,customers,
way/963043559,43.0372917,141.4327627,,surface,customers,
way/963082251,43.0394299,141.434707,,surface,unknown,
way/963168515,43.041965,141.4266179,,surface,private,
way/963168517,43.0406491,141.4259591,,surface,private,
way/963168519,43.0370305,141.4335575,三井のリパーク,surface,yes,
way/963212845,43.020788,141.3466296,,surface,customers,
way/963320609,43.0266181,141.4522999,,surface,private,
way/963330226,43.0269019,141.4580502,,surface,private,
way/963530386,43.0268529,141.4630779,,surface,customers,
way/964155342,43.0459117,141.3355025,南10西15パーキング,surface,customers,
way/964155343,43.0460441,141.3346054,,surface,customers,
way/964279411,43.069922,141.3798013,,,private,
way/964460123,43.0171852,141.4209462,,,private,
way/964819149,43.0377091,141.4770273,,,customers,12
way/964820556,43.0690685,141.3616231,,,,
way/965288448,43.0368782,141.4753349,,surface,private,
way/965288449,43.0367707,141.4755099,,surface,private,
way/965288461,43.0369644,141.4750522,,surface,,5
way/965288466,43.0369642,141.4766549,,surface,private,
way/965295427,43.0375432,141.4754614,,surface,private,
way/965295439,43.0372213,141.4749827,,surface,private,
way/965415831,43.0253612,141.350477,,surface,customers,
way/965523954,43.0272764,141.349041,南２４パーキング,surface,customers,
way/965825671,43.0391152,141.469043,,surface,,
way/965840235,43.033553,141.3501493,,surface,customers,
way/965840236,43.0335589,141.3502373,,surface,customers,
way/966118585,43.0252194,141.5007801,,,,
way/966157857,43.0059749,141.4552533,善福寺駐車場,,,
way/966334165,43.0288741,141.3435616,,surface,private,8
way/966375824,43.0299057,141.3516012,,surface,customers,
way/966508472,43.0389524,141.3379737,,surface,customers,
way/966794076,43.0343971,141.3438084,,surface,customers,
way/966794078,43.0344344,141.3441163,,surface,customers,
way/967064433,43.0404209,141.3669283,,surface,customers,
way/967152906,43.0493844,141.3457773,,surface,customers,5
way/967217093,43.0600654,141.3589775,,surface,yes,
way/967217094,43.0607242,141.3587491,SK南1東2パーキング,surface,,
way/967217096,43.06183,141.3583655,エナパーク　大通東1,surface,yes,
way/967254533,43.036141,141.4337326,,surface,customers,
way/967416906,43.0426926,141.4052194,,surface,customers,
way/967421911,43.0492413,141.3457853,,surface,private,
way/969656341,43.0277454,141.449849,,multi-storey,,
way/972131871,43.0363954,141.3362505,,surface,customers,
way/972242604,43.0567439,141.4163183,タイムズ,surface,yes,
way/972508854,43.0581598,141.4135352,,,customers,
way/972508864,43.0534918,141.4098576,ASAHI PARK平和通2丁目,surface,,
way/972569937,43.0354793,141.421355,タイムズ,surface,,
way/972711087,43.3324283,141.4261391,嶺泊展望パーキング,,,
way/972986956,43.0576341,141.3894267,,surface,,
way/973075051,43.0523242,141.3962395,レックス白石中央パーキング,surface,yes,
way/973092248,43.0486981,141.3690757,,surface,private,
way/973092249,43.0490237,141.3689943,ダイヤパーク,surface,,
way/973092250,43.0559935,141.345435,タイムズ,,,
way/973487548,43.0406709,141.4724834,タイムズ,surface,,
way/973884558,43.0624539,141.3503919,,multi-storey,customers,
way/974072811,43.017149,141.4494681,,surface,customers,
way/974197625,43.0248044,141.4366433,,surface,customers,
way/974197626,43.0255386,141.4347666,,surface,customers,
way/974511936,43.0477836,141.3707102,,surface,customers,
way/974658439,43.0054547,141.3503551,,multi-storey,customers,
way/975240121,42.9894245,141.3525014,,surface,yes,
way/975240128,42.9940683,141.3539091,,multi-storey,private,
way/975266867,43.0469736,141.3247473,,surface,customers,
way/975322333,42.9955688,141.3534039,三井のリパーク,surface,yes,34
way/975414291,43.0406856,141.3304124,,surface,customers,
way/975519395,43.0055601,141.3487983,,surface,private,
way/975561598,43.0238634,141.4531795,,surface,,
way/976185908,43.0532491,141.4025585,,surface,customers,
way/976185909,43.0536988,141.4032613,,,customers,
way/976641459,43.0316005,141.3605134,,surface,customers,
way/976701833,42.9904042,141.3513338,,,,
way/976816365,43.0639437,141.3307161,,surface,customers,
way/976825520,43.0639204,141.331149,栗林幌西ビルパーキング,garage_boxes,customers,
way/976827373,43.0641745,141.3395293,,surface,customers,3
way/977006656,43.061804,141.3580685,,surface,private,
way/977006657,43.0615006,141.3585445,,surface,private,
way/977107444,43.0553197,141.3852722,,surface,customers,5
way/977107451,43.0576291,141.3923268,月極駐車場,surface,private,
way/977356136,43.0171165,141.4084527,,,,
way/977469212,43.0732703,141.3518355,三井のリパーク,multi-storey,,
way/977469213,43.0719529,141.350579,ドリームズパーキング,surface,,
way/978035971,43.0461873,141.347489,,surface,customers,
way/978035972,43.0457866,141.3476356,,surface,customers,
way/978102407,42.9968773,141.3421313,,surface,customers,
way/978124475,43.0486953,141.4027181,,surface,private,
way/978124476,43.048349,141.4034039,三井のリパーク,surface,,
way/978364185,43.0358969,141.3373287,,surface,customers,
way/978375424,42.991514,141.3511849,,multi-storey,,
way/978375426,42.9920648,141.3509212,,multi-storey,,
way/978735595,43.069528,141.3725513,,surface,,
way/979437913,43.0006329,141.3472278,,surface,customers,
way/979437914,43.0002847,141.3465847,,surface,customers,
way/980097648,42.9969619,141.3499984,,surface,private,
way/980416795,43.0324425,141.3349432,末日聖徒イエス・キリスト教会 会員専用駐車場,surface,customers,
way/980416797,43.0311892,141.3365206,月極駐車場,surface,customers,
way/981164419,43.0910468,141.5086433,,,,
way/981164420,43.0906192,141.5093557,,,,
way/981164421,43.0907899,141.5101211,,,,
way/981185123,43.1024607,141.5260597,,,,
way/981206793,43.0728647,141.5450092,,,,
way/981206794,43.072609,141.5452198,,,,
way/981206795,43.0720957,141.5451245,,,,
way/982451838,43.1346029,140.8238187,,,,
way/982539476,43.0842761,140.8134542,,,,
way/983113493,43.03373,141.3929246,,surface,private,
way/983239545,43.0352308,141.4321793,,surface,customers,
way/983239552,43.0356148,141.4316218,,surface,customers,
way/983517794,43.03093,141.3355831,,surface,customers,
way/984131986,42.995524,141.3579603,,surface,private,
way/984131987,42.9949009,141.3584898,,surface,private,
way/984131988,42.9959314,141.358469,,surface,private,
way/984714822,42.9046162,141.5748654,,surface,,
way/984714823,42.9031842,141.5749213,,surface,customers,
way/984715039,42.9055868,141.572226,,surface,,803
way/984721958,42.9018027,141.5724273,,surface,,
way/984722584,42.9032844,141.5709158,,surface,,260
way/984722585,42.9022583,141.5713889,,surface,,
way/984722678,42.9028538,141.5730405,,surface,,
way/984724075,42.9029088,141.576723,,surface,,
way/984724113,42.9029232,141.5771966,,surface,,
way/984764511,43.0297382,141.3381086,,surface,customers,
way/984764512,43.0295468,141.3383246,平松記念病院 職員専用駐車場,surface,customers,
way/985778910,43.0484938,141.3259435,エナパーク 南8西22,surface,customers,
way/985808075,43.0490533,141.327945,,carports,customers,
way/986310283,43.0400188,141.335151,札幌花園病院職員駐車場,surface,private,
way/986310285,43.0390159,141.3356531,札幌花園病院駐車場,surface,customers,10
way/986845952,43.0694156,141.5239747,,,,
way/986952885,43.0353501,141.3250661,,surface,permit,
way/986952886,43.0367905,141.3269262,,surface,customers,13
way/986952887,43.0366607,141.3267478,,surface,customers,5
way/987559872,43.0395849,141.3323253,レックス 南15西17 第1 パーキング,surface,customers,10
way/987559873,43.0394005,141.3325032,レックス 南15西17 第2 パーキング,surface,customers,8
way/987861183,43.3183287,141.4192259,,,,
way/989849697,43.3051961,141.4483835,,,,
way/989851511,43.3099666,141.4667139,,,,
way/989851514,43.3106324,141.4682844,,,,
way/989862626,43.253259,141.4634016,,,,
way/989863840,43.2458215,141.4461787,,,,
way/989864380,43.2234568,141.4487982,,,,
way/989864381,43.2237852,141.4494714,,,,
way/989866260,43.2428109,141.5441934,,,,
way/989868192,43.2812483,141.4482958,,,,
way/989868193,43.2816426,141.4491417,,,,
way/990227185,43.039695,141.3595545,カエルパーキング 中の島1-1 (1),surface,customers,
way/991611071,43.0539348,141.3175025,,surface,,
way/991612488,43.0757638,141.293501,,surface,customers,
way/991621071,43.0877739,141.2732917,,surface,customers,
way/991621207,43.0795212,141.2869869,,,customers,
way/991707737,43.0427267,141.3408642,,surface,customers,
way/991707738,43.0426768,141.3405529,カービスパーク 南13西12,surface,customers,6
way/991832108,43.0799307,141.3591947,,surface,customers,3
way/991832109,43.0800851,141.3590651,,surface,customers,4
way/991833773,43.0717357,141.3440585,,surface,permit,20
way/992120933,43.034753,141.4318515,,surface,customers,
way/992120934,43.0348711,141.4315965,,surface,customers,
way/992195309,43.0657129,141.3486365,,surface,customers,
way/992362344,43.0372634,141.349367,カービスパーク 南17西8,surface,customers,10
way/992587694,43.087064,141.2734636,北海道大野記念病院搬入及び医師専用駐車場,surface,permit,30
way/992588727,43.0865767,141.2755626,,surface,customers,3
way/992588728,43.0866599,141.2756321,,surface,customers,4
way/992591186,43.0576274,141.3303939,,surface,customers,2
way/992623557,43.0226971,141.3456299,札幌南二十七条郵便局 お客さま駐車場,surface,customers,
way/993192878,43.0692184,141.321117,,surface,customers,6
way/993537815,43.0499873,141.3663377,,surface,customers,1
way/993784993,43.0523975,141.3179839,カービスパーク 南4西27,surface,customers,13
way/993809191,43.03717,141.3653679,カービスパーク 平岸1-6,surface,customers,28
way/993852658,43.0342104,141.3377633,,surface,customers,
way/994835895,43.0354944,141.3411294,,surface,customers,
way/995553456,43.0462902,141.3647302,,multi-storey,private,
way/998388051,43.0405551,141.3506536,レックス 南15西7 パーキング,surface,customers,5
way/1004655303,43.0620082,141.3298027,,surface,customers,6
way/1005712397,43.1542482,141.2214829,,,,
way/1005712404,43.1554231,141.2217294,,,,
way/1006021862,43.0484049,141.3660929,,surface,private,
way/1006323832,42.982642,141.5618146,,multi-storey,,
way/1006448805,43.0355836,141.3405367,,surface,customers,
way/1008259948,43.0490406,141.3286455,,surface,customers,4
way/1008259949,43.0491295,141.3286337,,surface,private,6
way/1008261144,43.0511884,141.3220576,,surface,customers,2
way/1008261990,43.0485867,141.337237,,surface,customers,3
way/1008312888,43.1054454,141.2932612,,surface,customers,7
way/1008318021,43.101461,141.2936562,,surface,customers,6
way/1009111438,43.0486724,141.3352547,,surface,customers,3
way/1009566722,43.0498922,141.3461922,三井のリパーク 札幌南８西８,surface,customers,5
way/1009775571,43.0373264,141.3610379,,surface,customers,
way/1010216632,43.0325813,141.3499489,,surface,customers,
way/1010216633,43.0326126,141.3503583,,surface,customers,
way/1010820911,42.9333225,141.3366118,,,,
way/1011963971,43.0397287,141.3482791,,surface,customers,
way/1013677805,43.0199651,141.4073088,柏葉脳神経外科病院 専用駐車場,surface,customers,
way/1014262398,43.0262479,141.3746704,,surface,customers,
way/1014276009,43.1920955,141.286812,,,,
way/1014276013,43.2177291,141.3045369,,,,
way/1014968456,43.0305319,141.3453004,,surface,customers,49
way/1016225554,43.0443506,141.3268312,,surface,customers,
way/1018944499,43.0350616,141.3404197,,surface,customers,
way/1018944500,43.0353075,141.3406399,,surface,customers,
way/1018944503,43.0356362,141.3397872,,surface,customers,
way/1018944504,43.035623,141.3396025,,surface,customers,
way/1019797684,43.0364751,141.3376447,,surface,private,
way/1019797685,43.0362603,141.3372403,カエルパーキング 南17西14,surface,customers,6
way/1020262555,43.0377831,141.3359929,,surface,customers,
way/1021042279,43.0269114,141.4637157,,surface,customers,
way/1021882188,42.9637942,141.2331875,,,,
way/1026340489,43.0548761,141.3438939,サンワパーキング,surface,customers,
way/1027691481,43.0535755,141.343885,カービスパーク 南5西9②,surface,customers,28
way/1028390492,43.0315647,141.3435007,,surface,customers,
way/1030730431,43.034641,141.3375618,S18パーキング,surface,customers,45
way/1031549897,43.0470149,141.3653746,,surface,customers,
way/1031549899,43.0471763,141.3656874,ネクステップ 旭町第4 パーキング,surface,customers,
way/1031549903,43.0456219,141.3651081,,surface,customers,
way/1034135045,43.047431,141.3455391,アップルパーク 南9西9 第1,surface,customers,
way/1034139440,43.0640303,141.3541314,,multi-storey,,
way/1034139443,43.0652231,141.3530895,,multi-storey,,
way/1034139445,43.0653684,141.3522156,,multi-storey,,
way/1034182633,43.0649612,141.3516761,,multi-storey,,
way/1034182634,43.0629082,141.352525,,,,
way/1035036067,43.041989,141.3390184,,surface,customers,
way/1035037595,43.0422845,141.3398038,,surface,customers,
way/1035861974,43.0348836,141.3377214,相川月極駐車場,surface,customers,
way/1037022708,43.4016148,141.4304934,,,,
way/1037022710,43.4008379,141.4293656,,,,
way/1037516480,42.966185,141.1671949,専用駐車場,,customers,
way/1037882024,42.9619418,141.2354651,,,,
way/1039220018,43.8542427,141.5132166,,,,
way/1039220020,43.8545863,141.5100097,,,,
way/1039264906,43.0263293,141.3443358,,surface,customers,
way/1039264907,43.0264622,141.3448411,,surface,customers,
way/1040744672,43.0513852,141.3503178,,surface,customers,
way/1040744674,43.0513765,141.3501997,7.6 ID PARKING,surface,customers,
way/1041309175,43.0342006,141.3497426,,surface,private,
way/1042518773,43.2380008,141.0145872,,,,
way/1044610332,43.1998549,140.7777729,,,,
way/1047015737,43.0488457,141.3520214,Dパーキング セイコーマート南9条店,surface,customers,13
way/1050473735,43.0439312,141.336277,,surface,customers,
way/1050473736,43.0438313,141.3361886,,surface,customers,
way/1053527601,43.0471753,141.3444057,,surface,customers,
way/1053527602,43.047095,141.3444171,,surface,customers,
way/1054900935,42.9034605,140.748069,,surface,,18
way/1055302297,43.0859966,141.344645,ミウラパーキング 北21条西4丁目第5,surface,customers,12
way/1057796177,43.1120244,141.3319968,,,,
way/1057796434,43.1199325,141.3189729,,,,
way/1062146814,43.1720774,140.9507341,,,,
way/1062229479,43.0790417,141.3919512,,surface,customers,
way/1064734542,43.0302656,141.3345456,,surface,customers,
way/1064739770,43.0681286,141.3656297,Vit Park札幌47,multi-storey,,
way/1064741597,43.0719459,141.3656247,,,customers,
way/1066403608,42.9192285,141.5762914,,surface,,
way/1066403692,42.9188551,141.5746078,,surface,,
way/1066403694,42.9190526,141.5736953,,surface,,
way/1066403695,42.9207905,141.5736149,,surface,,
way/1066657296,42.9211121,141.5721281,,surface,,
way/1066948121,42.9217503,141.5793303,,surface,,
way/1066949186,42.9245487,141.5774859,,surface,,
way/1067834576,42.9084132,141.5856366,,surface,,
way/1067834600,42.9067852,141.5852225,,surface,,
way/1067834601,42.9072862,141.5851367,,surface,,
way/1067937570,43.2172921,141.5284879,,,,
way/1067937575,43.2150221,141.529813,,surface,customers,
way/1068253222,42.9016523,141.5824427,,surface,,
way/1068254362,42.906049,141.5859383,,surface,,
way/1068254378,42.9068726,141.5834949,,surface,,
way/1069268487,43.0580054,141.3272905,,surface,customers,
way/1069458716,43.0507638,141.3354307,,surface,customers,
way/1069458717,43.0505209,141.3360986,セブン駐車場,surface,customers,
way/1070110030,42.9305433,141.5045975,,,,
way/1071544211,43.0176903,141.4911232,,surface,private,
way/1072384380,42.9039244,141.5531786,,surface,,
way/1072635004,42.9183666,141.553309,,surface,,
way/1072635008,42.9176068,141.5526884,,surface,,
way/1072635042,42.9172446,141.5480597,,surface,,
way/1072635467,42.9101529,141.5621898,,surface,,
way/1073472283,42.9778574,141.4584593,,,,90
way/1074476052,42.9207036,141.5870746,,surface,,
way/1074476073,42.9235214,141.5885983,,surface,,
way/1076070985,43.1942268,141.000026,タイムズ,surface,customers,
way/1076070986,43.1934169,140.9998956,Asahi Park 小樽花園,,,
way/1077022006,43.044011,141.3480498,,surface,customers,10
way/1079442848,43.0764658,141.3141505,,surface,customers,
way/1079481690,43.0777997,141.3105694,,surface,customers,
way/1079733629,43.0874928,141.3146201,,surface,customers,
way/1080036100,43.0791996,141.3059748,タイムズ,surface,,48
way/1080036104,43.0789522,141.3055022,三井のリパーク,surface,,14
way/1080036105,43.0797188,141.3063182,三井のリパーク,surface,,9
way/1080159134,43.1446504,141.0378119,,,,
way/1080159135,43.1434402,141.0376515,P1,,,
way/1081315803,43.0346624,141.334248,,surface,customers,7
way/1081315804,43.0347926,141.3341334,,surface,private,2
way/1081728510,43.0783684,141.3141388,タイムズ,surface,,9
way/1081728511,43.0789565,141.3125849,タイムズ,surface,,20
way/1081729283,43.0771534,141.3107554,,,customers,
way/1081976761,43.0390955,141.3465046,,surface,customers,
way/1083018563,43.1334557,141.2376397,,surface,,
way/1084435913,43.0670899,141.3077298,,surface,customers,
way/1084446994,43.0724317,141.3091121,,surface,customers,
way/1084534780,43.0730097,141.3045866,三井のリパーク,surface,,15
way/1084534781,43.0728258,141.3049188,三井のリパーク,surface,,10
way/1084534782,43.074255,141.30401,三井のリパーク,surface,,6
way/1084540054,43.0723203,141.3025434,,,,
way/1084540055,43.0725441,141.302824,タイムズ,surface,,4
way/1084540056,43.0758005,141.3050182,タイムズ,surface,,4
way/1084550815,43.0687336,141.3100847,タイムズ,surface,,15
way/1084550816,43.0701417,141.30388,タイムズ,surface,,13
way/1084551647,43.0742014,141.3019031,タイムズ,surface,,37
way/1084556908,43.082382,141.3097748,タイムズ,surface,,6
way/1084556909,43.082455,141.3095532,タイムズ,surface,,7
way/1084564451,43.0735782,141.2989316,タイムズ,surface,,10
way/1085804986,43.0853271,141.3061136,,surface,customers,
way/1085830138,43.1118379,141.3088934,,,customers,
way/1085834718,43.0811908,141.309785,三井のリパーク,surface,,73
way/1085834720,43.0772956,141.3040883,三井のリパーク,surface,,6
way/1085834721,43.0715729,141.2995803,三井のリパーク,surface,,10
way/1085834722,43.0704655,141.3034986,,,,
way/1085834723,43.0706863,141.3018779,三井のリパーク,surface,,7
way/1085925490,43.0802764,141.3053827,タイムズ,surface,,7
way/1085925491,43.0807832,141.303907,タイムズ,surface,,9
way/1085925492,43.0800811,141.3040581,タイムズ,surface,,6
way/1085925493,43.0794684,141.3033037,タイムズ,surface,,9
way/1085925494,43.0780982,141.3046889,タイムズ,surface,,13
way/1085925497,43.0771606,141.3038091,タイムズ,surface,,23
way/1085925498,43.077249,141.301831,タイムズ,surface,,30
way/1085925500,43.0768353,141.3015035,タイムズ,surface,,9
way/1085928191,43.0673936,141.2952458,タイムズ,surface,,11
way/1085931466,43.1102136,141.3389021,,,,
way/1085931467,43.106252,141.3396168,タイムズ,surface,,30
way/1085931468,43.106242,141.3393873,,,,
way/1085931469,43.1084063,141.3393038,タイムズ,surface,,13
way/1085934281,43.0917011,141.3074994,,,customers,
way/1087413544,43.1952481,141.0050058,三井のリパーク,surface,yes,
way/1087415738,43.1964283,141.0044222,,,,
way/1087415739,43.1961548,141.005063,,,,
way/1087415742,43.1956175,141.005272,,,,
way/1087415743,43.1953818,141.005668,,,,
way/1087802355,43.0810331,141.3079762,,,,
way/1088521877,43.0468961,141.3741199,,rooftop,,
way/1088752019,43.0311902,141.4920705,,,,
way/1088752020,43.0315773,141.4929183,,,,
way/1088752021,43.0302872,141.4923035,,,,
way/1088752022,43.0303659,141.4930049,,,,
way/1088839224,42.9980376,141.4364314,,surface,,
way/1088839225,42.9998457,141.4354053,,,,
way/1088839226,43.0004576,141.437225,,surface,customers,
way/1088839228,43.000411,141.4330336,,,,
way/1088839230,43.0007232,141.4337816,,,,
way/1088839232,42.9989049,141.4357248,,,,
way/1088839233,42.9958236,141.4373756,,,,
way/1089070239,42.9777648,141.4599551,,,,
way/1089070240,42.9852027,141.4554149,,,,
way/1089577500,43.1223014,141.3832972,,surface,,
way/1089787513,43.0779818,141.3008463,,,customers,
way/1089787515,43.0791787,141.2993581,,,customers,
way/1090179500,43.0777812,141.3010207,,,customers,
way/1090179501,43.0778932,141.3013164,,,private,
way/1090520628,42.9954509,141.4570771,,,,
way/1091175799,42.9418688,141.1287318,,,,
way/1091175908,42.9624143,141.4746212,,,,
way/1091253547,43.0661037,141.4059049,,,customers,
way/1091485555,43.0885126,141.3631772,,,,
way/1091485556,43.0881797,141.363268,,surface,,15
way/1091485559,43.088496,141.3621386,,,,
way/1091485561,43.0905918,141.3616386,,,,
way/1091485562,43.0896558,141.3618242,,,,
way/1091485563,43.0879946,141.3622808,,surface,,
way/1091809965,42.9905925,141.4529783,,,,
way/1092320837,43.1011482,141.2919493,,,customers,
way/1092356041,42.9884181,141.5567431,,,,
way/1092359380,43.1482389,141.3105309,,,customers,
way/1092523501,43.0173252,141.4884085,,,,
way/1093033776,43.1936763,141.4469267,,,customers,
way/1093351948,43.1261584,141.2683358,,surface,customers,
way/1093475776,43.1242258,141.2696927,,surface,private,2
way/1093480598,43.1260001,141.2681144,,surface,private,
way/1093480889,43.124296,141.2705074,,surface,customers,
way/1095097050,43.0521056,141.3435336,ASAHI PARK 南6条西10丁目,surface,customers,22
way/1095104406,43.1021691,141.2921881,,,customers,
way/1095106088,43.0995214,141.2930222,,,customers,
way/1095106090,43.0998679,141.2930465,,,customers,
way/1095361294,43.0387447,141.4754825,Dパーキング,multi-storey,,
way/1095524289,43.0671374,141.4079658,,,customers,
way/1095920328,43.0983151,141.2635985,,,customers,
way/1095920335,43.0991257,141.264369,,,customers,
way/1096242124,43.1138658,141.2716873,,,customers,
way/1096304409,43.1150887,141.2708099,,,customers,
way/1096441997,43.0815699,141.4044361,,,private,
way/1096445614,43.1814172,141.3988961,,,,
way/1096486607,43.2381139,141.0092587,,surface,,10
way/1096487863,43.237483,141.0078593,,,,
way/1096487864,43.2372553,141.0071218,,,,
way/1096828739,43.3162014,141.5605119,,,,
way/1096972516,42.9921619,141.4388714,,rooftop,,
way/1097245164,43.1286692,141.2361169,,,customers,
way/1097245165,43.1294263,141.2354409,,,customers,
way/1097411069,43.1488089,141.2823475,,,customers,
way/1097435496,43.0048298,141.433632,,multi-storey,private,
way/1097479100,43.1855133,141.3084892,,,customers,
way/1097479101,43.1835495,141.3095062,,,customers,
way/1097479102,43.1849816,141.3116751,,,customers,
way/1097490394,43.1938884,141.3278929,,,customers,
way/1097494654,43.2086964,141.3328619,,,customers,
way/1097499975,43.2225476,141.3439671,,,customers,
way/1097608223,43.088657,141.3117376,,,customers,
way/1097608224,43.0892763,141.3108433,,,customers,
way/1097608225,43.0910225,141.3095576,,,customers,
way/1097608226,43.0921673,141.3068456,,,customers,
way/1097608309,43.092659,141.3062063,,,customers,
way/1097611225,43.128635,141.5062621,,surface,customers,
way/1098210333,42.9877569,141.5567088,,,,
way/1098227888,43.0483098,141.3796724,ネクステップ 豊平2･10 パーキング,surface,customers,
way/1098227889,43.0483721,141.379748,,surface,customers,
way/1099477751,43.1845069,141.0215728,,multi-storey,,
way/1099793252,43.037638,141.4742918,Dパーキング,,,
way/1099842379,43.0179965,141.3879126,,multi-storey,,
way/1099842387,43.0189281,141.387298,,rooftop,,
way/1100615055,42.9722251,141.4700325,,multi-storey,,
way/1101862907,43.0666358,141.3313701,,surface,customers,3
way/1101862908,43.0666924,141.3313558,,surface,private,4
way/1101891330,43.0696807,141.3505492,札幌駅北口地下駐車場,underground,yes,230
way/1101898670,43.0114614,141.3671089,,surface,,
way/1102276269,43.0329557,141.3944507,,surface,customers,
way/1102550456,43.0858023,141.2781168,,surface,customers,
way/1102552135,43.0793675,141.2679253,,surface,customers,15
way/1102634407,43.0732266,141.2806729,,surface,customers,
way/1102636811,43.0768883,141.2841779,,surface,customers,
way/1102636812,43.0768591,141.2843411,,surface,customers,
way/1102636813,43.0767857,141.2844697,,surface,customers,
way/1102636814,43.0770773,141.2840351,,surface,private,
way/1102636815,43.0766523,141.2846959,,surface,customers,3
way/1103235800,43.1080664,141.5538404,,surface,,
way/1103532344,43.068663,141.3199019,,,,
way/1103844295,43.1883312,140.7881857,,surface,,
way/1106761120,42.901467,140.7485918,,,,
way/1107660027,43.0466663,141.3378854,,surface,customers,
way/1108085375,43.1282135,141.2545039,,,permissive,
way/1108085376,43.1277432,141.2555767,,,customers,
way/1108095945,43.1284252,141.2531717,,,customers,
way/1108095946,43.1286191,141.2529348,,,customers,
way/1108096893,43.1266411,141.2535033,,,customers,
way/1108097550,43.1261305,141.2525493,,,customers,
way/1108097551,43.1261115,141.2533074,,,customers,
way/1108113238,43.1837242,141.319634,,surface,,
way/1108113239,43.1826985,141.3213476,,surface,,
way/1108260949,43.1300097,141.2516152,,,customers,
way/1108262344,43.1298695,141.2586867,,,customers,
way/1109043227,43.0576333,141.3129654,,,customers,
way/1109612782,43.1306505,141.2526371,,,private,
way/1109612784,43.1303061,141.2519767,,,private,
way/1109612785,43.130326,141.2530314,,,private,
way/1109612786,43.1306443,141.2532794,,,private,
way/1109612787,43.1310249,141.2528636,,,private,
way/1109612788,43.1313729,141.253524,,,private,
way/1109612790,43.1316687,141.2539184,,,private,
way/1109612791,43.1316887,141.2546704,,,private,
way/1109612792,43.1310206,141.2549006,,,private,
way/1109612793,43.1308919,141.256263,,,private,
way/1109612794,43.1302611,141.2547527,,,private,
way/1109612795,43.1302771,141.2539652,,,private,
way/1109965566,43.0562937,141.3358229,,surface,customers,
way/1110234873,42.9762927,141.4815105,,,,
way/1110263283,43.0664187,141.3322385,,surface,private,
way/1110263284,43.0661686,141.3326915,,,private,
way/1110263285,43.0664435,141.3326465,,,customers,
way/1110297680,43.0745507,141.3531412,,,,
way/1110372933,43.0496998,141.4665235,,surface,,
way/1110372934,43.042577,141.4611455,,surface,,
way/1110372936,43.0314277,141.4771,,surface,,
way/1110372937,43.0321666,141.4774194,,surface,,
way/1110372938,43.0365004,141.4397854,,surface,,
way/1110372976,43.1065482,141.5436814,,surface,,
way/1110373163,43.1106811,141.5727648,,surface,,
way/1110642238,43.070394,141.3721308,,,customers,
way/1111757983,43.0333593,141.332536,,surface,customers,3
way/1112239966,43.0773389,141.3988852,,,customers,
way/1112262744,43.0652769,141.3730291,,,customers,
way/1112300089,43.0885708,141.3938915,,,customers,
way/1112478045,43.0061683,141.4320621,,surface,,
way/1112478049,43.005383,141.432231,,rooftop,,
way/1112478050,43.0053961,141.4316675,,surface,,
way/1112591979,43.0608205,141.4103824,,,customers,
way/1114902877,43.0713692,141.3714395,,multi-storey,,
way/1115390278,43.0665569,141.307078,,,customers,
way/1115391401,43.0670537,141.3096247,,,customers,
way/1115621485,43.0803162,141.3105857,,,customers,
way/1115621598,43.0779619,141.3164266,,,customers,
way/1116309843,43.0870664,141.3626496,,,customers,
way/1116397502,43.1004949,141.3099427,,,customers,
way/1116398219,43.0919024,141.3249669,,,customers,
way/1116399047,43.0980864,141.3238396,,street_side,customers,
way/1116400693,43.098776,141.3258971,,,customers,
way/1116400694,43.0986233,141.3260446,,,customers,
way/1116400695,43.0986062,141.3264437,,,customers,
way/1117282601,43.080366,141.3207519,,,customers,
way/1117283092,43.0853735,141.3247762,,surface,customers,
way/1117283624,43.0870158,141.3264491,,,customers,
way/1117284244,43.083103,141.3221519,,,customers,
way/1117285943,43.0843813,141.318876,,,private,
way/1117285944,43.0840506,141.3183895,,,private,
way/1117286002,43.0838781,141.3198872,,,private,
way/1117286003,43.083678,141.3203468,,,private,
way/1117288031,43.0423516,141.3382447,南13条パーキング,surface,customers,
way/1117517377,43.0205953,141.3896082,,surface,,
way/1117582524,43.0521216,141.342706,,,customers,
way/1118196849,43.0407555,141.4354116,,,,
way/1118500243,43.0424003,141.4023638,,surface,customers,18
way/1118500244,43.0419222,141.4019462,,surface,no,
way/1118500245,43.0425001,141.4021414,,surface,permit,13
way/1118769065,43.0686029,141.2938284,,,customers,
way/1118887810,43.0539986,141.3676618,,,customers,
way/1118903631,43.054162,141.3840937,,surface,customers,
way/1118904109,43.0671739,141.3210929,,,customers,
way/1119083474,43.0869563,141.404399,,,customers,
way/1119272984,43.0765888,141.2922628,,,customers,
way/1119272985,43.0765036,141.2919992,,,customers,
way/1120031991,43.0278498,141.3642087,,,,
way/1120279563,43.0271196,141.3417554,レックス 南24条 パーキング,surface,customers,22
way/1120456695,43.0445375,141.3983728,,surface,private,
way/1120633664,43.0716336,141.3537937,,multi-storey,,
way/1121990560,43.0309216,141.339231,,surface,customers,
way/1122571202,43.3161088,141.4155023,,,,
way/1122571209,43.3178385,141.4184498,,,,
way/1123282716,43.0226412,141.4338814,,surface,customers,
way/1124765002,43.0661994,141.3266143,,surface,customers,3
way/1124871053,43.0195798,141.402966,,multi-storey,,
way/1124956554,43.1145634,141.3674213,,,,
way/1124956556,43.1134584,141.3674493,,,,
way/1125756539,43.122677,141.2000301,,,customers,
way/1125756540,43.122497,141.1990196,,,customers,
way/1127652133,42.9797775,141.4660143,,,,
way/1128133583,43.0608249,141.3543492,札幌大通地下駐車場,underground,,366
way/1128197938,43.0410258,141.4727925,,,,
way/1128438744,43.114619,141.306034,,surface,customers,
way/1128465160,43.0409045,141.4747237,,,,
way/1132088380,43.0722906,141.4077572,,,,
way/1132088904,43.0655015,141.2706108,,surface,customers,
way/1132088905,43.0656841,141.2700859,,,customers,
way/1132280210,43.0424053,141.4495012,,surface,,
way/1132280211,43.0422121,141.4527442,,surface,,
way/1132469266,43.1661048,141.0493067,,surface,,
way/1132788637,43.1610552,141.2507622,,,customers,
way/1133969056,43.1585507,141.3996954,,,customers,
way/1134405053,43.0284978,141.4337517,,multi-storey,,
way/1134527238,43.0662835,141.3756869,,,customers,
way/1134822689,43.065747,141.3687806,,,customers,
way/1134824402,43.0556389,141.3614812,,,customers,
way/1135081362,43.0757063,141.3631437,,,customers,
way/1135450109,43.3159839,141.4171867,,,customers,
way/1135450110,43.3994145,141.4345193,,,customers,
way/1135452990,43.3993311,141.4360881,,,customers,
way/1135454774,43.2445136,141.3712731,,,customers,
way/1135662688,43.0762318,141.3788253,,,customers,
way/1135675833,43.077025,141.3850733,,,customers,
way/1135695968,43.0916249,141.3613335,,,customers,
way/1135705534,43.0901445,141.3679997,,,customers,
way/1135830186,43.0916409,141.3766316,,,customers,
way/1135830727,43.1020032,141.3625578,,,customers,
way/1135836555,43.1038169,141.3467721,,,customers,
way/1135836672,43.1091144,141.3568551,,,customers,
way/1135839154,43.1080234,141.3755464,,,customers,
way/1135839336,43.1075798,141.3755891,,,customers,
way/1135841971,43.0913769,141.3935853,,,customers,
way/1135843396,43.090713,141.4027377,,,customers,
way/1135843397,43.0916278,141.4019112,,,customers,
way/1135843399,43.0919507,141.4021616,,,customers,
way/1135844781,43.1038315,141.3972007,,,customers,
way/1135846434,43.0902795,141.4170808,,,customers,
way/1135846601,43.1093364,141.4238756,,,customers,
way/1135910075,43.1256128,141.4114115,,,customers,
way/1135911016,43.1382637,141.3694673,,,customers,
way/1136105514,43.0428816,141.3939134,,,,
way/1136151405,43.0318503,141.338713,,surface,customers,
way/1136172862,42.9453705,141.4457575,,,,
way/1136456289,43.0747292,141.2814623,,,customers,
way/1136717660,43.0068671,141.4313188,,,,
way/1137750982,42.990132,141.3196853,,,customers,
way/1137751732,43.0727251,141.318192,,,customers,
way/1137752628,43.083803,141.2916649,,,customers,
way/1137827935,43.0745041,141.2649765,,,,
way/1137828924,43.0954718,141.2736787,,,customers,
way/1137829743,43.1091738,141.2788361,,,customers,
way/1137831189,43.1039904,141.2694918,,,customers,
way/1137832073,43.1110126,141.2483052,,,customers,
way/1137833286,43.1259414,141.226741,,,customers,
way/1137834978,43.1298142,141.2114772,,,customers,
way/1137949807,43.0883678,141.2725127,,surface,,
way/1141068606,43.196003,141.0025766,,surface,yes,
way/1141887847,42.9208376,141.5112617,,,,
way/1141887854,42.917741,141.5225402,,,,
way/1142168429,43.851293,141.5082856,,surface,,
way/1143910411,43.1130755,141.3689709,,,customers,
way/1143988312,43.0559176,141.3318111,,surface,,
way/1143988313,43.0556358,141.3331079,第1駐車場,,,
way/1144356059,43.0078659,141.3395453,,,customers,
way/1144356062,43.0079684,141.340114,,,customers,
way/1144539946,43.0139628,141.3457204,,,customers,
way/1144539949,43.0130427,141.3466533,,,customers,
way/1146139535,43.0498287,141.3526427,パークネット 札幌南8西5,surface,yes,
way/1146179489,43.2087152,140.9280865,,,,
way/1146461936,43.0208347,141.3832171,,,customers,
way/1146852528,43.1579246,141.0260029,,,,
way/1146852534,43.159352,141.0324973,,,,
way/1147051080,43.0802999,141.3655802,,,customers,
way/1147238036,43.0507095,141.3527864,,surface,customers,
way/1147238037,43.0499905,141.3532157,,surface,,
way/1147271784,42.9999093,141.4373235,,,,
way/1147302078,43.0771252,141.3593113,,surface,customers,
way/1147500839,43.0612943,141.3343873,三井のリパーク,surface,,7
way/1147503914,43.0620033,141.3058941,,,customers,
way/1147504190,43.0623834,141.3053198,,surface,,
way/1149044083,42.9764173,141.4610141,,,,
way/1149044085,42.9796505,141.4548802,,,,
way/1149341746,43.0065269,141.3841958,,surface,customers,
way/1149341747,43.0061827,141.3838187,,,customers,
way/1149409497,43.0753127,141.4833145,,,,
way/1149409500,43.0775052,141.4843628,,,,
way/1149427318,43.0032272,141.3844683,,,customers,
way/1149427319,43.0042242,141.3847244,,,customers,
way/1149432473,43.0004553,141.3821592,,,customers,
way/1149432474,43.000176,141.381981,,,,
way/1149541463,42.9999144,141.3811357,,,customers,
way/1149541464,42.9993396,141.3820219,,,customers,
way/1149548186,42.9975328,141.3791377,,,customers,
way/1149630524,42.9873894,141.4823596,,,,
way/1149630525,42.987773,141.4818236,,,,
way/1149655211,42.9949977,141.3772669,,,customers,
way/1149659101,43.0080562,141.3804153,,,,
way/1149725361,43.0213445,141.3838123,,,,
way/1150120225,43.1953789,141.2919923,,,,
way/1150855066,43.0700611,141.3353083,,,,
way/1150912765,43.0402579,141.3326766,,,customers,
way/1150941225,43.0400829,141.3361574,,,customers,
way/1150958397,43.0098728,141.3762547,,,customers,
way/1151099738,43.012889,141.3755265,,,customers,
way/1151099739,43.0129801,141.3759313,,,customers,
way/1151099740,43.0134291,141.3757985,,,private,
way/1151102540,43.0178006,141.4000562,,,customers,
way/1151102542,43.0136473,141.396796,,,customers,
way/1151102546,43.0144104,141.397967,,,customers,
way/1151102547,43.0140272,141.3976788,,,customers,
way/1151107144,43.0127518,141.3960623,,,customers,
way/1151169206,43.0151534,141.3973635,,,customers,
way/1151192983,43.0087073,141.3798861,,,customers,
way/1151196333,43.0150049,141.3689484,,,customers,
way/1151200236,43.0129401,141.3875495,,,customers,
way/1151200237,43.0125813,141.387646,,,customers,
way/1151241617,43.0230733,141.3918858,,,customers,
way/1151241618,43.023336,141.3912925,,,customers,
way/1151942679,43.0037024,141.4606151,,,,
way/1151942680,43.0046667,141.4610197,,,,
way/1151942684,43.0021486,141.4595845,,,,
way/1152422592,43.0286026,141.3929109,,,customers,
way/1153623454,43.0999829,141.319778,,,customers,
way/1153623456,43.098152,141.3196645,,,,
way/1153638550,43.0912541,141.3828532,,,,
way/1154488590,42.9902397,141.5525424,レ・ジェイド北海道ボールパーク立体駐車場,multi-storey,,
way/1155352820,43.1823393,141.0264152,,multi-storey,,
way/1155381524,43.1849901,141.0179251,,surface,customers,
way/1155381525,43.1853586,141.017251,,surface,customers,
way/1156242446,43.1354178,141.3294412,,surface,customers,
way/1156273769,42.9996871,141.4273622,,,,
way/1156923977,43.0514517,141.3915475,,,customers,
way/1156923978,43.0515269,141.3914432,,,customers,
way/1156941593,43.0518686,141.3279218,,,customers,
way/1157294105,42.990519,141.3506248,タイムズ,surface,,35
way/1157433960,43.0523738,141.3457358,三井のリパーク,surface,,12
way/1157435956,43.0512694,141.3492367,,,customers,
way/1157875876,43.0839714,141.3913289,,surface,,
way/1157875877,43.0837992,141.3910829,,surface,,
way/1157875878,43.0841322,141.3904139,,surface,,
way/1157875880,43.0672021,141.3682957,,surface,,
way/1158566656,43.0810911,141.4204453,,,customers,
way/1158567546,43.0738177,141.4119674,,,customers,
way/1158567547,43.073181,141.4094657,,,customers,
way/1158568113,43.0727417,141.408631,,,customers,
way/1158905252,43.0568294,141.3424683,,multi-storey,,
way/1159685987,42.9642536,141.4621093,,,,
way/1159685988,42.9646096,141.4623444,,,,
way/1159844964,43.1403552,141.3437035,,,customers,
way/1159844965,43.1403984,141.343369,,,customers,
way/1159844966,43.1404133,141.3430264,,,customers,
way/1159844967,43.1402737,141.3441497,,,customers,
way/1159849447,43.0723612,141.3674816,,,,
way/1159851265,43.0701156,141.3611107,,surface,permissive,
way/1159851266,43.0696972,141.3612175,,surface,permissive,
way/1161324665,43.0780782,141.3684052,,,,
way/1161733668,42.9839637,141.4569107,,,,
way/1161996795,43.0107158,141.4572781,,surface,,
way/1161996819,43.0108463,141.4547579,,,,
way/1161996820,43.0111724,141.4547906,,,,
way/1162303809,43.0923567,141.5279473,タイムズ,surface,,18
way/1162303810,43.0925436,141.5276315,タイムズ,surface,,34
way/1162303818,43.0911173,141.5269775,タイムズ,surface,,30
way/1162303819,43.0911836,141.5275026,,,private,
way/1162303820,43.0916041,141.526144,タイムズ,surface,,30
way/1162303826,43.093559,141.5297362,,,customers,
way/1162303827,43.0937177,141.5289898,,surface,customers,
way/1162303828,43.0922427,141.5275731,,,customers,
way/1162305123,43.0935305,141.5307525,,,customers,
way/1162320311,43.0908543,141.529652,,,customers,
way/1162324981,43.0910522,141.5293057,,surface,customers,
way/1162324982,43.0914108,141.529044,,,customers,
way/1162384729,43.0921463,141.5300821,,surface,customers,
way/1162392893,43.0858911,141.5072798,,surface,customers,
way/1162395217,43.1068649,141.5370918,,surface,customers,
way/1162396236,43.1156993,141.5484038,,,customers,
way/1162679167,43.059891,141.4845787,,surface,customers,
way/1162679951,43.0686005,141.481241,,surface,customers,
way/1162680407,43.0706435,141.4946063,,,customers,
way/1162680986,43.0787082,141.4970249,,surface,customers,
way/1162683213,43.0832799,141.5035367,,surface,customers,
way/1162706108,43.0808813,141.5065072,,surface,customers,
way/1162722495,43.0999052,141.549797,,surface,customers,
way/1162722496,43.1000827,141.5494598,,,customers,
way/1162722734,43.1026746,141.5613075,,surface,customers,
way/1162724191,43.1115908,141.5676021,,surface,customers,
way/1162797407,43.0972182,141.5160796,,surface,customers,
way/1162798616,43.104269,141.520336,,surface,customers,
way/1162798617,43.1043751,141.5206841,,surface,customers,
way/1162799394,43.0997297,141.5305153,,surface,customers,
way/1162800877,43.1151521,141.5211853,,surface,customers,
way/1162814417,43.0566958,141.4852904,,,,
way/1162884086,43.0754358,141.465325,,,,
way/1163007101,43.0527666,141.4112708,,surface,,
way/1163007106,43.0523989,141.4119012,,rooftop,,
way/1163037882,43.0665141,141.3562809,,surface,customers,
way/1163039754,43.0683893,141.3573126,,surface,customers,
way/1163326064,43.0361024,141.3920447,,,customers,
way/1163334470,43.0346337,141.3939957,,surface,customers,
way/1163348983,43.0085462,141.4517223,,,customers,
way/1163603814,42.9979573,141.4731453,,surface,,
way/1163603815,42.9971045,141.4732712,,surface,,
way/1163631111,43.0026928,141.4343807,,surface,,
way/1163631113,43.0015852,141.4337253,,surface,customers,
way/1163645814,43.0723663,141.3612761,,surface,customers,
way/1163648003,43.0766371,141.3594684,,surface,customers,
way/1163677110,43.0263092,141.4534769,三井のリパーク,multi-storey,yes,650
way/1164354513,43.8556942,141.5125471,,,,
way/1164370716,43.8533408,141.5094364,,,,
way/1171569430,43.1673179,140.8164601,,,,
way/1171569431,43.167784,140.8165522,,,,
way/1171569432,43.1678363,140.8159602,,,,
way/1175465342,43.0465002,141.3948427,三井のリパーク,surface,yes,
way/1175795287,43.0465938,141.3840465,ル・パルク,surface,yes,
way/1176276406,43.0295855,141.3950512,レックス 月寒中央 パーキング,surface,customers,8
way/1178700545,42.9915405,141.5479057,関係者専用駐車場3,,private,
way/1178701130,42.9921414,141.5485563,VIP駐車場,,,
way/1178707488,42.9905637,141.5479648,関係者専用駐車場2,,private,
way/1178707489,42.9911176,141.5485274,関係者専用駐車場1,,private,
way/1178708638,42.9926423,141.5490973,,surface,,
way/1178708639,42.9920603,141.5510481,,,,
way/1178708640,42.9912665,141.5527956,,,,
way/1178708642,42.9904834,141.5534953,,,,
way/1178708643,42.9906803,141.5521282,,,,
way/1178708958,42.9915184,141.5504548,,,,
way/1180163999,42.9880268,141.5522114,,,,
way/1180672224,42.9936069,141.5497069,えふたんパーキング,,,
way/1180677789,42.9899933,141.5458201,ポリーパーキング,,,
way/1181211282,43.585894,141.3869654,,,,
way/1181918206,43.0064427,141.350232,,surface,private,
way/1181918207,43.0067655,141.3505009,,surface,private,
way/1181918208,43.0072381,141.3519773,,surface,private,
way/1181926053,43.0073525,141.3486377,,surface,private,
way/1184127229,43.077854,141.3228474,,,,
way/1184144947,43.0057329,141.3511621,,,private,
way/1184144948,43.0054633,141.3512424,,,,
way/1184144949,43.0051633,141.3512308,,,,
way/1184144950,43.0048731,141.3512943,,,,
way/1184144951,43.0045806,141.3512605,,,,
way/1184144952,43.0042906,141.3512831,,,,
way/1184744120,43.0404433,141.3718945,,surface,customers,
way/1189282094,43.147588,141.2817069,,surface,,
way/1189692981,43.0455355,141.386051,,surface,customers,
way/1190945510,43.2089159,140.9973097,,surface,private,
way/1191581398,43.1877528,140.7920469,,surface,yes,
way/1196889148,43.0541405,141.3405933,,surface,customers,
way/1202262327,43.0756006,141.3051145,,,,
way/1202262328,43.0754076,141.3051789,,,,
way/1205663261,42.9909074,141.5541992,B7,,,
way/1206976302,43.0184578,141.3623736,,surface,customers,
way/1207665875,43.1920796,141.3163636,,,,
way/1210284306,43.0778201,141.4884384,,surface,customers,
way/1212864818,42.9897156,141.5451147,,,,
way/1213187544,42.9888363,141.5481669,C9,,,
way/1222586066,42.9650637,141.1658324,,surface,customers,
way/1223173541,43.0541833,141.3411885,,surface,customers,
way/1233542834,43.0397126,141.4699468,,,,
way/1233542835,43.0397385,141.4701634,,,,
way/1233542839,43.0413187,141.4728066,,,,
way/1235508106,43.0522584,141.3274077,,,,
way/1237524341,43.1240081,141.247113,,,,
way/1243958922,43.0766011,141.3547359,三井のリパーク,surface,yes,11
way/1251180371,43.1218728,141.250811,,,,
way/1251515843,43.1138845,141.2568196,,,,
way/1251517143,43.1144328,141.2593691,,,,
way/1252981558,43.113783,141.2580798,,surface,,
way/1253571544,43.148241,141.2932894,,,,
way/1257351705,43.0271682,141.4028818,,surface,customers,
way/1263615254,43.1798691,141.4357907,,,,
way/1263985499,43.058634,141.3752677,,,,
way/1264443466,43.1663819,141.2787715,,surface,,
way/1264679356,43.0453557,141.3666083,,,,
way/1265795819,43.0782394,141.4209013,,surface,private,
way/1265795823,43.0777727,141.4221002,,surface,private,
way/1265795831,43.0768872,141.4216737,,surface,private,
way/1266007516,43.0471227,141.3956766,,surface,,15
way/1267091663,43.0971129,141.2782221,,surface,customers,
way/1269268736,42.9828738,141.4646537,,,,
way/1271036666,43.0263444,141.3700557,,surface,customers,13
way/1272629414,43.025429,141.3680816,,surface,,12
way/1272629420,43.0259995,141.3684162,,surface,,
way/1272629421,43.0263773,141.3684338,,surface,,19
way/1273557087,43.0224759,141.3676263,,surface,,
way/1273964130,43.1972272,140.9959741,,,,
way/1273987875,43.0245688,141.366569,,,,
way/1273994970,43.0437065,141.4044645,,surface,customers,
way/1273994976,43.0434796,141.4051295,,surface,customers,10
way/1273994979,43.0434016,141.401342,,surface,permit,
way/1273994980,43.0435911,141.4014316,,surface,private,
way/1273994981,43.0435289,141.4008872,,surface,permit,
way/1273994998,43.0425317,141.4007399,,surface,,
way/1274089898,43.0269923,141.3686432,,surface,,
way/1274089899,43.0255459,141.3691012,,surface,,
way/1274089900,43.0277469,141.370595,,surface,,
way/1274089901,43.0278322,141.3706246,,surface,,
way/1274089906,43.0256892,141.3727973,,surface,customers,
way/1274420840,43.0679493,141.5466841,,,,
way/1274420841,43.0701756,141.5454066,,,,
way/1274420842,43.0695571,141.543364,,,,
way/1274465339,43.1008333,141.304942,,,,
way/1274474212,43.1026406,141.3041746,,,,
way/1274555811,43.0245194,141.3649211,,,,
way/1274555812,43.0248864,141.3649542,,,,
way/1274555813,43.0250193,141.3649677,,,,
way/1274555819,43.028199,141.3668417,,,,
way/1274555823,43.0236473,141.3678013,,surface,,
way/1274555825,43.0279121,141.3678444,,surface,,11
way/1276671327,43.0071372,141.3643158,,,,
way/1276671330,43.0095995,141.3646235,,surface,,
way/1276671345,43.009949,141.3649742,,surface,,
way/1276671346,43.0099081,141.3651943,,surface,,
way/1276671347,43.0101539,141.3651507,,,,
way/1278173642,43.0112156,141.363881,,surface,,
way/1278173647,43.0114674,141.3651865,,surface,,
way/1278173654,43.0108455,141.3633856,,surface,,
way/1279241701,43.0121762,141.3631808,,surface,,
way/1279241708,43.0122249,141.3627043,,,,
way/1279241709,43.0122407,141.3625137,,,,
way/1279811132,43.0123962,141.3660964,,surface,,
way/1279811144,43.0129981,141.3654439,,surface,,
way/1279811149,43.0133497,141.3657075,,surface,customers,15
way/1279857150,43.1360874,141.2471996,,surface,private,
way/1279857151,43.1353802,141.2466156,,,private,
way/1279857152,43.1352752,141.2477357,,,private,
way/1279857153,43.135811,141.2445035,,surface,private,
way/1280509739,43.012585,141.3624406,,surface,,
way/1281859640,43.0144242,141.3664485,,surface,,
way/1284407211,43.0148384,141.3640176,,surface,,
way/1285071310,43.005308,141.342716,,surface,,
way/1285088180,43.0158585,141.3644524,,,,
way/1285088184,43.0156871,141.3659727,,surface,customers,
way/1287033005,43.0167692,141.365071,,,,
way/1287612842,43.1163725,141.470885,,,,
way/1288205898,43.0118337,141.3599926,,surface,,
way/1290162310,43.044959,141.3974629,,surface,yes,
way/1290162311,43.0447648,141.3973267,,surface,,
way/1290162312,43.044824,141.3971485,,surface,,
way/1290162313,43.0451966,141.3975976,,surface,yes,
way/1290162314,43.0452915,141.3973186,,surface,private,
way/1290386039,43.0423579,141.3937891,,surface,customers,
way/1290386045,43.0426456,141.3931482,,surface,customers,
way/1292543023,43.0400503,141.3982807,,surface,customers,
way/1293310058,43.0157396,141.3622365,,surface,,
way/1294625535,43.0160343,141.3581715,,surface,private,
way/1294625536,43.0157307,141.3582119,,surface,private,
way/1296663049,43.0539888,141.3108592,,,,
way/1297214882,43.0574743,141.3870247,,rooftop,customers,
way/1297453209,43.0627353,141.3462598,,surface,customers,
way/1297453214,43.0646072,141.3464492,,surface,private,
way/1297453225,43.0639808,141.3474077,,surface,customers,
way/1297453226,43.06328,141.3474016,,surface,customers,5
way/1297453227,43.0630025,141.3478416,,surface,customers,49
way/1297453231,43.0628491,141.3469611,,surface,private,
way/1297453232,43.0640103,141.3466061,,surface,,
way/1297478006,43.0657096,141.3466921,,surface,customers,3
way/1299495640,43.0446198,141.4017056,,surface,customers,10
way/1299530528,43.0545491,141.3144531,,,,
way/1299530537,43.0544729,141.3122449,,,,
way/1299615353,43.0394596,141.3712311,,surface,customers,
way/1300029398,43.0170701,141.3601089,,surface,,
way/1300661229,43.1194785,141.4758543,,,,
way/1300875415,43.0911089,141.4375081,,,,
way/1300875435,43.0861464,141.4378138,,,,
way/1300908241,43.0589389,141.3570564,,surface,,
way/1300908242,43.0582816,141.3537355,,surface,,
way/1301276488,43.0141181,141.3553701,,surface,,
way/1301657345,43.070407,141.5972577,,,,
way/1301657346,43.0702564,141.5978005,,,,
way/1301689982,43.018311,141.3615124,,surface,,
way/1301689983,43.0180455,141.3613024,,surface,,
way/1302234455,43.0784577,141.404999,,,,
way/1302508806,43.0276926,141.3760703,,surface,,
way/1302780861,43.0176735,141.3661146,,surface,,
way/1302780868,43.0185684,141.3663259,,surface,,
way/1302780869,43.0184739,141.366545,,surface,,
way/1302979736,43.0605415,141.3618596,,surface,,
way/1303222131,43.0527253,141.49698,,surface,,
way/1303234238,43.035029,141.4717443,,surface,,
way/1303255820,43.0547193,141.3758562,,surface,,
way/1303255821,43.0545498,141.3760371,,surface,,
way/1303255837,43.0555928,141.375056,,surface,,
way/1303283635,43.0549335,141.3344718,,surface,,
way/1303412011,43.0192135,141.365999,,surface,,
way/1303423132,43.0483432,141.353117,,surface,,
way/1304011248,43.0778177,140.9794125,,surface,customers,
way/1304011262,43.07764,140.9815823,,surface,customers,
way/1304011265,43.0768621,140.982922,,surface,customers,
way/1304011266,43.0758175,140.9852422,,surface,customers,
way/1304011271,43.0757185,140.9838789,,surface,customers,
way/1304011283,43.0690867,140.9881965,,surface,customers,
way/1304011290,43.0690975,140.989529,,surface,customers,
way/1304011294,43.0678786,140.9879284,,surface,customers,
way/1304018872,43.1975697,140.8555368,,surface,customers,
way/1304030444,43.1810081,141.0089546,,surface,customers,
way/1304048919,43.0718891,141.0837557,,surface,customers,
way/1304048920,43.0720252,141.083189,,surface,customers,
way/1304048921,43.0725469,141.08325,,surface,customers,
way/1304048922,43.074805,141.0855192,,surface,customers,
way/1304048923,43.0731171,141.0846945,,surface,customers,
way/1304048924,43.07305,141.0828947,,surface,customers,
way/1304093122,43.0995664,140.9070095,,surface,,12
way/1304109043,43.1311815,141.2035113,,surface,customers,
way/1304198870,43.0630187,141.3219474,,surface,customers,
way/1304206362,43.064153,141.3272248,,,unknown,
way/1304206363,43.0639218,141.3273123,,surface,customers,
way/1305540593,43.0424208,141.3958083,,surface,,
way/1305540612,43.0422734,141.3929504,,surface,private,
way/1305558330,43.0553221,141.4137784,,surface,,
way/1305572651,43.0535474,141.3496322,,surface,,
way/1305572667,43.0492894,141.3503195,,surface,,
way/1305572668,43.0488054,141.3507101,,surface,,
way/1305746956,43.0696647,141.316613,,surface,permissive,
way/1305746958,43.069604,141.3160874,,surface,permissive,
way/1305746959,43.0695814,141.3163367,,surface,permissive,
way/1305746960,43.0700943,141.3153946,札振二十四軒駐車場,surface,permissive,
way/1305934687,43.0559261,141.3746479,,surface,,
way/1305934696,43.0547962,141.3796986,,surface,customers,
way/1308458447,43.0478656,141.392922,,surface,customers,
way/1308836130,43.0691845,141.3670229,,surface,,
way/1311719856,43.0538955,141.3562693,三井のリパーク,,yes,71
way/1314746392,43.2760853,141.5907088,,,private,
way/1316834387,43.1146335,141.3557843,,,,
way/1318042597,43.1432032,141.3615513,,,,
way/1319818135,43.1566397,141.3806738,,,,
way/1319818136,43.1564665,141.3806933,,,customers,
way/1319818137,43.1571926,141.3806956,,,,
way/1319819646,43.1287051,141.3702368,丘珠空港臨時駐車場,surface,customers,
way/1320885450,43.0843475,141.3341023,,surface,private,
way/1323143610,43.1020952,141.5057221,,surface,,
way/1323143611,43.1013902,141.5067988,,surface,,
way/1323876189,43.0321088,141.4196962,,,,
way/1323876190,43.0318444,141.4194533,,,,
way/1323876191,43.0308624,141.4184917,,,,
way/1323876192,43.0318885,141.4183509,,,,
way/1323876193,43.0319774,141.4180688,,,,
way/1323876194,43.0330662,141.420436,,,,
way/1323876195,43.0328843,141.4212738,,,,
way/1323876196,43.0327796,141.4207928,,,,
way/1323876197,43.03263,141.4215739,,,,
way/1323876198,43.0327471,141.422251,,,,
way/1323876199,43.0321701,141.4215305,,,,
way/1324116426,43.0975646,141.5035349,,,,
way/1324116427,43.0969341,141.5038154,,,,
way/1324340147,43.0680901,141.4459071,,,,
way/1324340148,43.0676798,141.4460006,,,,
way/1324340149,43.0682141,141.4424792,,,,
way/1324340150,43.0676656,141.4426403,,,,
way/1324340151,43.0672116,141.4433451,,,,
way/1324340152,43.0676419,141.4440364,,,,
way/1324340153,43.0677835,141.4452254,,,,
way/1324340154,43.0677202,141.4457387,,,,
way/1326271884,43.0427316,141.342782,アークスグループ 来客用第1駐車場,surface,private,
way/1327492034,43.0427159,141.3425735,アークスグループ 来客用第2駐車場,surface,private,
way/1327497320,43.0355426,141.4024159,,,,
way/1327497321,43.0359527,141.4035543,,,,
way/1327497322,43.0332657,141.4016706,,,,
way/1327497323,43.0280739,141.3996047,,,,
way/1327497324,43.02875,141.4015129,,,,
way/1327497325,43.0279712,141.4019007,,,,
way/1327497326,43.0276226,141.4020952,,,,
way/1327497327,43.026988,141.4012092,,,,
way/1327497328,43.0267429,141.4018617,,,,
way/1327497329,43.026258,141.4011757,,,,
way/1327497330,43.026746,141.40291,,,,
way/1327497331,43.0263011,141.4022948,,,,
way/1327497332,43.0261162,141.4025788,,,,
way/1327497333,43.0266364,141.4032915,,,,
way/1327497335,43.0280152,141.4029149,,,,
way/1327497336,43.0286921,141.4029067,,,,
way/1327497339,43.028338,141.4039159,,,,
way/1327497340,43.0329098,141.3975757,,,,
way/1327497346,43.0318751,141.3972256,,,,
way/1327497347,43.031708,141.3976598,,,,
way/1327497348,43.0312635,141.3979124,,,,
way/1330624729,43.1962616,141.0019479,小樽色内 駐車場,surface,customers,
way/1331552738,43.0306171,141.4335582,,surface,customers,
way/1332904407,43.1124718,141.5254956,,,,
way/1332905727,43.1128044,141.5259643,,surface,,
way/1332944401,43.1019858,141.5369642,,,,
way/1333097157,43.1047386,141.5331287,,,,
way/1339066358,43.0321548,141.401236,,surface,customers,
way/1340205544,43.1439304,141.1591143,,surface,,
way/1340205549,43.1438805,141.1604812,,surface,,8
way/1340205550,43.1434149,141.1613446,,surface,customers,
way/1345042600,43.1414923,141.1622549,,surface,,
way/1346893982,43.0209272,141.4061353,,surface,private,
way/1349634026,43.0843517,141.4209509,,surface,,
way/1349634032,43.0868229,141.4278092,,surface,,
way/1349975897,43.0898885,141.43989,,surface,,
way/1350315213,43.0699816,141.3712142,,,,
way/1350317969,43.0894306,141.4237505,,surface,private,
way/1350317970,43.0900686,141.4235071,,surface,private,
way/1350317972,43.0911234,141.424478,,surface,private,
way/1350317973,43.0913178,141.4268531,,surface,private,
way/1350317976,43.0909584,141.4256387,,surface,private,
way/1350317990,43.0899374,141.426715,,surface,private,
way/1350317991,43.0912385,141.4281406,,surface,private,
way/1350649924,43.0321542,141.3979443,三井のリパーク 札幌月寒東１条７丁目,surface,customers,5
way/1350659041,43.2098014,141.5184653,,surface,customers,
way/1351956347,43.0669633,141.3718068,,,,
way/1352274332,43.0615059,141.3641118,,surface,yes,
way/1352274333,43.061241,141.363413,,surface,yes,
way/1352274334,43.0607732,141.3629464,,,,
way/1352274335,43.0607317,141.3635509,,surface,,
way/1352274336,43.0622781,141.3639535,,,,
way/1352274337,43.0621876,141.363139,,,,
way/1352274338,43.0625526,141.3632458,,,,
way/1352814749,43.0281289,141.3573608,,surface,customers,
way/1353553690,43.0266066,141.3584573,,surface,,
way/1353553701,43.0267579,141.3591973,,surface,,
way/1353553702,43.027091,141.359693,,,,
way/1353553703,43.0274274,141.359761,,surface,,
way/1353553708,43.0273339,141.3589479,,surface,private,
way/1353840555,43.0265227,141.357327,,surface,,
way/1353922202,43.0299921,141.3952116,,surface,customers,
way/1354125192,43.026414,141.3569734,,surface,,
way/1354125207,43.0266378,141.3562131,,surface,,
way/1354789111,43.0249412,141.3563752,,surface,customers,
way/1354944178,43.2154623,141.3356995,,,,
way/1355911610,43.1440654,141.165569,,surface,,
way/1357073342,43.0487716,141.351969,,surface,customers,1
way/1357073345,43.0493431,141.3526155,,surface,,2
way/1357073352,43.0497793,141.3513061,,surface,,12
way/1359019082,43.0733846,141.3579064,,,,
way/1359019083,43.0734569,141.3585413,,,,
way/1359019084,43.07081,141.3607842,,surface,private,
way/1359019085,43.0702079,141.3553909,,surface,,
way/1359019086,43.0703571,141.3560183,,surface,,
way/1359021963,43.0720806,141.357419,,,,
way/1359021964,43.0724012,141.358656,,,,
way/1359021965,43.0723576,141.358411,,,,
way/1359021966,43.0723444,141.3581765,,,,
way/1359021972,43.0719591,141.3591397,,,,
way/1359021973,43.0718404,141.3591575,,,,
way/1359021974,43.0716417,141.3582652,,,,
way/1359021975,43.0717718,141.358085,,,,
way/1359021976,43.0718225,141.3583613,,,,
way/1359021977,43.0715984,141.3584091,,,,
way/1359025130,43.0702936,141.3621425,,surface,,
way/1359330985,43.0702888,141.3733714,,,private,
way/1359718280,43.0848039,141.38742,,surface,customers,
way/1359727503,43.0743632,141.3223113,,surface,private,
way/1359727504,43.0780749,141.3197458,,surface,,
way/1359965052,43.0903697,141.3042332,,surface,customers,
way/1360082065,43.071934,141.3550618,,,,
way/1360082072,43.0725163,141.3569887,,,,
way/1360082079,43.0725043,141.3589372,,,,
way/1360082080,43.0721376,141.3590669,,,,
way/1360958044,43.0636588,141.3296146,,,,
way/1360958045,43.0643927,141.3289686,,,,
way/1361581086,43.0299002,141.3468985,,surface,private,
way/1361581087,43.0300573,141.3471087,,surface,private,
way/1361581088,43.030087,141.3465768,,surface,private,
way/1361581089,43.0298724,141.3466052,,surface,private,
way/1361581090,43.0297571,141.3466201,,surface,private,
way/1361581091,43.0296685,141.3466318,,surface,private,
way/1362526361,42.9887855,141.3191236,,surface,private,
way/1364898632,43.0326214,141.3615964,,surface,customers,13
way/1366524989,43.152797,141.2276983,,surface,customers,
way/1366524991,43.152381,141.2268089,,surface,customers,
way/1369693095,43.0564647,141.3160108,,surface,customers,
way/1369693096,43.0563047,141.315993,,,,
way/1374001689,43.0433536,141.3928619,,surface,permit,
way/1374341607,43.1741028,141.39442,,,,
way/1374341611,43.175611,141.3932171,,,,
way/1375458933,43.0359236,141.3589408,,,,
way/1376001211,43.0253414,141.3588471,,surface,,
way/1376001228,43.0248646,141.3580866,,surface,,
way/1377393627,43.0235486,141.3582583,,surface,,
way/1377393640,43.0234369,141.357576,,surface,,
way/1379126868,43.0480486,141.3478278,,surface,customers,
way/1379257613,43.0188568,141.3615625,,surface,,
way/1381163796,43.0673686,141.3627606,,,,
way/1381164490,43.106191,141.5316175,,,,
way/1385103842,43.2053054,140.9818003,,surface,customers,5
way/1385103844,43.2053555,140.9820506,,,customers,
way/1385489488,43.0697055,141.3451009,,surface,private,
way/1385489489,43.0698564,141.3452774,,surface,permit,
way/1385495120,43.0860282,141.350229,,surface,private,
way/1385495121,43.0859334,141.350457,,surface,private,
way/1387430635,43.0264761,141.4105177,ブランチ札幌月寒第2駐車場,,,
way/1388135435,43.0538544,141.2222444,,,,
way/1388135444,43.0566667,141.226104,,,,
way/1388135445,43.057801,141.2256926,,,,
way/1388419929,43.0386897,141.2868786,,,,
way/1388419930,43.0385228,141.2867003,,,,
way/1388419931,43.0383784,141.2866874,,,,
way/1388423086,42.9335115,141.3382192,,,,
way/1388423096,42.9338314,141.3375412,,,,
way/1388423113,43.0678054,141.374292,,,,
way/1388676327,42.9375971,141.1515885,,,,
way/1389456300,43.0297082,141.4133054,,,,
way/1389456301,43.0295138,141.4127658,,,,
way/1389456302,43.0296227,141.4136218,,,,
way/1389456303,43.0298879,141.4144831,,,,
way/1389456304,43.0298841,141.4136532,,,,
way/1389456305,43.029798,141.4129504,,,,
way/1389456306,43.0293816,141.4150978,,,,
way/1389456307,43.0295159,141.4149759,,,,
way/1389456308,43.029224,141.4151516,,,,
way/1389470360,43.0290176,141.4121727,,,,
way/1389470361,43.0285971,141.4126984,,,,
way/1389470362,43.028559,141.413415,,,,
way/1389471488,43.0299036,141.4277199,,,,
way/1389555777,43.0495262,141.4439113,コープさっぽろ川下店第2駐車場,surface,customers,
way/1389831387,43.0217229,141.4173054,,,,
way/1390313865,43.0264471,141.2886931,,,,
way/1390624234,43.0604043,141.4163573,,,,
way/1390671873,43.0526666,141.4237038,,,,
way/1390847869,43.1234638,141.2493286,,surface,,
way/1390900740,43.056464,141.3445466,タイムズ,,,
way/1391386296,43.1852961,140.7982953,,surface,customers,
way/1391709615,43.1880272,141.0036129,コープさっぽろ第2駐車場,surface,customers,
way/1391709618,43.1873957,141.0030922,コープさっぽろ屋上駐車場,rooftop,customers,
way/1391801551,43.1942118,140.9921949,コープさっぽろ屋上駐車場,rooftop,customers,
way/1392248801,42.9534398,141.338656,,,,
way/1392248802,42.9542373,141.3383399,,,,
way/1392254399,42.9594639,141.3407701,,,,
way/1392256568,42.9562164,141.3436767,,,,
way/1392256577,42.9548982,141.3441695,,,,
way/1392353059,43.1830803,140.8026233,,surface,customers,
way/1392353060,43.1830521,140.8040006,,surface,customers,
way/1392509946,43.1885099,140.7948181,,surface,,
way/1393800722,43.0393926,141.3428522,,surface,private,
way/1411392071,43.1142502,141.5632495,,surface,yes,
way/1412130331,43.2008366,140.9956345,,,customers,
way/1412130332,43.1980205,141.0011677,,,customers,
way/1412130333,43.1983809,141.001106,,,,
way/1412130334,43.1986224,141.0009654,,,,
way/1412130335,43.1985972,141.0016413,,,,
way/1412130336,43.1990241,141.0007435,,,,
way/1414243621,43.0507215,141.3332453,,surface,customers,
way/1419119257,43.044101,141.336329,三井のリパーク,surface,customers,
way/1419635181,43.0279895,141.3903176,,surface,,
way/1419635182,43.0675286,141.3423519,,surface,,
way/1419635183,43.0680432,141.3436889,,surface,,
way/1419635184,43.0725587,141.3518779,,surface,,
way/1419635185,43.0703021,141.3633112,,surface,,
way/1419635187,43.0680902,141.3622161,,surface,,
way/1419635188,43.0660354,141.3606453,,surface,,
way/1419635189,43.0585125,141.3504675,南1西5パーキング,surface,,
way/1419635190,43.0549508,141.359818,,surface,,
way/1419635191,43.0550163,141.3602389,,surface,,
way/1419635192,43.0537295,141.360217,,surface,,
way/1419635193,43.0537973,141.3598559,,surface,,
way/1419635195,43.076437,141.3623571,,surface,,
way/1419635196,43.0762426,141.361188,,surface,,
way/1419635197,43.0759635,141.3612286,,surface,,
way/1419635198,43.0761533,141.3614937,,surface,,
way/1419635199,43.0760227,141.3618685,,surface,,
way/1419635200,43.0859267,141.3632816,,surface,,
way/1419635201,43.0859013,141.3630904,,surface,,
way/1419635202,43.085427,141.3629428,,surface,,
way/1419635203,43.0848035,141.3630329,,surface,,
way/1419635205,43.0814899,141.3643863,,surface,,
way/1419635206,43.0817358,141.3577246,,surface,,
way/1419635207,43.081689,141.3573516,,surface,,
way/1419635208,43.0821916,141.3570783,,surface,,
way/1419635209,43.0823405,141.3576293,,surface,,
way/1419635210,43.0821414,141.3577428,,surface,,
way/1419635211,43.0822578,141.3589755,,surface,,
way/1419635212,43.0816924,141.3612933,,surface,,
way/1419635213,43.0821355,141.360379,,surface,,
way/1419635214,43.0812078,141.357614,,surface,,
way/1419635215,43.0796493,141.3564415,,surface,,
way/1419635216,43.0796779,141.3566352,,surface,,
way/1419635217,43.0622537,141.3489601,,surface,,
way/1419635218,43.0623602,141.3477673,,surface,,
way/1419635219,43.0555741,141.3597151,,surface,,
way/1419635220,43.0559515,141.3599021,,surface,,
way/1419635221,43.0549874,141.3555371,,surface,,
way/1419635222,43.0718729,141.3645206,,surface,,
way/1419635223,43.0716338,141.3643483,,surface,,
way/1419635224,43.0713383,141.3646211,,surface,,
way/1419635225,43.0706024,141.3645124,,surface,,
way/1419635226,43.0705215,141.3637407,,surface,,
way/1419635227,43.0705119,141.3639382,,surface,,
way/1419635228,43.0693495,141.3622067,,surface,,
way/1419635229,43.0693189,141.3631891,,surface,,
way/1419635230,43.0613608,141.3482508,,surface,,
way/1419635231,43.078289,141.3616094,,surface,,
way/1419635232,43.0776937,141.3602072,,surface,,
way/1419635233,43.0524628,141.3303866,,surface,,
way/1419635234,43.05563,141.3262244,,surface,,
way/1419635235,43.055561,141.3260267,,surface,,
way/1419635236,43.0555465,141.325788,,surface,,
way/1419635237,43.055275,141.3255957,,surface,,
way/1419635238,43.0551589,141.3263369,,surface,,
way/1419635239,43.0561267,141.3261635,,surface,,
way/1419635240,43.0624847,141.3422542,,surface,,
way/1419635241,43.0622202,141.3421985,,surface,,
way/1419635242,43.0621921,141.3420131,,surface,,
way/1419635243,43.0612997,141.3412008,,surface,,
way/1419635244,43.060846,141.3492351,タイムズ,surface,,101
way/1419635245,43.0618991,141.3608769,,surface,,
way/1419635246,43.0619978,141.3613883,,surface,,
way/1419635247,43.0621938,141.3615893,,surface,,
way/1419635248,43.062184,141.3609943,,surface,,
way/1419635249,43.0622117,141.3605314,,surface,,
way/1419635250,43.0599927,141.3638072,,surface,,
way/1419635251,43.0597171,141.3637808,,surface,,
way/1419635252,43.0589245,141.3640261,,surface,,
way/1419635253,43.0667744,141.3413309,,surface,,
way/1419635254,43.0667914,141.340918,,surface,,
way/1419635255,43.0668697,141.3397246,,surface,,
way/1419635256,43.0667771,141.3389118,,surface,,
way/1419635257,43.066011,141.3386105,,surface,,
way/1419635258,43.064558,141.3377725,,surface,,
way/1419635259,43.0599887,141.3404297,,surface,,
way/1419635260,43.0599808,141.3396626,,surface,,
way/1419635261,43.0599275,141.341926,,surface,,
way/1419635262,43.0559945,141.3412494,,surface,,
way/1419635263,43.0534471,141.3378665,,surface,,
way/1419635264,43.0535848,141.3376961,,surface,,
way/1419635265,43.0532036,141.3373555,,surface,,
way/1419635266,43.0529904,141.3372625,,surface,,
way/1419635267,43.0530308,141.3366863,,surface,,
way/1419635268,43.0533183,141.3368545,,surface,,
way/1419635269,43.0535177,141.3366832,,surface,,
way/1419635270,43.0535632,141.3373036,,surface,,
way/1419635271,43.0540089,141.3379706,,surface,,
way/1419635272,43.0537315,141.3386569,,surface,,
way/1419635273,43.0329389,141.3399349,,surface,,
way/1419635274,43.0329191,141.3396103,,surface,,
way/1419635275,43.0328486,141.3393819,,surface,,
way/1419635276,43.0329912,141.3393645,,surface,,
way/1419635277,43.0311079,141.3378657,,surface,,
way/1419635278,43.0315203,141.3373563,,surface,,
way/1419635279,43.0328778,141.3389497,,surface,,
way/1419635280,43.0326982,141.3389697,,surface,,
way/1419635281,43.0324385,141.3385947,,surface,,
way/1419635282,43.0324877,141.3383697,,surface,,
way/1419635283,43.0323775,141.337761,,surface,,
way/1419635284,43.032236,141.3377551,,surface,,
way/1419635285,43.0320308,141.3396301,,surface,,
way/1419635286,43.0319753,141.3398277,,surface,,
way/1419635287,43.0315935,141.3399282,,surface,,
way/1419635288,43.0314048,141.3398641,,surface,,
way/1419635289,43.032196,141.3407313,,surface,,
way/1419635290,43.0332603,141.3428644,,surface,,
way/1419635291,43.0328162,141.3430252,,surface,,
way/1419635292,43.0348034,141.3460217,,surface,,
way/1419635293,43.0409151,141.3466935,,surface,,
way/1419635294,43.0408873,141.346225,,surface,,
way/1419635295,43.0408052,141.3459194,,surface,,
way/1419635296,43.0407718,141.3454849,,surface,,
way/1419635297,43.0405095,141.3455345,,surface,,
way/1419635298,43.0398383,141.3467056,,surface,,
way/1419635299,43.0398345,141.3465617,,surface,,
way/1419635300,43.039574,141.3463019,,surface,,
way/1419635301,43.0387773,141.3466476,,surface,,
way/1419635302,43.0387504,141.3462119,,surface,,
way/1419635303,43.0717651,141.3231119,,surface,,
way/1419635304,43.0717478,141.3227203,,surface,,
way/1419635305,43.0714179,141.3221247,,surface,,
way/1419635306,43.0703349,141.3219788,,surface,,
way/1419635307,43.0703206,141.3223185,,surface,,
way/1419635308,43.0704077,141.3228307,,surface,,
way/1419635309,43.0544818,141.3404018,,surface,,
way/1419635310,43.0536017,141.3406469,,surface,,
way/1419635311,43.0537869,141.3411739,,surface,,
way/1419635312,43.0532723,141.3411047,,surface,,
way/1419635313,43.0531074,141.3413738,,surface,,
way/1419635314,43.052958,141.3418176,,surface,,
way/1419635315,43.0526516,141.3418829,,surface,,
way/1419635316,43.0524469,141.3417822,,surface,,
way/1419635317,43.0505419,141.3432988,,surface,,
way/1419635318,43.0505853,141.3428952,,surface,,
way/1419635319,43.0507568,141.3429924,,surface,,
way/1419635320,43.0501611,141.34319,,surface,,
way/1419635321,43.0382086,141.3357876,,surface,,
way/1419635322,43.0381216,141.3361054,,surface,,
way/1419635323,43.0387795,141.3359428,,surface,,
way/1419635324,43.0391391,141.3402354,,surface,,
way/1419635325,43.0390798,141.3399273,,surface,,
way/1419635326,43.0392448,141.3421557,,surface,,
way/1419635327,43.0384696,141.3445519,,surface,,
way/1419635328,43.0379221,141.3448702,,surface,,
way/1419635329,43.0382062,141.3472161,,surface,,
way/1419635330,43.0380867,141.3465834,,surface,,
way/1419635331,43.0378993,141.3460715,,surface,,
way/1419635332,43.0378987,141.3457314,,surface,,
way/1419635333,43.0366813,141.3447128,,surface,,
way/1419635334,43.0369415,141.3451868,,surface,,
way/1419635335,43.0371076,141.3458538,,surface,,
way/1419635336,43.0368809,141.3467047,,surface,,
way/1419635337,43.0368938,141.3468703,,surface,,
way/1419635338,43.0370925,141.3468194,,surface,,
way/1419635339,43.0371906,141.3469622,,surface,,
way/1419635340,43.0361605,141.3478567,,surface,,
way/1419635341,43.0359716,141.3474657,,surface,,
way/1419635342,43.0364898,141.3470926,,surface,,
way/1419635343,43.0351529,141.3424197,,surface,,
way/1419635344,43.0359128,141.3436193,,surface,,
way/1419635345,43.0361355,141.3433879,,surface,,
way/1419635346,43.0368737,141.3438419,,surface,,
way/1419635347,43.0366965,141.3437971,,surface,,
way/1419635348,43.0371595,141.3428783,,surface,,
way/1419635349,43.0368729,141.3415243,,surface,,
way/1419635350,43.037041,141.3415642,,surface,,
way/1419635351,43.0371004,141.341798,,surface,,
way/1419635352,43.0377679,141.3416808,,surface,,
way/1419635353,43.037655,141.3420203,,surface,,
way/1419635354,43.037807,141.34226,,surface,,
way/1419635355,43.0377342,141.3411724,,surface,,
way/1419635356,43.0382746,141.3413066,,surface,,
way/1419635357,43.0382414,141.3408453,,surface,,
way/1419635358,43.0383894,141.3411,,surface,,
way/1419635359,43.0383911,141.342758,,surface,,
way/1419635360,43.0392988,141.3430384,,surface,,
way/1419635361,43.0413702,141.3419333,,surface,,
way/1419635362,43.0416374,141.3425888,,surface,,
way/1419635363,43.0415103,141.3429969,,surface,,
way/1419635364,43.0423188,141.3425513,,surface,,
way/1419635365,43.0423114,141.3427317,,surface,,
way/1419635366,43.0420732,141.3429876,,surface,,
way/1419635367,43.0420684,141.343979,,surface,,
way/1419635368,43.0422871,141.3446724,,surface,,
way/1419635369,43.0417809,141.3455018,,surface,,
way/1419635370,43.0422557,141.3455939,,surface,,
way/1419635371,43.042135,141.3452017,,surface,,
way/1419635372,43.0429341,141.3462165,,surface,,
way/1419635373,43.0431697,141.3462497,,surface,,
way/1419635374,43.0432402,141.3458711,,surface,,
way/1419635375,43.0432097,141.3456235,,surface,,
way/1419635376,43.0432079,141.3453984,,surface,,
way/1419635377,43.043497,141.345565,,surface,,
way/1419635378,43.0434925,141.3460359,,surface,,
way/1419635379,43.0475374,141.344839,,surface,,
way/1419635380,43.0477846,141.3440225,,surface,,
way/1419635381,43.0476333,141.3433559,,surface,,
way/1419635382,43.0491087,141.3437955,,surface,,
way/1419635383,43.0491258,141.3441804,,surface,,
way/1419635384,43.0463892,141.349856,,surface,,
way/1419635385,43.0465571,141.3496383,,surface,,
way/1419635386,43.0471643,141.3493246,,surface,,
way/1419635387,43.0482154,141.3488681,,surface,,
way/1419635388,43.0482365,141.3485468,,surface,,
way/1419635389,43.0494546,141.3489363,,surface,,
way/1419635390,43.0494321,141.3485953,,surface,,
way/1419635391,43.0493482,141.3483782,,surface,,
way/1419635392,43.0500938,141.3482553,,surface,,
way/1419635393,43.0687394,141.3081995,,surface,,
way/1419635394,43.0688547,141.3078097,,surface,,
way/1419635395,43.0689457,141.312643,,surface,,
way/1419635396,43.0695264,141.3112663,,surface,,
way/1419635397,43.0695343,141.313272,,surface,,
way/1419635398,43.0701932,141.3135633,,surface,,
way/1419635399,43.0708679,141.3150681,,surface,,
way/1419635400,43.07267,141.3160456,,surface,,
way/1419635401,43.0725764,141.3157091,,surface,,
way/1419635402,43.0726713,141.3155511,,surface,,
way/1419635403,43.0720872,141.3166804,,surface,,
way/1419635404,43.0717882,141.3171244,,surface,,
way/1419635405,43.0713937,141.3173066,,surface,,
way/1419635406,43.0718291,141.3185056,,surface,,
way/1419635407,43.0713324,141.3182241,,surface,,
way/1419635408,43.0711686,141.3187027,,surface,,
way/1419635409,43.072137,141.3191242,,surface,,
way/1419635410,43.0716116,141.3200428,,surface,,
way/1419635411,43.0949468,141.3571813,,surface,,
way/1419635412,43.095176,141.3578172,,surface,,
way/1419635413,43.0950874,141.3573788,,surface,,
way/1419635414,43.0945982,141.3590855,,surface,,
way/1419635415,43.0919141,141.3508634,,surface,,
way/1419635416,43.0915336,141.3491384,,surface,,
way/1419635417,43.0914053,141.3482803,,surface,,
way/1419635418,43.0802267,141.3596282,,surface,,
way/1419635419,43.0797401,141.3603203,,surface,,
way/1419635420,43.0795412,141.3604112,,surface,,
way/1419635421,43.0794648,141.3599142,,surface,,
way/1419635422,43.0789402,141.3587453,,surface,,
way/1419635423,43.0792607,141.3584698,,surface,,
way/1419635424,43.0788486,141.3580262,,surface,,
way/1419635425,43.0780683,141.3590807,,surface,,
way/1419635426,43.0786322,141.3603734,,surface,,
way/1419635427,43.0786622,141.3613912,,surface,,
way/1419635428,43.0770303,141.360744,,surface,,
way/1419635429,43.0761053,141.3603392,,surface,,
way/1419635430,43.0755368,141.3606833,,surface,,
way/1419635431,43.0750817,141.3609316,,surface,,
way/1419635432,43.0745601,141.3577434,,surface,,
way/1419635435,43.0718595,141.3565737,,surface,,
way/1419635436,43.0719302,141.3570097,,surface,,
way/1419635437,43.0644179,141.3573192,,surface,,
way/1419635438,43.064391,141.3568846,,rooftop,,
way/1419635439,43.057659,141.3493512,,surface,,
way/1419636309,43.0541489,141.3748825,,surface,,
way/1419636878,43.0315452,141.3507511,,surface,,
way/1419636879,43.0591057,141.3467862,,surface,,
way/1419636880,43.0513515,141.3370787,,surface,,
way/1419636881,43.0522337,141.3415412,,surface,,
way/1419636882,43.0522192,141.3413535,,surface,,
way/1419636883,43.0503011,141.3407333,,surface,,
way/1419655427,42.9025855,140.7622739,,surface,,
way/1419655478,42.901503,140.747863,,surface,,
way/1419655765,42.9093567,140.7491289,,surface,,
way/1419655844,42.9022667,140.7609102,,surface,,
way/1419655845,42.9020342,140.7609842,,surface,,
way/1419655846,42.9043593,140.7692275,,surface,,
way/1419655876,42.9001928,140.7634275,,surface,,
way/1419655877,42.9018929,140.7598215,,surface,,
way/1426006622,43.2168163,141.5313183,,surface,customers,
way/1429132105,42.9307426,141.4852764,,,,
way/1429132116,42.9231785,141.4840602,,,,
way/1429133081,42.9335686,141.5370558,,,,
way/1429486295,43.0392076,141.3534431,,surface,customers,2
way/1430471576,43.0290852,141.3639189,,surface,,
way/1430471579,43.0289496,141.3647287,,surface,,
way/1430496133,43.0621781,141.313594,,surface,,8
way/1432116019,43.1114104,141.5549679,,surface,private,
way/1432116020,43.1117258,141.556296,,,,
way/1432116021,43.1108809,141.5555441,,,,
way/1432116022,43.1115063,141.5523076,,,,
way/1432116023,43.1119046,141.5529444,,,,
way/1432116024,43.1121252,141.5531618,,,,
way/1432116025,43.1123015,141.5529953,,,,
way/1432116026,43.1132272,141.5533678,,,,
way/1432124153,43.1187358,141.5400462,,surface,yes,
way/1433539661,43.1114365,141.5222326,,,,
way/1433582882,43.0694649,141.3579955,,multi-storey,private,
way/1433582883,43.0694511,141.3578902,,multi-storey,private,
way/1433727123,43.1269852,141.2375536,,surface,customers,
way/1433727125,43.1265453,141.2369166,西成病院 第2駐車場,,customers,
way/1434979975,43.0460025,141.3638365,,surface,,17
way/1434979983,43.0442513,141.3630205,,surface,,
way/1434979993,43.0450659,141.3633754,,surface,,
way/1436122240,43.0687845,141.5743628,,,,
way/1436874350,43.094329,141.376301,トラストパーク,surface,,11
way/1442061369,43.0687221,141.3344268,,multi-storey,,
way/1442331300,43.1432612,141.2620977,,surface,,
way/1442740016,43.0465399,141.3716261,,surface,,8
way/1443212568,43.0048878,141.3483354,,,,
way/1443212572,43.0063828,141.3531724,,surface,,
way/1443214614,43.0292315,141.3448111,,surface,,
way/1443214617,43.0302478,141.3459336,,surface,,
way/1445319076,43.0191689,141.3587344,,surface,,
way/1445319077,43.0193995,141.3589256,,surface,,
way/1445319078,43.0197401,141.3589923,,surface,,
way/1445976104,43.1998563,140.9935898,,surface,customers,
way/1448141451,43.0000744,141.3373154,,,,
way/1449559418,43.0211761,141.3572688,,surface,,
way/1454806970,43.0497313,141.3225259,,surface,private,4
way/1455357811,43.0233918,141.4150891,,,,
way/1455359271,43.0236785,141.4029805,,,,
way/1458272106,42.9137608,141.5025256,,surface,customers,
way/1458272117,42.9078261,141.475338,,surface,customers,
way/1459947828,43.2826099,141.4148791,,surface,customers,
way/1459947829,43.2824863,141.4142078,,surface,customers,
way/1459958365,43.3206597,141.4486708,,street_side,customers,
way/1459958372,43.320576,141.4529765,,surface,customers,
way/1459958374,43.3202674,141.454227,,street_side,customers,
way/1459958379,43.3189169,141.4535075,,surface,customers,
way/1459958383,43.319776,141.4561804,,street_side,customers,
way/1459958384,43.3183729,141.4611451,,street_side,customers,
way/1459958387,43.3183299,141.4589826,,surface,customers,
way/1459958392,43.317382,141.4530616,,surface,customers,
way/1459958393,43.3171302,141.4524756,,street_side,customers,
way/1459958396,43.3164566,141.4489363,,surface,customers,
way/1459958400,43.3154998,141.4502996,,surface,customers,
way/1459958402,43.3153437,141.4496713,,surface,customers,
way/1459958404,43.3136546,141.4515415,,surface,customers,
way/1459958407,43.313615,141.4472647,,street_side,customers,
way/1459958408,43.3140117,141.4460671,,street_side,customers,
way/1459958409,43.3144835,141.4449245,,street_side,customers,
way/1460021829,43.2583181,141.5086162,,surface,customers,
way/1460021830,43.2577116,141.5101531,,surface,customers,
way/1460021831,43.2581687,141.5097763,,surface,customers,
way/1460927237,43.0211331,141.3605942,,surface,customers,16
way/1461424356,43.1329036,141.1914944,,surface,,
way/1462719156,43.1864573,141.4319617,,surface,,
way/1467192261,43.0152448,141.4141964,,,,
way/1467192262,43.0151567,141.4147597,,,,
way/1468733813,43.0512475,141.3721201,,,,
way/1469019826,43.0744344,141.3142203,,,,
way/1469157735,43.0552003,141.3655992,,,customers,
way/1469802975,43.0681192,141.362392,,,private,
way/1469802976,43.0680345,141.3625943,,,private,
way/1469802982,43.0666186,141.3646182,,,private,
way/1469802983,43.0667468,141.3650085,,,,
way/1471980926,43.0617946,141.3459494,,,,
way/1471980935,43.0633617,141.3569826,,,,
way/1471980937,43.0637032,141.3592556,,,,
way/1471980938,43.064018,141.3592271,,,,
way/1472345802,43.063487,141.3580789,,,,
way/1473342769,43.0651402,141.3583688,,,,
way/1473900547,43.0673033,141.3769166,,,customers,
way/1476019654,43.187799,140.9039992,,,,
way/1476019655,43.1863185,140.9048758,,,,
way/1478717022,43.0965977,141.2742363,,,,
way/1478719672,43.0959765,141.2740147,,,,
way/1478719674,43.0954913,141.272902,,,,
way/1479639928,43.0576748,141.3500398,,,,
way/1480535317,43.0608469,141.3188182,,,,
way/1482458843,43.0996375,141.2529768,,,,
way/1482574301,43.1187075,141.2443046,,,,
way/1482574303,43.1187152,141.2445517,,,,
way/1482574304,43.1187092,141.2447597,,,,
way/1484521347,43.1098678,141.3359164,,surface,customers,
way/1484521349,43.1085075,141.3379899,,,,
way/1485703006,43.0584272,141.3466194,パークネット,,,
way/1485703008,43.0579784,141.3473278,,,,
way/1485703011,43.0560124,141.3456906,,multi-storey,,
way/1485703013,43.0560705,141.3460564,,,customers,
way/1486075466,43.0520358,141.3583889,,surface,customers,
way/1486797326,43.066749,141.33663,,surface,customers,
way/1486877250,43.0507008,141.3567072,パラカ,,,
way/1486885341,43.0050968,141.5360485,,surface,customers,
relation/6334197,43.0962112,141.5267255,,,,
relation/6608363,43.0851397,141.5166608,,surface,,
relation/6665599,43.0856362,141.5146129,,surface,customers,
relation/8389804,42.9039455,140.7446787,くとさんパーク 駐車場,,,
relation/13234447,42.8996045,141.5798307,,surface,,
relation/13234448,42.9003439,141.577569,,surface,,
relation/13234466,42.9034021,141.5755246,,surface,customers,
relation/13234573,42.9018027,141.5724273,,surface,,
relation/14615863,42.9835643,141.4577628,,,,
relation/14694383,43.0283521,141.4332837,タイムズ,,,
relation/14733314,43.0463626,141.3735031,タイムズ,,,390
