park_id,grid_x,grid_y,park_x,park_y,park_lat,park_lng,urban_score,is_city,capacity,type,access
node/1669817019,24,150,24.396238493339123,150.3275098783961,43.067234,141.3473294,2.2887440953646974,1,29,surface,yes
node/1682560396,32,149,32.31970553854472,148.81522215913557,43.1065334,141.3394524,0.38316924804141467,1,351,multi-storey,yes
node/1971133821,29,183,29.41987217704687,182.6369434416348,43.0942949,141.5106078,0.28115430986185025,1,40,surface,yes
node/2003840718,24,151,24.08708009643474,150.7788323769627,43.0657259,141.3496211,3.7294350200776454,1,225,multi-storey,yes
node/2003844199,24,150,24.13595400984857,150.26049155757696,43.0659355,141.3469979,2.2887440953646974,1,392,multi-storey,yes
node/2003846802,24,150,24.121320131814254,150.11406747986172,43.0658533,141.3462577,2.2887440953646974,1,600,surface,yes
node/2021939474,36,130,36.38810382481264,129.6438415375048,43.1255265,141.2423656,0.4914827843474844,1,33,surface,yes
node/2039276545,25,151,24.626982495977657,151.48025256770532,43.0684556,141.3531534,3.1845607289339797,1,37,surface,yes
node/2057917874,23,149,23.316765770982382,148.55152381185835,43.0617522,141.3383774,0.4917276826119895,1,78,multi-storey,yes
node/2097530216,23,151,22.80708594864471,151.125686245173,43.0593839,141.3514123,1.326877095786553,1,29,multi-storey,yes
node/2110225128,23,152,22.91301031243318,152.02127697832466,43.0599683,141.3559392,1.1144881857630178,1,28,surface,yes
node/2110225129,23,152,22.970675681440017,152.1621133304473,43.0602641,141.3566499,1.1144881857630178,1,21,surface,yes
node/2110225615,23,152,22.891212480246917,152.12030192886894,43.0598663,141.3564407,1.1144881857630178,1,29,surface,yes
node/2112415458,31,135,31.03308460217569,134.92657908125804,43.0992409,141.2692399,0.5780397686060671,1,26,surface,yes
node/2180732854,22,151,22.13308202300469,150.90485519588344,43.0560184,141.3503147,1.5479449420273734,1,584,multi-storey,yes
node/2203980715,25,153,24.576630066933664,152.6742798332809,43.0682822,141.3591943,9.392149637547679,1,700,multi-storey,yes
node/2206232349,24,153,23.69674977711445,153.33396195940722,43.0639498,141.3625563,6.487324490110103,1,967,multi-storey,yes
node/2206240705,24,154,24.090201084708863,153.5215460593092,43.0659182,141.3634938,2.58444355695025,1,124,multi-storey,yes
node/2303709720,24,148,23.622532881583652,148.3214727453405,43.0632577,141.337205,0.9835700058142836,1,33,surface,yes
node/2380723567,22,147,22.366328541002574,147.250485225768,43.0569426,141.331824,1.0493180633215058,1,26,multi-storey,yes
node/2380756914,23,148,22.84397729834834,147.72595094870522,43.0593482,141.3342152,0.2889566646732857,1,600,multi-storey,yes
node/2657080803,44,143,43.737948547772376,143.32121644097768,43.1629528,141.3113352,0.302523127262454,1,28,surface,yes
node/2657081322,43,144,43.46047238103538,143.51143266102324,43.1615854,141.3123053,0.4069376241640266,1,29,surface,yes
node/2696394661,5,125,4.733216355956298,124.86966075189687,42.9678251,141.2191275,0.001283928204211256,0,74,surface,yes
node/2843187902,23,150,22.662079477760848,149.7153670713161,43.058572,141.344283,0.5699761119995308,1,36,surface,yes
node/3006215033,24,179,24.332906974464304,179.32281594151922,43.068788,141.493991,0.3537018133386899,1,23,surface,yes
node/3023890933,25,151,24.798057019116687,151.35283549054319,43.069298,141.352504,3.1845607289339797,1,30,surface,yes
node/3086075156,51,83,51.00176103925222,82.9884312498213,43.195181,141.00596,0.3205706002726672,1,23,surface,yes
node/3086075157,52,83,51.681120278481465,82.57118152116021,43.198532,141.00383,1.069769426404607,1,27,surface,yes
node/3259306361,24,149,24.103705572316585,149.15654353570045,43.065704,141.341415,1.8823951978048687,1,40,surface,yes
node/3266576261,26,141,25.74775724119335,140.6930607911229,43.073333,141.298559,0.44197489280881763,1,34,surface,yes
node/3335853437,21,178,20.967223599193755,177.63126557277116,43.0519442,141.4855318,0.5333939564870573,1,28,surface,yes
node/3383884174,22,146,22.448883320285464,146.25790420859852,43.0572891,141.3268011,0.07810560755509002,0,73,multi-storey,yes
node/3390423039,22,145,22.232701620943903,144.88630625908743,43.0561258,141.3198697,0.006436431810993205,0,63,surface,yes
node/3623395452,41,161,41.440141523537115,160.57666156538727,43.1526399,141.3986802,0.03914435487253078,0,113,surface,yes
node/3822128814,22,152,21.988793198645094,151.95720731747275,43.0553688,141.3556417,1.3012842808790708,1,72,multi-storey,yes
node/3822141765,22,152,21.783560283380712,152.08061456610736,43.0543563,141.3562718,1.3012842808790708,1,33,surface,yes
node/3823740939,21,152,21.014950677809807,152.13743592489817,43.0505383,141.3565813,0.6078531796740168,1,26,multi-storey,yes
node/3836607820,21,152,21.179245708187555,151.61453167234478,43.0513215,141.3539317,0.6078531796740168,1,173,multi-storey,yes
node/3924549058,25,136,24.73370055718135,135.93111923525512,43.067984,141.274502,0.09946133241478602,0,72,surface,yes
node/3953029757,23,150,23.285751146106218,150.338972340948,43.0617132,141.3474193,0.5699761119995308,1,163,underground,yes
node/4283547599,4,113,3.8776139261878035,112.7807202643964,42.9627917,141.1580056,0.07424922424478067,0,72,surface,yes
node/4318976404,6,148,5.894325799362004,148.01071714479454,42.9750899,141.3361428,0.1553997097005918,1,23,surface,yes
node/4319047445,8,148,8.246291907185952,147.8153870295342,42.9867717,141.3350872,0.01973747268802339,0,95,surface,yes
node/4319062522,11,148,10.760614013844599,148.01781220164258,42.9992864,141.3360388,0.12204468160731662,0,66,surface,yes
node/4319105214,10,148,9.575253741897836,147.96382411536723,42.9933891,141.3357998,0.03634604032966137,0,96,surface,yes
node/4319105230,10,148,9.54042270183947,147.60987340615011,42.9931931,141.3340105,0.03634604032966137,0,94,surface,customers
node/4365928842,55,83,55.048981886332605,83.0009147336871,43.2153053,141.0059068,0.14089066626385338,1,38,surface,yes
node/4375051968,50,83,50.248664786376274,83.37206731827776,43.1914612,141.0079221,0.8026393864706511,1,30,rooftop,customers
node/4457344439,17,155,17.397484430204614,154.64739638076472,43.0327134,141.3693808,0.23939272038690237,1,9,surface,yes
node/4467231260,20,156,20.264902850425997,155.75654408987955,43.0470422,141.3749085,0.6516783082803138,1,374,multi-storey,yes
node/4497954365,27,154,26.73472899149519,153.58734610042092,43.0790715,141.3637506,1.2983962815919272,1,58,multi-storey,yes
node/4506511893,60,151,60.14958528511646,150.95365441953396,43.2450463,141.3494687,0.026619697362192545,0,78,surface,yes
node/4541071739,29,135,28.863529273385247,135.20602133544395,43.0884715,141.2707157,0.09649301619663331,0,77,surface,yes
node/4588269002,32,155,31.941186489042675,154.97708370724635,43.1050485,141.3706303,0.5548404808611693,1,100,multi-storey,yes
node/4652784976,34,154,33.650743645681345,154.48496608166278,43.113517,141.368092,0.3061312230676039,1,588,multi-storey,customers
node/4927638321,23,150,22.617275567457103,149.6637487967862,43.0583459,141.3440232,0.5699761119995308,1,4,surface,yes
node/5052421570,33,149,32.54020774330183,148.7907737363683,43.1076282,141.3393224,0.9936427470248053,1,180,multi-storey,yes
node/5197654290,19,147,19.039220181390565,146.51616274512622,43.0403523,141.3282054,0.037489888580233485,0,103,surface,yes
node/5317886923,23,151,22.560800627643207,150.7017326042503,43.058132,141.349275,1.326877095786553,1,39,surface,yes
node/5417796410,51,81,51.411059614099905,81.35621523779784,43.1971109,140.9976924,0.6644509685719311,1,40,surface,yes
node/5661791658,24,152,23.618401178497646,151.9898176939326,43.0634736,141.3557598,2.849137849029936,1,314,underground,yes
node/5925065844,22,151,21.604623264605507,151.24136986083184,43.0534125,141.352032,1.5479449420273734,1,38,multi-storey,yes
node/5934535190,12,173,12.397377529368068,172.50964011677675,43.0090033,141.4598727,0.34242811831277964,1,36,surface,yes
node/6308041401,54,84,54.39043655288849,83.57035709472726,43.2120676,141.008806,0.0043662922366930895,0,88,surface,yes
node/6308047565,50,85,49.566939215115674,85.09512239706893,43.1881826,141.016657,0.6565716979967059,1,25,surface,customers
node/6308068557,1,112,1.2511902700907997,112.29885503132384,42.9497016,141.1556438,0.02819698760732161,0,117,surface,yes
node/6308347880,29,182,28.87864537882293,181.76928573628652,43.0915479,141.5062347,0.35709911892128887,1,30,surface,yes
node/6308388123,36,164,35.97798051004717,163.86774718863222,43.1256932,141.4154837,0.34116801475829983,1,22,surface,yes
node/6308538729,27,144,26.512057913371237,144.083984634037,43.0773518,141.3156885,0.6935270385426048,1,36,surface,yes
node/6360006826,29,149,29.225137403804,149.23626227627716,43.0911738,141.341671,0.6157360991414209,1,21,surface,yes
node/6423474460,128,166,128.482459111828,166.00921368001,43.5857798,141.4236562,0.14916180298130483,1,36,surface,yes
node/6425640539,51,39,51.05122438928607,39.44897027963786,43.1926206,140.7857337,0.09724537819291311,0,77,surface,yes
node/6436452401,22,151,22.09481173564733,150.57573640280745,43.0558069,141.3486511,1.5479449420273734,1,32,surface,yes
node/6986903904,16,171,16.36105886896189,171.14400396227708,43.0286234,141.4528513,0.10233832907458897,0,98,surface,yes
node/7214025494,23,145,22.781646658104428,145.0530661087992,43.058866,141.3206974,0.06642918713470648,0,114,multi-storey,yes
node/7918552210,23,156,22.961371417857027,155.87884672698877,43.0604574,141.3754496,0.7927278792438295,1,40,surface,yes
node/8643728123,28,150,27.867688055033167,149.6237787237132,43.0844493,141.3436701,0.07365054519766213,0,10,surface,yes
node/8689739875,10,148,9.630149662494137,147.73960304234916,42.9936476,141.3346641,0.03634604032966137,0,88,surface,customers
node/8948240198,23,152,22.89484541920993,152.42029969322223,43.0599037,141.357958,1.1144881857630178,1,27,surface,yes
node/9407570571,52,82,52.20370362519685,81.86717978356934,43.201085,141.0002541,1.4786785885070457,1,30,surface,yes
node/9420298640,52,82,51.96896657120201,81.79975308241961,43.1999135,140.9999198,1.4786785885070457,1,29,surface,customers
node/9428408027,53,82,52.57287624192656,81.60977088810907,43.202904,140.9989415,0.6097519631522328,1,27,surface,customers
node/9449856012,59,30,59.197660180361545,29.634160839276365,43.2324935,140.7358557,0.021759464520712486,0,78,surface,yes
node/9462598802,22,150,21.96168150588799,149.56801119341418,43.05508,141.3435578,0.8781831816851858,1,130,multi-storey,yes
node/9938493247,25,142,25.128883701150208,141.93808736808643,43.0703361,141.3048742,0.3080475814105396,1,18,multi-storey,yes
node/9946402806,27,142,27.322774639055634,142.09304146873103,43.0812545,141.3055949,0.750572267910251,1,657,multi-storey,yes
node/9948316419,27,142,27.389453096690865,141.74959243185558,43.0815639,141.3038558,0.750572267910251,1,30,surface,yes
node/9948316424,27,142,27.350416463691353,141.8022960856228,43.0813732,141.3041235,0.750572267910251,1,23,surface,yes
node/9949450643,27,143,27.333910830129653,142.77923840782128,43.0813541,141.3090654,0.8808384232303978,1,73,multi-storey,yes
node/9950259192,27,142,26.629977242370988,142.00942919359906,43.0778044,141.3051919,0.750572267910251,1,14,multi-storey,yes
node/9950288507,33,149,32.65480815674441,148.9100280001459,43.1082057,141.3399223,0.9936427470248053,1,326,multi-storey,yes
node/10095286778,24,147,23.862832204315623,147.01342140491784,43.0643682,141.3305819,0.9323114424315987,1,110,multi-storey,yes
node/10188151756,36,137,36.0045123337179,136.97118213536146,43.1240915,141.2794387,0.3920409615920322,1,25,surface,customers
node/10673369415,22,151,21.511307937225602,151.41017347572622,43.0529594,141.3528885,1.5479449420273734,1,26,surface,yes
node/10674905656,21,151,21.14299248531787,151.37494496410724,43.0511258,141.3527209,0.9117309853715069,1,40,surface,yes
node/11134318196,21,158,21.383037338554626,157.7352586539735,43.0527293,141.3848848,0.7157799834310143,1,231,surface,customers
node/11710693440,36,130,36.37502151460115,129.76869669417485,43.1254695,141.2429975,0.4914827843474844,1,31,surface,yes
node/12137220801,51,78,51.38238342438873,78.33524532490671,43.1967736,140.982413,0.04743404076683067,0,88,surface,yes
node/12559912893,20,151,20.419564516150203,151.2184231029272,43.0475187,141.35195,0.7129680123286545,1,40,underground,yes
node/12565601914,20,151,20.44582262372595,151.24231665105717,43.0476508,141.3520701,0.7129680123286545,1,29,underground,yes
node/12824888198,20,150,20.443372910070707,150.03652243369132,43.0475609,141.3459712,0.6923413800213315,1,24,multi-storey,customers
node/13566445658,24,152,23.684808930248725,151.80688344471565,43.063792,141.3548326,2.849137849029936,1,30,surface,yes
way/32530626,35,167,35.30830499484926,166.6222954011119,43.122541,141.4294356,0.168293014673719,1,38,surface,yes
way/32530651,35,165,34.84994122833656,165.22543836054058,43.1201719,141.4223834,0.020544960747575065,0,75,surface,yes
way/38562425,36,165,36.44720078713005,164.64897441216723,43.1280766,141.4194217,0.0757188651238724,0,79,surface,yes
way/38562437,34,167,34.41382709797138,166.71230774974504,43.1180993,141.4299166,0.23131149267027482,1,33,surface,yes
way/83806531,26,161,26.251818170012942,160.98191513278266,43.077147,141.4011666,0.3143339110933511,1,26,surface,customers
way/104291194,30,167,29.922949544763767,166.5452878237134,43.0957591,141.4292009,0.0010368047576717297,0,60,surface,yes
way/104301761,29,161,29.285936466989583,160.60070502918637,43.0922086,141.3991512,0.4435558400271881,1,34,surface,customers
way/104588231,30,157,29.974892271099332,157.2447305200639,43.0954179,141.3821567,0.8484886651106135,1,33,surface,customers
way/114549919,22,158,22.332307046173536,158.1613491078052,43.0574767,141.3870127,1.3731406668340949,1,35,multi-storey,customers
way/114939600,22,157,21.562140231973288,157.43999649808245,43.0536008,141.3833862,1.390188239162167,1,38,multi-storey,yes
way/114954878,22,158,22.382798394817538,158.47549203977934,43.057748,141.3886002,1.3731406668340949,1,40,surface,customers
way/114954881,22,158,22.429019059435003,158.3045623513688,43.0579668,141.3877343,1.3731406668340949,1,20,surface,customers
way/114954882,22,158,22.126693694023533,157.86728126133355,43.0564354,141.3855312,1.3731406668340949,1,40,surface,customers
way/114954884,22,158,21.941898498366548,157.98882761710365,43.0555244,141.3861513,1.3731406668340949,1,35,surface,customers
way/115307735,21,158,21.313991537105682,158.00688794319137,43.0524035,141.3862607,0.7157799834310143,1,39,surface,customers
way/115349390,22,158,21.606026344181494,158.1535243981963,43.053865,141.386994,1.3731406668340949,1,27,surface,yes
way/115572963,23,158,22.607247881244493,158.421153351611,43.0588605,141.3883189,0.7025294371263852,1,33,surface,yes
way/115572965,22,158,22.251414660185752,157.74572958646183,43.0570477,141.3849128,1.3731406668340949,1,40,surface,yes
way/115572969,23,159,22.70987301007316,158.56279879401052,43.0593799,141.3890324,1.3805929766564404,1,28,surface,yes
way/116777560,24,151,23.980171106867125,151.31362848503042,43.0652288,141.3523292,3.7294350200776454,1,39,multi-storey,yes
way/116777883,24,151,23.761613555374836,151.28735697157904,43.0641404,141.3522026,3.7294350200776454,1,22,multi-storey,yes
way/127095003,14,162,13.943499132570631,162.26546902079255,43.0160306,141.4080127,0.19833855831901284,1,25,surface,yes
way/127095005,13,162,13.469759356016587,162.2983239179566,43.0136772,141.4081925,0.03044228100319122,0,83,surface,yes
way/154413677,24,151,24.08151885044449,150.51122742970654,43.065681,141.3482677,3.7294350200776454,1,40,multi-storey,yes
way/154415715,19,175,18.515839157958812,175.11192280212796,43.0395931,141.4728593,1.2211274809639827,1,26,surface,yes
way/154431782,23,149,22.531343353086733,148.57260348842928,43.0578483,141.3385066,0.4917276826119895,1,29,surface,yes
way/154444589,23,151,22.52499804654181,151.11623419849712,43.0579807,141.3513726,1.326877095786553,1,32,surface,yes
way/154444594,22,151,22.451543248303388,150.53800541151554,43.0575782,141.34845,1.5479449420273734,1,24,surface,yes
way/154444602,23,150,22.55228768227213,150.48185653116798,43.0580755,141.3481631,0.5699761119995308,1,33,surface,yes
way/154459470,18,173,17.501979087552087,172.65270659760054,43.0343935,141.4604496,1.5518739996771302,1,31,surface,customers
way/154467857,20,179,20.150073072691328,179.41260534756844,43.047996,141.4945654,0.2746744279048261,1,22,surface,yes
way/154467858,21,180,20.855426386436843,179.80449060795374,43.0515284,141.4965273,0.21253314646572796,1,25,surface,yes
way/154467875,21,179,21.319266092120465,179.01800877404128,43.053784,141.4925359,0.2815813208245304,1,30,surface,yes
way/154470764,27,152,26.768685268060498,152.45265563989096,43.0791672,141.3580103,1.984692977295159,1,34,surface,customers
way/154471854,21,172,20.772164088686303,172.35581472066613,43.0506343,141.4588539,0.8594280801191928,1,37,surface,yes
way/154471862,21,173,21.10932278437155,172.6426429082291,43.0523292,141.460295,0.18653301488946136,1,33,surface,customers
way/154489395,27,152,26.76770315289032,152.31121222145316,43.0791532,141.3572949,1.984692977295159,1,33,surface,customers
way/154490457,30,151,29.97699202121938,150.77448533536733,43.0950113,141.3494298,0.7917540676238688,1,176,surface,yes
way/154490724,31,155,31.351119391984753,154.67482069580998,43.1020951,141.3691184,0.6330108603589664,1,21,surface,customers
way/154490725,31,155,31.170337863145832,154.72877490530897,43.1011997,141.3693965,0.6330108603589664,1,39,surface,yes
way/154493824,25,155,25.413328788983993,154.81819825859765,43.0725806,141.3700143,2.2712273267936425,1,21,surface,customers
way/154511753,27,153,26.83395429847411,153.0727908111488,43.0795317,141.3611451,3.390391697517388,1,40,surface,customers
way/154685747,30,155,30.35531868941352,154.85939263229912,43.0971557,141.3700806,0.46816074421929493,1,23,surface,customers
way/154685751,30,155,30.44047861130591,154.52225655314118,43.0975574,141.3683729,0.46816074421929493,1,29,surface,yes
way/154698661,29,156,29.004687569883558,155.6300992521117,43.0904898,141.3740177,0.5035052488435107,1,170,surface,yes
way/154709780,25,152,24.53784202955643,152.0468812393936,43.0680489,141.356022,5.7809547072218885,1,207,surface,yes
way/154853691,26,157,25.80467202145036,156.84398776570384,43.074657,141.3802496,1.84506415670126,1,40,surface,customers
way/154857384,27,153,26.86100142655627,153.43144219171575,43.0796893,141.3629584,3.390391697517388,1,21,surface,customers
way/154859797,27,152,27.21985567719694,152.49766692133292,43.0814134,141.358225,1.984692977295159,1,28,surface,customers
way/154876491,28,156,27.94531004183074,155.6768261198488,43.0852254,141.3742845,0.6130306674518786,1,33,surface,customers
way/154876496,28,156,27.920758292967065,155.76177862551432,43.0851088,141.3747149,0.6130306674518786,1,25,surface,yes
way/155013318,31,155,31.086400263441053,154.54186247400648,43.1007703,141.3684535,0.6330108603589664,1,31,surface,customers
way/155275124,32,154,31.66160478901162,153.90237423434505,43.1035891,141.3652024,0.3525825159898803,1,37,surface,customers
way/155371024,33,157,32.92152925602426,157.13615207757368,43.1100621,141.3815228,1.2957139399900222,1,22,surface,yes
way/155426508,34,155,33.55409610510333,154.8099768961189,43.1130574,141.3697387,0.29431213373791204,1,141,surface,yes
way/155518215,34,156,34.363346699371576,155.5960033128157,43.1171318,141.3736912,0.3713230512239046,1,26,surface,yes
way/155569425,35,154,35.277978761814666,153.7014781208839,43.1215574,141.3640823,0.5205420034712953,1,35,surface,customers
way/155572854,29,149,29.037843953861067,149.10680850449344,43.0902342,141.3410216,0.6157360991414209,1,24,surface,customers
way/155572858,29,148,28.923234494070357,148.13959936378203,43.089602,141.3361327,0.27608646637932094,1,32,surface,customers
way/155781151,23,152,23.323167866242557,151.585692422344,43.0619796,141.3537242,1.1144881857630178,1,36,surface,yes
way/155793108,22,151,21.881085209123427,150.80979015905243,43.0547593,141.3498411,1.5479449420273734,1,31,multi-storey,yes
way/155801646,27,162,26.6949273173976,161.5169111037969,43.0793847,141.4038599,0.6495404834930205,1,38,surface,customers
way/155910358,31,149,30.99398411559112,148.91948967787388,43.0999484,141.3400179,0.32950694674235886,1,142,surface,yes
way/155911629,32,149,32.391374317857796,149.04251521510253,43.1069044,141.3406,0.38316924804141467,1,84,surface,yes
way/155911630,33,149,32.50951209941153,149.0766184614171,43.107494,141.3407691,0.9936427470248053,1,58,surface,yes
way/155919129,30,161,29.76350021198063,160.64831784698794,43.0945862,141.3993783,0.4148086434330986,1,35,surface,customers
way/155919132,30,161,30.010693558161254,160.50885821483087,43.0958063,141.3986658,0.4148086434330986,1,24,surface,customers
way/155923072,31,162,31.008282435099,161.54698047525284,43.1008334,141.403888,0.7296864112042163,1,36,surface,customers
way/155923073,31,161,31.14689022379279,161.30832823441267,43.1015072,141.4026769,0.4739357441528821,1,39,surface,customers
way/155923074,31,161,31.119626181368787,161.141725823338,43.1013609,141.401835,0.4739357441528821,1,36,surface,customers
way/155923075,31,161,31.20757819529457,161.35562797050952,43.101812,141.4029144,0.4739357441528821,1,27,surface,customers
way/155986797,42,161,42.40806719237888,160.8513175062375,43.1574703,141.4000416,0.05282353900991375,0,115,surface,customers
way/155986801,42,160,42.426764763412876,160.4655044827826,43.1575384,141.3980896,0.027953018322736528,0,107,surface,customers
way/155986810,42,160,42.241342100046026,160.39497729977805,43.1566119,141.3977382,0.027953018322736528,0,95,surface,customers
way/160440213,10,172,10.138923888347868,172.0865480443138,42.9977466,141.4577976,0.3515926770557214,1,25,surface,customers
way/160440214,10,172,9.96444232156592,172.37594486868963,42.9968977,141.4592664,0.3515926770557214,1,23,surface,customers
way/160440215,10,172,10.422090745669177,172.41614920477278,42.9991758,141.4594566,0.3515926770557214,1,25,surface,customers
way/160440218,10,173,10.385354211125385,172.62963927263527,42.9990069,141.4605375,0.31199647607045555,1,23,surface,yes
way/161618556,20,155,20.07607492456613,155.40258807796036,43.0460805,141.3731236,0.8614153391076836,1,21,surface,yes
way/161769312,17,157,17.137202090595963,156.85931844841147,43.0315618,141.3805763,0.20479402104520067,1,33,surface,yes
way/162570461,14,152,13.86500784430849,152.19446706442892,43.0149912,141.3570753,0.922663927185089,1,34,surface,customers
way/162680904,27,150,27.362696693023064,149.97760728534357,43.0819612,141.3454743,0.33300375325667975,1,28,surface,yes
way/164455666,4,141,4.452375818192721,140.5175859904889,42.9674373,141.2982836,0.06025049605818849,0,82,surface,yes
way/165310968,11,148,10.692472749894144,147.8224882491011,42.998935,141.3350528,0.12204468160731662,0,65,surface,yes
way/165922211,21,152,20.61655957338188,152.05320346138112,43.048552,141.3561667,0.6078531796740168,1,29,surface,yes
way/167061501,22,148,22.225335746789096,147.77241476524907,43.0562752,141.334468,0.5440504369215231,1,30,surface,yes
way/167924985,27,139,26.51807724385742,138.54789596524316,43.0770249,141.2876865,0.5380868059784357,1,40,surface,customers
way/168385347,20,132,19.85160497232323,132.47041144824428,43.0434863,141.2571379,0.004458403216771991,0,60,surface,yes
way/168385349,20,133,20.137306584564083,132.6339551902744,43.0449174,141.2579569,0.004295533199001068,0,79,surface,yes
way/168589923,26,145,26.368505106450264,145.3153821813123,43.0767174,141.3219211,0.8638016438187004,1,39,surface,yes
way/168589925,26,146,26.033495383035323,145.5128435081572,43.0750644,141.3229295,0.7128771085664853,1,37,surface,yes
way/168967993,30,136,30.17193295090928,136.20029959368682,43.0950412,141.2757072,0.21077354031687237,1,31,surface,customers
way/168968001,31,137,30.52316039036362,136.54216960301875,43.0968096,141.2774263,0.8196506359030663,1,31,surface,customers
way/168968005,30,136,30.339660001005814,136.14338470586418,43.0958715,141.2754145,0.21077354031687237,1,30,surface,customers
way/169117799,36,124,35.935226225059864,124.06611796427836,43.1229152,141.2141662,0.2733545681530417,1,22,surface,yes
way/169232411,36,130,35.51056785049007,130.06992928777376,43.1211907,141.244546,0.4914827843474844,1,28,surface,yes
way/169232413,36,130,35.53661346045314,130.39103088194818,43.1213409,141.2461694,0.4914827843474844,1,25,surface,yes
way/169316939,39,127,38.6014095162924,127.20266956451215,43.1363741,141.2299544,0.28886584509386243,1,20,surface,yes
way/169405442,39,128,39.43244587209213,128.13573404806465,43.1405663,141.23465,0.1625206119307921,1,22,surface,customers
way/169405447,40,128,39.70133603838149,127.6459466346475,43.1418717,141.2321649,0.2349194821364593,1,22,surface,customers
way/169405452,40,128,39.8872999046863,127.74298907393407,43.1428026,141.2326504,0.2349194821364593,1,25,surface,customers
way/169405458,39,128,39.49605840105483,127.83331105183974,43.1408631,141.2331185,0.1625206119307921,1,38,surface,customers
way/170060696,39,151,39.174582895529696,150.9755104448386,43.1407563,141.3501822,0.18819561415186975,1,38,surface,customers
way/170113051,43,148,42.86402500112259,148.2347435716249,43.1589242,141.3362132,0.03958538757734537,0,100,surface,customers
way/170698993,30,153,29.563027546925884,152.9497099241817,43.0930932,141.3604441,0.5530855726477034,1,36,surface,customers
way/170704232,8,169,8.237362188761216,168.7136564572239,42.9880743,141.440792,0.0643929799102126,0,90,surface,yes
way/170705719,13,172,12.720623388059721,171.601482689564,43.010552,141.4552699,0.3844495967506483,1,32,surface,yes
way/170705720,13,154,12.616901415971805,153.67774976244522,43.008881,141.3646137,0.23278869611938577,1,21,surface,yes
way/170707012,23,134,23.35655618250791,133.74672362109547,43.0609958,141.2634928,0.023862682845646938,0,76,surface,customers
way/170707013,23,135,22.603423737330626,134.74442982382203,43.0573154,141.2685609,0.05085526004268694,0,80,surface,yes
way/170707017,23,134,23.358143501251647,133.92525985309962,43.0610152,141.2643958,0.023862682845646938,0,99,surface,customers
way/170707025,23,135,22.541105807572816,134.90354414749012,43.0570158,141.2693675,0.05085526004268694,0,82,surface,yes
way/171000290,30,185,29.657727142356208,185.41784330433384,43.0956568,141.5246669,0.20345088449359947,1,33,surface,yes
way/171732092,30,187,30.029355298083964,186.80019015201492,43.0975937,141.5316482,0.1981530362425569,1,38,surface,customers
way/171732093,30,187,30.10144581749452,187.04304495311297,43.0979678,141.5328745,0.1981530362425569,1,32,surface,yes
way/172097106,26,187,26.358912708718766,187.41437690379522,43.0793832,141.5348603,0.2683954933056573,1,33,surface,yes
way/182522746,36,126,36.446768362106184,126.33626145267215,43.125605,141.225634,0.04177523440983131,0,60,surface,yes
way/182522747,37,126,36.537965740769536,126.39445016808597,43.1260622,141.2259257,0.13137941504273967,1,24,surface,yes
way/184694524,29,187,28.55599646471347,186.76295182142857,43.0902655,141.5315022,0.09366708802081565,0,78,surface,yes
way/184694526,30,189,30.368727317250457,189.41259002819774,43.0994495,141.5448521,0.2661287369020115,1,24,surface,yes
way/184694530,28,187,28.093149905896006,187.20907114211772,43.0879929,141.533772,0.01815264801173335,0,87,surface,yes
way/184694532,29,185,29.4698859317715,184.75970467573887,43.0946804,141.5213434,0.17297292039130546,1,31,surface,yes
way/184694533,33,186,33.260181073155856,185.58329369733832,43.1135795,141.5254002,0.11121308578118923,0,104,surface,customers
way/184694534,32,187,32.39659116165853,186.8341061653495,43.1093662,141.5317517,0.23917588173173696,1,26,surface,yes
way/184694537,33,187,32.52930853451877,186.59061622717996,43.1100104,141.5305163,0.34331301707021655,1,31,surface,yes
way/184696514,27,180,26.671067177026124,180.44848895388847,43.0804863,141.4996175,0.20058144152135662,1,33,surface,yes
way/184696596,33,186,32.71667539819563,186.47703220985025,43.1109347,141.5299364,0.11121308578118923,0,81,surface,yes
way/184696917,31,190,30.5794752680095,189.99786632074412,43.1005351,141.5478064,0.20574811255702724,1,33,surface,yes
way/184706565,29,185,28.508276389580054,184.5951269849172,43.0898885,141.5205386,0.17297292039130546,1,36,surface,yes
way/184706844,31,187,30.558180978815663,187.34453043543158,43.1002582,141.5343863,0.9298435859962285,1,26,surface,customers
way/184709571,32,189,31.857008379471985,189.0247890663646,43.1068245,141.5428478,0.7970381759152524,1,29,surface,yes
way/185048102,29,182,28.835747936599216,181.8793413092417,43.0913417,141.5067926,0.35709911892128887,1,34,surface,yes
way/185051355,30,190,30.203306510857825,190.22868373399368,43.0986796,141.5489847,0.15382362908068178,1,30,surface,yes
way/185054166,29,185,29.00051128262587,184.6109729791149,43.092337,141.5206046,0.17297292039130546,1,23,surface,yes
way/185282164,25,180,25.391376045786373,179.61146991359644,43.0740695,141.4954206,0.25659227046206706,1,34,surface,yes
way/185282165,25,180,25.262087684521298,179.85729248295598,43.0734425,141.4966677,0.25659227046206706,1,97,surface,yes
way/185917927,24,176,23.702458076952734,176.43092759522062,43.0654669,141.4793818,0.34980741130760046,1,25,surface,yes
way/186421865,29,183,29.457591284340825,182.54779535102054,43.0944767,141.5101558,0.28115430986185025,1,35,surface,yes
way/186713380,33,192,32.772757682434225,192.14530321320328,43.1115789,141.5586052,0.5262647170008168,1,69,surface,yes
way/186845647,22,178,22.30637662363476,177.55516820608236,43.0585978,141.4851084,0.7388742899665696,1,22,surface,yes
way/189717882,40,123,39.72954150764857,123.22205239238045,43.1417268,141.2097878,0.3735645319467354,1,21,surface,yes
way/189780743,24,152,24.26703620306307,151.8001094554232,43.0666865,141.3547816,2.849137849029936,1,35,multi-storey,yes
way/189848985,39,119,39.383944739234835,118.84486676317391,43.1397263,141.1876577,0.13711009662064932,1,25,surface,yes
way/189848988,39,119,38.556206021781385,119.03822293814353,43.1356231,141.1886595,0.13711009662064932,1,36,surface,yes
way/190019230,39,120,38.54903296344568,119.9732258527503,43.1356477,141.193389,0.24133403340930185,1,34,surface,yes
way/190062311,38,123,37.96380132604693,123.31935105182232,43.1329535,141.2103307,0.11602545337458779,0,95,surface,yes
way/190443673,23,151,23.44697603125118,151.31890179555654,43.062578,141.3523712,1.326877095786553,1,40,multi-storey,yes
way/191407060,24,152,23.783109755318215,151.60101878960538,43.0642675,141.3537885,2.849137849029936,1,20,surface,yes
way/191407061,24,152,23.9215647685642,151.62238670790626,43.0649573,141.3538926,2.849137849029936,1,17,surface,yes
way/191407064,24,152,23.674975387418613,151.60975566034045,43.0637304,141.3538358,2.849137849029936,1,20,multi-storey,yes
way/193091617,26,140,26.421562786543277,139.53132300711988,43.0766084,141.2926635,0.32395432685427694,1,31,surface,yes
way/198903194,22,150,22.314851764230287,149.6296855820578,43.05684,141.3438596,0.8781831816851858,1,38,surface,yes
way/198905583,27,139,26.835417800582867,138.62743692084706,43.0786079,141.2880797,0.5380868059784357,1,31,multi-storey,yes
way/199517626,29,135,29.02805690603607,135.43315016550983,43.0893042,141.2718598,0.09649301619663331,0,91,surface,yes
way/199517760,29,136,29.13546354156208,136.45021899982024,43.0899038,141.2770011,0.13137231760036108,1,27,surface,yes
way/199759697,23,152,22.637378347431586,151.80858180150895,43.0585841,141.3548713,1.1144881857630178,1,6,surface,yes
way/201053153,23,150,22.70006187592461,149.5221290301749,43.0587484,141.3433045,0.5699761119995308,1,17,surface,yes
way/201053958,22,151,22.45525994488311,150.57244689701028,43.0575989,141.3486241,1.5479449420273734,1,14,surface,yes
way/201053959,23,150,22.63938368949578,150.2699772892518,43.0584949,141.3470889,0.5699761119995308,1,17,surface,yes
way/201053991,22,150,22.459790692983074,149.5247769115011,43.0575539,141.3433248,0.8781831816851858,1,9,surface,yes
way/201063386,23,152,22.742531074750886,152.1089785940558,43.0591263,141.3563877,1.1144881857630178,1,43,surface,customers
way/202357232,32,133,31.54482584141522,132.97223213546832,43.1016594,141.25934,0.1630698238034392,1,38,surface,yes
way/202577804,44,163,44.27379250768571,162.992108359794,43.166885,141.4108162,0.6641435686749585,1,22,surface,yes
way/203980634,45,136,44.84844432173176,136.38335296476885,43.1680272,141.2762112,0.12177970221637699,0,92,surface,yes
way/203999410,42,139,42.041618396483535,138.82898091443386,43.1542288,141.288662,0.501469710597517,1,28,surface,yes
way/203999411,42,138,41.770474151910626,138.46247733017566,43.152857,141.286816,0.27442622161677876,1,20,surface,yes
way/204335711,42,158,41.66774276952212,158.0885186667792,43.1536112,141.3860885,0.11112159824303598,0,79,surface,yes
way/204598032,45,144,45.49624924130947,144.09879722755227,43.1717455,141.3152177,0.30903515380166546,1,22,surface,yes
way/204598035,46,145,45.51643924343832,145.25947723625964,43.1719207,141.3210879,0.2274154854335065,1,30,surface,yes
way/204610935,40,132,39.81629581570507,131.9931543361757,43.1427235,141.25415,0.3031417399550685,1,37,surface,yes
way/204610944,40,133,39.80897020463595,133.07645456859296,43.1427569,141.2596296,0.29994374063659,1,24,surface,yes
way/204610947,40,133,40.45014155527002,133.03895618801272,43.1459425,141.2594215,0.29994374063659,1,24,surface,yes
way/204796425,39,138,38.778746643049935,138.3569227271122,43.1379748,141.2863681,0.08681129819645843,0,120,surface,yes
way/204828553,39,137,39.22433170709669,136.8236465937571,43.1400915,141.2785999,0.21433436830337516,1,27,surface,yes
way/205236382,45,145,45.29733195751401,144.6270997520393,43.1707905,141.3178956,0.22952798259958196,1,26,surface,yes
way/205236383,45,145,45.10025101153775,144.97340590188645,43.1698329,141.3196529,0.22952798259958196,1,24,surface,yes
way/206416959,37,132,37.02197555801604,132.33529669088676,43.1288517,141.2559609,0.9075111098074128,1,32,surface,yes
way/206544755,43,149,42.69579688508439,148.67318585711354,43.158116,141.3384357,0.028510034175808743,0,102,surface,yes
way/206832110,41,138,41.036101317333795,138.07819693352306,43.1491808,141.2848934,0.32576752075406623,1,28,surface,yes
way/207612827,37,154,36.96229344518083,153.8145883756764,43.1299394,141.364606,0.08099654296025924,0,87,surface,yes
way/207612837,37,155,36.93717222400277,154.5811240895139,43.1298639,141.3684839,0.3112068638879617,1,21,surface,yes
way/207612840,37,154,36.66542505739516,153.52573533608847,43.1284447,141.3631535,0.08099654296025924,0,117,surface,yes
way/207760747,43,143,42.54727720472614,143.02686851658885,43.1570136,141.3098806,0.22665410692307955,1,38,surface,yes
way/207760748,43,142,42.80949715572016,142.34726659475632,43.1582736,141.3064356,0.11534511278973768,0,70,surface,yes
way/207760749,43,143,42.584560097081074,142.65331994813266,43.1571749,141.3079901,0.22665410692307955,1,28,surface,yes
way/207822732,22,152,22.328837862823487,151.6630179974717,43.0570406,141.3541439,1.3012842808790708,1,15,surface,yes
way/207828958,22,150,22.297100629177883,150.32259846568675,43.0567964,141.3473649,0.8781831816851858,1,27,surface,yes
way/207829610,22,150,22.185898786896804,150.4640171988145,43.0562526,141.3480834,0.8781831816851858,1,31,surface,yes
way/207830518,22,150,22.214569141403356,149.6765845139309,43.0563444,141.3440997,0.8781831816851858,1,32,surface,yes
way/207830525,22,150,22.215100477707303,149.58439790083293,43.0563411,141.3436334,0.8781831816851858,1,22,surface,yes
way/207830770,22,150,22.14875407076979,149.79983512712215,43.0560251,141.344725,0.8781831816851858,1,6,surface,yes
way/207832310,22,149,22.285215972251418,149.01459668492066,43.056653,141.3407493,0.5308177029847133,1,20,surface,yes
way/207833022,23,149,22.515649655531885,148.96096420191984,43.0577953,141.3404714,0.4917276826119895,1,40,surface,yes
way/207833023,23,149,22.50251379327032,148.998413871592,43.0577324,141.3406612,0.4917276826119895,1,21,surface,yes
way/208977633,22,150,22.02031262531668,149.78328879813844,43.0553854,141.344645,0.8781831816851858,1,6,surface,yes
way/210541828,24,153,23.895526021173787,152.62881191117788,43.0648927,141.3589839,6.487324490110103,1,29,surface,yes
way/210541831,24,152,23.84016401327348,152.39562108272415,43.0646024,141.357806,2.849137849029936,1,13,surface,yes
way/217309417,39,140,39.33693827528799,139.71403515610808,43.1408377,141.2932164,0.04839970632594007,0,110,surface,yes
way/217309418,39,140,39.37947143365615,139.7810219395727,43.1410535,141.293554,0.04839970632594007,0,101,surface,yes
way/219725882,24,155,23.51451691852904,154.654166038274,43.0631288,141.3692392,1.3544815467402789,1,29,multi-storey,yes
way/219728957,25,155,25.373809285109846,154.56372560491948,43.0723677,141.3687283,2.2712273267936425,1,37,surface,customers
way/219728972,25,155,25.132600231814486,155.18949336455356,43.0712087,141.3719004,2.2712273267936425,1,21,surface,customers
way/223086104,24,149,24.170117356680972,148.51096088617086,43.0659926,141.3381477,1.8823951978048687,1,31,multi-storey,yes
way/224243782,52,81,51.71168698105201,80.95947002310469,43.1985801,140.995677,0.48551466079985395,1,29,surface,yes
way/224290022,52,81,51.847268454543,81.44143367669986,43.1992853,140.9981109,0.48551466079985395,1,34,surface,permissive
way/224290023,52,81,51.75130271524772,81.11653419067912,43.1987872,140.9964703,0.48551466079985395,1,34,surface,permissive
way/224315381,25,147,24.743475365413367,147.43987311425965,43.0687744,141.3327136,0.8618924930484838,1,22,surface,yes
way/224341818,52,82,51.98900597123768,81.87671473087478,43.2000181,141.0003085,1.4786785885070457,1,30,surface,permissive
way/224350304,52,81,51.72915431970265,81.44894737306564,43.1986985,140.9981523,0.48551466079985395,1,26,surface,permissive
way/224360383,52,81,51.58740311490915,81.27847171867207,43.1979827,140.9972941,0.48551466079985395,1,36,multi-storey,yes
way/229478813,22,147,22.37714825764446,146.881274153819,43.0569726,141.3299562,1.0493180633215058,1,15,surface,yes
way/231888825,23,147,22.77241252129406,146.99261391132026,43.0589451,141.330508,0.3190322781677118,1,22,surface,yes
way/233462027,1,183,0.6543355091895895,182.65584416797356,42.9512688,141.5115303,0.17661286069565668,1,29,surface,yes
way/233462030,1,183,0.8058132423780104,182.76795340540295,42.9520292,141.512093,0.17661286069565668,1,31,surface,yes
way/241431228,4,113,4.236381006739153,113.02813034731403,42.9645915,141.1592467,0.07424922424478067,0,103,surface,yes
way/247022771,22,140,22.155571615002906,140.15284069443686,43.0554372,141.2959298,0.023240584936765094,0,117,surface,yes
way/256436663,5,114,4.581914318268706,114.4887978283514,42.9664037,141.1666249,0.12655445989950903,1,29,surface,customers
way/256802369,23,149,23.337520357228208,148.706740986757,43.0618654,141.3391619,0.4917276826119895,1,20,surface,permissive
way/260596639,21,146,20.85086029611108,145.73741987909767,43.0493099,141.3242144,0.3057221438971002,1,10,surface,customers
way/261438180,28,142,27.799563374432324,141.5255514783316,43.0835886,141.3027108,0.5263581923748084,1,29,surface,yes
way/263928563,24,150,23.611586823930523,149.83610419442437,43.0633009,141.3448664,2.2887440953646974,1,33,surface,yes
way/263954231,22,142,22.17573905971478,142.36250138941384,43.0556799,141.3071058,0.10411990016198826,0,84,surface,customers
way/263954233,22,143,21.766653477078705,143.1637663779181,43.0536975,141.3111704,0.1390599830885715,1,23,surface,yes
way/264399712,32,155,31.795592250698487,154.84086818133056,43.1043158,141.3699455,0.5548404808611693,1,29,surface,customers
way/264399713,32,155,31.798730845126745,154.9105966439481,43.1043359,141.3702981,0.5548404808611693,1,21,surface,customers
way/271908979,21,152,21.421182668574936,152.01398477685703,43.0525502,141.3559452,0.6078531796740168,1,11,carports,customers
way/271908993,21,151,21.392694777333862,151.4127417221977,43.0523698,141.3529049,0.9117309853715069,1,26,surface,customers
way/271909053,21,152,21.485297483510973,152.1211886975039,43.0528759,141.3564856,0.6078531796740168,1,33,surface,yes
way/271909056,22,153,21.72754067162642,152.50012180983776,43.0541048,141.3583953,1.2103227210934202,1,40,surface,yes
way/271909057,22,152,21.53417960967116,151.80855951163736,43.0530988,141.3549029,1.3012842808790708,1,147,surface,yes
way/271912307,21,151,20.960873644866176,151.40639279525834,43.0502223,141.3528852,0.9117309853715069,1,31,street_side,yes
way/271912329,21,151,20.81408857934123,151.34962796120777,43.0494888,141.3526023,0.9117309853715069,1,38,multi-storey,customers
way/271912355,21,151,20.97755700218449,151.01305555153266,43.0502799,141.3508952,0.9117309853715069,1,39,surface,customers
way/271912356,21,151,21.010516553386903,151.29261917197846,43.0504618,141.3523083,0.9117309853715069,1,39,surface,yes
way/271914082,21,151,20.996294669723937,151.49297122075652,43.050404,141.3533221,0.9117309853715069,1,25,multi-storey,yes
way/275654465,31,136,30.723615977330727,136.1822212475194,43.0977831,141.2755999,0.5612638840633708,1,25,surface,customers
way/277481376,22,151,21.81402234851823,151.1828926941436,43.0544499,141.3517302,1.5479449420273734,1,13,surface,yes
way/286692110,24,146,23.614525823233738,146.4459425431672,43.063097,141.3277187,1.522860471573842,1,24,multi-storey,yes
way/286693484,23,149,22.93235478475901,148.5788168570642,43.0598426,141.3385265,0.4917276826119895,1,24,multi-storey,yes
way/288211645,4,149,4.157130440556374,148.69555825696472,42.9664964,141.3396567,0.0024564303488818096,0,116,surface,yes
way/288211646,5,149,4.524767521011354,148.75984548244165,42.9683285,141.3399713,-0.004828300157837979,0,106,surface,yes
way/288860296,17,168,16.530261325888617,167.55073635914536,43.0292331,141.4346715,0.23835737084802897,1,30,multi-storey,customers
way/288861149,13,167,13.232684224940142,167.164956903918,43.0128121,141.432815,0.04399648732007094,0,700,surface,customers
way/288861154,16,162,16.34567919992293,162.43050358539924,43.0279853,141.4087784,0.45051491344942296,1,25,surface,customers
way/288861156,16,162,16.15472597223151,162.49493763924548,43.02704,141.4091098,0.45051491344942296,1,20,surface,customers
way/288862931,15,167,15.031589002742551,167.3841542406434,43.0217707,141.433872,0.2916788164013479,1,27,surface,customers
way/290516130,17,150,17.192213356326302,150.1658887469558,43.0314039,141.346719,0.0009643580196202465,0,102,surface,customers
way/293553247,175,166,175.2556769915744,166.3833796442057,43.8183686,141.4242042,0.0031387048023346848,0,86,surface,yes
way/293553248,175,166,174.96536291565252,165.5625409037219,43.8168722,141.4200607,0.0031387048023346848,0,83,surface,yes
way/293553250,177,176,176.99259211693865,175.851239051734,43.8276151,141.4720432,-0.0005158728489940002,0,119,surface,yes
way/294184473,27,149,27.049060181410862,148.7900522164558,43.0803252,141.3394766,2.4438034797423787,1,30,surface,permissive
way/294185884,27,149,27.03085418107407,148.7981732565901,43.0802352,141.3395182,2.4438034797423787,1,20,surface,permissive
way/294195417,26,150,26.196668609310898,149.97446005688673,43.0761633,141.3454919,1.437141714342997,1,28,surface,customers
way/295648593,50,40,50.32259061817243,40.133098130587186,43.1890418,140.789215,0.15488962889123037,1,27,surface,yes
way/295648594,49,40,49.49267555167306,40.13284963904387,43.1849153,140.7892376,0.08884665200650062,0,87,surface,yes
way/296704397,25,180,24.94787348670022,180.04235729779813,43.0718921,141.4976128,0.25659227046206706,1,15,surface,customers
way/296780069,25,150,25.120396892358997,150.14376658553687,43.0708228,141.3463792,1.4885317780089575,1,23,surface,yes
way/296780070,25,150,25.101413397823137,150.17618109648294,43.0707305,141.3465437,1.4885317780089575,1,29,surface,yes
way/298281767,27,139,27.46647178016262,138.80567555973923,43.0817571,141.2889631,0.5380868059784357,1,36,surface,yes
way/298281769,27,139,27.34318618452443,138.75444161332248,43.0811408,141.2887075,0.5380868059784357,1,22,surface,yes
way/299400056,25,182,25.290273780398714,182.224114557779,43.0737352,141.5086384,0.06665765340777366,0,95,surface,yes
way/299446729,25,184,25.416278015581284,183.55658830716064,43.0744476,141.5153745,0.04946925957732931,0,77,surface,customers
way/299451084,26,183,26.1380146307622,182.79324058468794,43.077987,141.5114927,0.1002026687009024,0,92,surface,yes
way/300013359,25,150,24.894682429179134,149.70613007616936,43.0696723,141.3441721,1.4885317780089575,1,25,surface,customers
way/300013361,25,150,24.93350955937947,149.7300950571915,43.0698669,141.3442922,1.4885317780089575,1,31,street_side,yes
way/300013557,25,150,24.971989761414896,149.64739646047843,43.0700529,141.3438728,1.4885317780089575,1,29,street_side,yes
way/300017669,25,149,24.998676997486243,148.94933473321134,43.0701406,141.3403412,1.134100654728421,1,6,surface,yes
way/301205861,25,149,24.95260551651129,149.24993968542623,43.0699309,141.341863,1.134100654728421,1,32,surface,yes
way/301205985,26,149,25.598339227119798,149.2468085146462,43.0731414,141.3418286,1.3375877077926126,1,22,surface,yes
way/303284655,25,150,25.423668520777536,150.24119892773015,43.072337,141.3468633,1.4885317780089575,1,26,surface,yes
way/303444574,27,149,27.331967440329105,149.1691571214839,43.0817563,141.341386,2.4438034797423787,1,34,surface,yes
way/303444990,27,150,26.704333764422216,149.76965661228147,43.0786743,141.3444414,0.33300375325667975,1,27,surface,yes
way/303445527,27,150,26.765343737187237,149.67265362555048,43.0789714,141.343949,0.33300375325667975,1,40,surface,yes
way/308712905,11,149,10.83463809640029,149.30303570362943,42.9997373,141.3425374,0.8093039499661026,1,33,surface,yes
way/309521994,25,150,25.14099737610976,150.24105545076583,43.0709315,141.3468707,1.4885317780089575,1,32,surface,yes
way/309523045,25,150,25.14138190403349,150.27189954631388,43.0709354,141.3470267,1.4885317780089575,1,1,surface,yes
way/309525721,26,149,25.511747311313346,149.148294474065,43.0727045,141.3413328,1.3375877077926126,1,1,surface,yes
way/309525782,26,149,25.618267517631036,149.1570255120868,43.0732347,141.3413739,1.3375877077926126,1,1,surface,yes
way/309525805,26,149,25.57034488210741,149.06207244561037,43.0729903,141.340895,1.3375877077926126,1,2,surface,yes
way/309928201,27,141,26.519525555106306,141.45222361299184,43.0772193,141.3023767,0.32049346108501725,1,29,multi-storey,yes
way/312876835,27,139,26.934658771192098,138.64227520073766,43.0791023,141.2881519,0.5380868059784357,1,22,surface,yes
way/314942173,26,141,25.883770116050492,141.0284882821876,43.0740309,141.3002517,0.44197489280881763,1,38,surface,yes
way/314942176,26,141,26.369349568879187,141.41190829671316,43.07647,141.3021771,0.44197489280881763,1,21,surface,yes
way/314942177,26,141,26.315026829264855,141.4041856463121,43.0761994,141.3021396,0.44197489280881763,1,23,surface,yes
way/314942180,26,141,26.066357822266333,141.22462082606432,43.0749514,141.3012385,0.44197489280881763,1,32,surface,yes
way/314942181,26,141,26.339228521519818,141.22522263649128,43.0763082,141.3012337,0.44197489280881763,1,28,surface,permissive
way/314942182,26,141,26.036637388171457,141.20096461658292,43.0748021,141.3011197,0.44197489280881763,1,27,surface,yes
way/314942183,26,141,25.80576514824541,140.8291937216188,43.0736302,141.2992459,0.44197489280881763,1,40,surface,yes
way/314942185,26,141,26.186690364286303,140.77291714897493,43.0755206,141.2989503,0.44197489280881763,1,25,surface,yes
way/314942186,26,141,25.780299578361188,140.85741959771053,43.0735054,141.2993894,0.44197489280881763,1,23,surface,yes
way/314942187,26,142,26.089756770632942,141.52182466865872,43.0750869,141.3027411,0.3841736611459669,1,12,surface,yes
way/314942188,27,142,26.57904671694632,141.50420231571445,43.0775186,141.3026379,0.750572267910251,1,30,surface,yes
way/314942189,27,142,26.572747687989004,141.7682602579436,43.0775043,141.3039737,0.750572267910251,1,22,surface,yes
way/316775362,26,149,26.17271703929531,149.05740976070797,43.0759851,141.3408541,1.3375877077926126,1,1,surface,yes
way/318062008,25,149,25.115255517374692,149.07269272329057,43.0707282,141.3409618,1.134100654728421,1,2,surface,yes
way/326859953,22,182,22.190044220028565,182.2906382370559,43.0583246,141.509064,0.1102934252808552,0,94,surface,yes
way/327011402,25,180,25.134481211493082,180.15334156723492,43.0728271,141.4981688,0.25659227046206706,1,20,surface,yes
way/327028708,22,178,22.133428255473685,177.67974745862023,43.0577459,141.4857435,0.7388742899665696,1,39,surface,yes
way/327516281,24,178,23.677701941420416,178.2677389787064,43.0654622,141.4886732,0.39734273700733247,1,28,surface,yes
way/327516294,24,178,23.87704723898419,178.47284369455792,43.0664666,141.4897049,0.39734273700733247,1,21,surface,customers
way/327516295,24,179,23.817062425842497,178.56058016402164,43.066174,141.4901504,0.3537018133386899,1,26,surface,yes
way/327525997,26,179,25.68563682777548,179.10233301884617,43.0754998,141.4928369,0.19116968599354164,1,38,surface,yes
way/327525998,26,179,25.55480944659784,179.37689308350164,43.074867,141.4942294,0.19116968599354164,1,34,surface,yes
way/327551311,20,177,20.077982863328447,176.6470404587631,43.0474593,141.4805791,2.5543622138177966,1,34,surface,customers
way/327551334,20,176,20.14858760017334,176.24274050420308,43.0477843,141.4785321,1.3828555385708803,1,20,multi-storey,yes
way/327551369,19,175,18.702465264678764,175.41697396473225,43.0405407,141.4743969,1.2211274809639827,1,22,surface,yes
way/327551372,18,175,17.901720516044513,175.22217204166265,43.0365467,141.4734346,0.6957124821679875,1,37,surface,yes
way/328086930,23,178,22.719285337645395,177.50777240394228,43.0606478,141.4848568,0.1871076726309653,1,31,surface,yes
way/331324625,22,145,22.150104187676604,145.10178951992276,43.055729,141.320962,0.006436431810993205,0,19,surface,yes
way/331325958,22,146,22.327441472273154,145.87981580406458,43.0566609,141.3248922,0.07810560755509002,0,68,surface,yes
way/331328036,22,146,22.047758092029405,146.26357223683502,43.055295,141.3268413,0.07810560755509002,0,12,surface,yes
way/331944264,22,144,21.990759196768767,144.2374883715013,43.054881,141.3165949,0.34482188172009237,1,40,multi-storey,yes
way/339079982,31,190,30.510361845186644,189.69911759178433,43.1001722,141.5462973,0.20574811255702724,1,32,surface,yes
way/339479136,23,145,22.650219465410085,145.46698470360707,43.0582392,141.3227948,0.06642918713470648,0,14,surface,yes
way/339696300,22,144,22.269426724051538,144.3215149069783,43.056272,141.3170119,0.34482188172009237,1,38,surface,yes
way/339699458,23,146,22.86057190513727,145.95399958579083,43.0593165,141.3252521,0.42560984333245416,1,28,surface,yes
way/341076806,24,146,23.569134900953138,145.60957225239383,43.0628174,141.3234896,1.522860471573842,1,21,surface,yes
way/341164660,41,108,40.62123979433303,108.01486196950471,43.1451803,141.1328434,-0.00042070657452752795,0,117,surface,yes
way/341928385,27,152,26.665615640969,151.53853644390432,43.0785958,141.3533896,1.984692977295159,1,34,surface,yes
way/341928388,26,152,26.27994480047889,151.94072947188505,43.0767041,141.355435,7.150249807354117,1,27,surface,yes
way/341928389,29,151,28.712588502972896,150.84177471955647,43.0887288,141.3498065,0.8519338610088615,1,39,surface,customers
way/341928390,29,151,28.501172504401104,150.83553172359143,43.0876772,141.349781,0.8519338610088615,1,30,surface,yes
way/341928392,25,151,24.865605991262065,150.88948358994196,43.069604,141.3501584,3.1845607289339797,1,22,surface,yes
way/341928583,24,152,24.16229892077967,152.26667029433452,43.0661958,141.3571445,2.849137849029936,1,26,multi-storey,yes
way/342412937,24,145,24.099816424255202,144.61908333087433,43.0653922,141.3184644,0.4305340694440149,1,36,surface,yes
way/342422672,28,122,28.285391045554086,122.22186989625794,43.08476,141.2050578,0.08055864916067265,0,77,surface,yes
way/344396843,23,149,22.590036038307616,148.67918348010394,43.058147,141.339044,0.4917276826119895,1,9,surface,yes
way/344396844,22,149,22.48450314715756,148.7044434658092,43.0576239,141.3391748,0.5308177029847133,1,8,surface,yes
way/344396845,22,149,22.472499174339298,148.96487076256392,43.057581,141.3404924,0.5308177029847133,1,7,surface,yes
way/344396847,22,149,21.9506319995617,148.62068657407747,43.054964,141.3387665,0.5308177029847133,1,13,surface,yes
way/344396848,22,148,22.468835596516737,148.0730244758208,43.0575053,141.3359815,0.5440504369215231,1,15,surface,yes
way/344396849,23,147,22.694451924413972,147.40893203839008,43.0585843,141.332616,0.3190322781677118,1,44,surface,yes
way/344398018,22,146,21.958619603438628,145.83090325932426,43.0548239,141.3246554,0.07810560755509002,0,13,surface,yes
way/344398020,22,145,21.921053180767025,145.2628625148281,43.0546005,141.3217833,0.006436431810993205,0,29,surface,yes
way/344398804,23,145,23.37118699408712,145.03757536979847,43.0617963,141.3206021,0.06642918713470648,0,7,surface,yes
way/344398805,23,146,23.301592213138996,145.8418176033706,43.0615021,141.324672,0.42560984333245416,1,7,surface,yes
way/344408598,22,148,22.343392210194658,148.0408567554565,43.0568795,141.3358224,0.5440504369215231,1,3,surface,yes
way/344408600,22,148,22.34976660932576,148.00370475643814,43.0569088,141.3356343,0.5440504369215231,1,12,surface,yes
way/344408601,22,148,22.336598759180365,147.67437275858134,43.0568221,141.3339689,0.5440504369215231,1,18,surface,yes
way/344408602,22,147,22.313861575129714,146.8296496893526,43.0566546,141.3296969,1.0493180633215058,1,11,surface,yes
way/344408603,22,146,22.33520682010411,146.02238514834778,43.0567087,141.3256131,0.07810560755509002,0,6,surface,yes
way/344408604,22,145,22.1608242019349,145.1917467044408,43.0557881,141.3214167,0.006436431810993205,0,66,surface,yes
way/344408605,22,145,22.18604975511963,145.39613864070736,43.0559267,141.3224498,0.006436431810993205,0,9,surface,yes
way/344411833,23,147,22.69312201624124,146.67528242690045,43.0585304,141.3289052,0.3190322781677118,1,13,surface,yes
way/344411834,23,146,22.744972507335863,145.5348020679951,43.0587147,141.3231351,0.42560984333245416,1,17,surface,yes
way/344686696,24,181,24.31880455480927,180.69927351095075,43.0688066,141.5009536,0.0343121719575029,0,112,surface,yes
way/344687469,24,181,24.114791889604785,180.84180572479448,43.0678014,141.5016804,0.0343121719575029,0,62,surface,yes
way/344921851,26,183,25.55902373477747,183.24696387842215,43.0751374,141.5138043,0.1002026687009024,0,76,surface,yes
way/345019937,11,173,11.40981869257892,172.68366192983348,43.0041042,141.4607813,0.7805464375567207,1,35,surface,yes
way/346108300,26,154,26.25480377604867,153.80102596878325,43.076699,141.3648452,2.836989843223346,1,22,surface,yes
way/346108301,26,153,25.803228430628067,153.01772427572092,43.0744032,141.3608962,9.572676198285254,1,29,surface,customers
way/346108303,26,154,25.60105181689854,153.61283241535034,43.0734363,141.3639121,2.836989843223346,1,20,surface,yes
way/346108309,26,153,25.722986494382152,152.5426191512117,43.0739736,141.3584954,9.572676198285254,1,39,surface,yes
way/346108310,26,153,25.629017739226146,153.04729931669348,43.0735389,141.3610508,9.572676198285254,1,21,surface,customers
way/346108313,26,153,25.59456504540655,152.88136778710495,43.0733569,141.3602125,9.572676198285254,1,23,surface,customers
way/346108374,25,152,25.3638419983749,152.33828674532933,43.0721747,141.3574722,5.7809547072218885,1,33,surface,yes
way/346583967,22,148,21.72890380269743,147.54508012884642,43.0537922,141.3333324,0.5440504369215231,1,30,surface,yes
way/346583969,19,150,18.544356787717323,149.56088690740702,43.038088,141.34362,1.0324820439770925,1,37,surface,customers
way/346583970,19,150,18.93265783654952,149.67412459583795,43.040026,141.3441816,1.0324820439770925,1,34,surface,yes
way/346583972,20,150,19.691854431512798,149.53822723093202,43.0437921,141.3434724,0.6923413800213315,1,39,surface,customers
way/346583973,17,149,16.834804816608187,149.47080419636038,43.029582,141.3432135,0.04268290508561609,0,82,surface,yes
way/346583974,21,149,20.941363534433634,148.54715775848848,43.049941,141.3384236,0.5047082353885773,1,34,surface,yes
way/346583975,21,149,21.055054651762205,148.71949052684164,43.0505174,141.339292,0.5047082353885773,1,28,surface,yes
way/346583977,20,150,20.086193200903573,149.71630678552992,43.0457643,141.3443618,0.6923413800213315,1,29,surface,customers
way/346583981,21,151,20.726310777185034,150.71580233468558,43.0490115,141.3493989,0.9117309853715069,1,40,surface,customers
way/346583983,21,149,20.974561967350606,148.5600588361892,43.0501069,141.3384879,0.5047082353885773,1,20,surface,yes
way/346584064,17,151,17.43427251405194,150.74519437732317,43.0326448,141.3496422,0.2712555844983122,1,23,surface,customers
way/349492671,23,143,22.698186267626237,142.93810205304058,43.0583147,141.3100022,0.11857710411056985,0,111,surface,yes
way/352070816,21,142,21.162173373737467,141.9285129820464,43.0506123,141.3049398,0.08542603766184761,0,76,multi-storey,yes
way/352271917,21,151,20.502869368318326,151.3393381585558,43.0479407,141.3525592,0.9117309853715069,1,7,surface,customers
way/352294253,22,150,21.614449394725646,150.3887259703962,43.0534064,141.347719,0.8781831816851858,1,7,surface,yes
way/352327529,21,150,21.074063764497193,149.91231058448727,43.0506888,141.3453248,0.7547446907104582,1,36,surface,yes
way/352330029,19,151,19.33461091667671,151.3732676284048,43.0421341,141.3527644,1.6465863543103583,1,35,surface,yes
way/352330036,20,151,19.503835109609906,151.106221080398,43.0429583,141.3514088,0.7129680123286545,1,37,surface,yes
way/352333311,21,149,20.802259404862472,149.4695090618342,43.0493088,141.3430929,0.5047082353885773,1,33,surface,customers
way/352426353,22,144,21.562651826806224,144.14324133631888,43.0527463,141.3161305,0.34482188172009237,1,38,surface,yes
way/352426354,22,144,21.568269349503023,144.04191013805254,43.0527677,141.3156178,0.34482188172009237,1,29,surface,yes
way/352427109,22,142,21.90255710743227,141.79169811029325,43.0542848,141.3042265,0.10411990016198826,0,83,surface,yes
way/352428866,22,144,21.910138471167826,144.0662134504668,43.0544691,141.3157309,0.34482188172009237,1,22,surface,yes
way/352428867,22,144,21.956032776217686,144.0104448090863,43.0546937,141.3154475,0.34482188172009237,1,37,surface,yes
way/352428868,22,144,21.998874892758906,143.92792916586012,43.0549014,141.3150289,0.34482188172009237,1,20,surface,yes
way/352428869,22,144,22.020148634159682,143.96397298702698,43.0550095,141.3152106,0.34482188172009237,1,22,surface,yes
way/352430180,21,150,20.538816106025358,150.4343126184612,43.0480611,141.3479805,0.7547446907104582,1,21,surface,customers
way/352430222,21,150,20.52700529034568,150.18802424500396,43.0479865,141.3467351,0.7547446907104582,1,32,surface,customers
way/352442632,20,150,20.146867464637904,150.15253083933243,43.0460941,141.3465665,0.6923413800213315,1,40,surface,customers
way/352446276,20,150,19.703484124848877,150.35236159061571,43.0439024,141.34759,0.6923413800213315,1,17,surface,yes
way/352462988,24,189,24.402730654884675,188.7685279905303,43.069744,141.5417659,0.2998127327422533,1,20,surface,yes
way/352462999,24,189,24.44606711769784,188.94575939783107,43.0699709,141.5426611,0.2998127327422533,1,25,surface,yes
way/352463013,25,189,25.087988615836224,189.22739996911812,43.0731808,141.5440672,0.024041339696249928,0,73,surface,yes
way/352468793,15,185,14.777629863042746,185.1489165029978,43.021653,141.5237344,0.10837882697220791,0,69,surface,yes
way/352470682,25,182,25.222968667241144,181.73777425606542,43.0733692,141.5061804,0.06665765340777366,0,82,surface,permissive
way/352470692,25,180,25.333181334512414,179.75504832227284,43.0737894,141.4961485,0.25659227046206706,1,26,multi-storey,yes
way/352784616,23,176,22.861823975567223,176.02259552934734,43.0612608,141.4773406,0.47027701542531036,1,26,surface,yes
way/352784625,21,178,20.938041936666664,177.57380494679805,43.0517954,141.485242,0.5333939564870573,1,39,surface,yes
way/352784626,21,178,21.04060425133026,177.69702396792297,43.0523133,141.4858623,0.5333939564870573,1,21,surface,customers
way/352827720,39,149,39.044159136299065,149.3664822206683,43.1400041,141.3420474,0.1485594396311887,1,28,surface,customers
way/352834698,41,148,40.733168396313665,147.59545522999403,43.148288,141.3330409,0.22522359925408875,1,38,surface,yes
way/352910692,21,177,21.348714153702012,177.46931912979085,43.0538306,141.4847017,1.5241942788174943,1,30,surface,customers
way/352917310,20,177,20.204549738339356,176.71045188348342,43.0480927,141.4808962,2.5543622138177966,1,30,surface,customers
way/355651734,23,143,23.36709418362641,143.0990194314977,43.061651,141.3107969,0.11857710411056985,0,19,surface,yes
way/356878244,24,144,24.145187779282193,143.68518717720386,43.0655576,141.3137394,0.4184070657368783,1,39,surface,yes
way/361024949,24,200,24.236860145116253,199.82796879019202,43.0696321,141.5977099,0.06272705651188637,0,72,surface,yes
way/363838595,13,174,12.526252976488806,174.16363732718773,43.0097507,141.468235,0.14685962143563505,1,29,surface,yes
way/363838693,12,174,11.899685326086699,174.48486542566462,43.006656,141.4698778,0.8227504267253016,1,36,surface,yes
way/363852939,5,193,5.369609322544858,192.79511148165258,42.9753675,141.5626797,0.14777348024833867,1,29,surface,yes
way/363852940,6,193,5.529546420129508,192.7774955275284,42.9761616,141.562586,0.2505200530784062,1,38,surface,yes
way/363854012,6,193,6.113116910309811,193.44749162562036,42.9791064,141.5659581,0.2505200530784062,1,36,surface,yes
way/363854014,8,193,7.706342208812932,192.75248087034265,42.9869834,141.5623969,0.05618705528459187,0,74,surface,yes
way/365652438,25,181,24.54150531721028,180.76742262505957,43.0699183,141.5012919,0.1252405999215703,1,22,surface,yes
way/365652439,25,181,24.524272182072924,180.5050102846371,43.0698157,141.4999651,0.1252405999215703,1,27,surface,yes
way/370171797,29,140,29.183803849885624,139.87032776704746,43.0903646,141.2942988,1.2569154732735468,1,34,surface,customers
way/374297568,25,141,25.498141563353247,140.79907481674385,43.0720987,141.2991024,0.5929256594046949,1,25,multi-storey,yes
way/374823384,27,143,26.979846932935647,142.73375094324598,43.0795907,141.3088455,0.8808384232303978,1,430,multi-storey,yes
way/375026093,24,200,24.118776908294944,200.2473407858536,43.069072,141.5998345,0.06272705651188637,0,84,surface,yes
way/377704346,19,144,18.68095297971149,143.5942478582967,43.0383826,141.3134365,0.034092096642695045,0,73,surface,yes
way/378063418,22,151,21.627357347967127,150.50848966557533,43.0534783,141.3483244,1.5479449420273734,1,24,surface,yes
way/378063421,22,150,21.706717012575755,150.2604062934477,43.0538569,141.3470673,0.8781831816851858,1,14,surface,yes
way/378063426,22,151,21.524082155826573,150.57524089745908,43.0529691,141.348665,1.5479449420273734,1,19,surface,yes
way/378063452,22,151,21.62484067705336,150.84846788158137,43.0534877,141.3500441,1.5479449420273734,1,30,surface,yes
way/378063453,22,151,21.630569470673393,150.9061115463355,43.0535199,141.3503355,1.5479449420273734,1,24,surface,yes
way/378064730,22,151,21.762010001488513,150.697509205066,43.05416,141.3492766,1.5479449420273734,1,55,surface,yes
way/378064732,22,151,21.861764843954223,150.66029479675424,43.0546536,141.3490855,1.5479449420273734,1,426,multi-storey,yes
way/378090793,26,150,25.998912099261254,149.6948890655964,43.075162,141.3440835,1.437141714342997,1,32,surface,yes
way/378090842,26,149,25.949410996386295,149.47812125352138,43.0749019,141.3429885,1.3375877077926126,1,39,surface,yes
way/378090861,26,149,26.044622281359942,149.4128465175,43.0753711,141.3426556,1.3375877077926126,1,33,surface,yes
way/378091055,26,149,26.04557263194306,149.31471137873478,43.0753695,141.3421592,1.3375877077926126,1,37,surface,yes
way/378626166,6,174,6.2015825703217775,173.96933130042615,42.9782908,141.467434,0.04053303290499931,0,91,surface,yes
way/378847748,22,152,21.804756741562056,152.1567524312911,43.0544666,141.3566563,1.3012842808790708,1,24,surface,yes
way/378852447,22,152,21.87451461350652,152.4213019352359,43.0548305,141.3579924,1.3012842808790708,1,40,surface,yes
way/378853039,22,152,21.580266378841273,152.30422950181577,43.0533599,141.3574087,1.3012842808790708,1,10,surface,customers
way/378854690,21,152,21.14905391449178,152.30367677747535,43.0512158,141.3574183,0.6078531796740168,1,33,surface,yes
way/378856576,21,152,21.444743818218416,152.24282330704082,43.0526821,141.357102,0.6078531796740168,1,31,surface,yes
way/379021241,21,152,21.358264236587875,152.2644154205061,43.0522535,141.3572137,0.6078531796740168,1,8,surface,yes
way/379022482,21,152,21.461866884521932,151.91641155330038,43.0527462,141.3554505,0.6078531796740168,1,38,surface,yes
way/379026674,21,152,21.288036367366004,151.79719630871804,43.0518742,141.3548525,0.6078531796740168,1,36,surface,yes
way/379026697,21,152,21.19301164596701,151.84807921361326,43.051405,141.3551126,0.6078531796740168,1,36,surface,customers
way/379026708,21,152,21.098427957701293,151.77650642520575,43.0509301,141.3547533,0.6078531796740168,1,35,surface,customers
way/379033017,21,152,21.082670244468986,152.12791579402,43.0508744,141.3565312,0.6078531796740168,1,23,surface,yes
way/379033026,21,152,20.97278476571689,152.0390162047444,43.0503223,141.3560847,0.6078531796740168,1,7,surface,yes
way/379033028,21,152,21.017455990180082,151.99692176732486,43.0505417,141.3558705,0.6078531796740168,1,36,surface,yes
way/379033030,21,152,21.048762429277684,151.87806177858923,43.0506897,141.3552684,0.6078531796740168,1,31,surface,yes
way/379033031,21,152,21.086153489564985,151.87938142681128,43.0508757,141.355274,0.6078531796740168,1,22,street_side,yes
way/379035857,21,152,20.76262504927081,151.92344973103113,43.0492699,141.3555062,0.6078531796740168,1,38,surface,yes
way/379035858,21,152,20.865613355313766,151.8772779126169,43.049779,141.3552697,0.6078531796740168,1,14,surface,yes
way/379044871,38,130,37.63554124448221,129.83034791702337,43.131741,141.2432731,0.6436813149460414,1,30,surface,yes
way/379046723,42,140,42.332948581060954,139.63039107221118,43.155729,141.2927072,0.15386079399580124,1,30,surface,yes
way/379047927,45,144,45.245630732771026,144.32406093988374,43.1705139,141.3163643,0.30903515380166546,1,39,surface,yes
way/379471623,21,159,21.155172415265795,159.49128032579594,43.0517095,141.3937734,0.6125980678706748,1,23,surface,yes
way/379471625,22,156,21.762755661147967,155.8886023360257,43.0544983,141.3755334,1.1557326822814729,1,26,surface,yes
way/379471627,21,160,21.481261517917638,160.37914652342326,43.0533881,141.3982549,1.32452738026506,1,21,surface,yes
way/379471628,33,191,33.04934197179661,190.9626841528381,43.1128779,141.5526155,0.6231970530701286,1,32,surface,yes
way/379471629,21,157,20.808266461748413,156.53848924531906,43.0497943,141.378848,0.7541529504786991,1,32,surface,customers
way/379471630,33,191,32.95514953980906,191.1153698619035,43.1124194,141.5533905,0.6231970530701286,1,20,surface,yes
way/379471633,21,156,21.497674364848585,156.36538266619203,43.053211,141.3779526,0.2545145235449998,1,31,surface,customers
way/379917723,17,149,16.54683743665141,148.757510298821,43.0281042,141.3396139,0.04268290508561609,0,94,surface,customers
way/380071042,16,151,16.472287327727106,150.9276453525628,43.0278734,141.3505927,0.03203305340029922,0,62,surface,customers
way/380092209,21,152,21.394829149807357,151.5676949101366,43.0523904,141.3536886,0.6078531796740168,1,22,surface,customers
way/380092813,21,152,21.272400405455254,151.62567782820253,43.0517854,141.3539854,0.6078531796740168,1,25,surface,yes
way/380159679,18,152,18.465186729525822,151.53509026378464,43.0378216,141.3536079,0.8598585608931912,1,14,surface,customers
way/380321859,21,152,20.925916788478084,151.71686706046296,43.0500685,141.3544566,0.6078531796740168,1,23,surface,yes
way/380326805,21,151,21.442969286253746,151.1245765027277,43.0526012,141.3514459,0.9117309853715069,1,53,surface,yes
way/380328055,21,151,21.190894990156984,151.35509088255327,43.0513627,141.3526191,0.9117309853715069,1,7,surface,yes
way/380328430,21,151,21.117393633751966,151.26916593706338,43.0509917,141.3521866,0.9117309853715069,1,29,surface,yes
way/380329679,21,151,20.907039752446032,151.26787159118618,43.0499457,141.3521861,0.9117309853715069,1,30,multi-storey,yes
way/380332445,21,151,21.390766152714008,150.86180725543937,43.0523247,141.3501183,0.9117309853715069,1,122,surface,yes
way/380351481,21,151,20.87365680841486,150.85030778687204,43.0497528,141.350075,0.9117309853715069,1,8,surface,yes
way/380351495,21,151,20.704447534020503,151.1332696361373,43.0489297,141.3515111,0.9117309853715069,1,6,surface,yes
way/380356989,21,150,20.776298964030254,150.4062833963072,43.0492401,141.3478319,0.7547446907104582,1,28,surface,customers
way/380356990,21,150,20.804984200636007,150.3903335006406,43.0493817,141.3477504,0.7547446907104582,1,20,surface,customers
way/380368361,21,150,21.28138488917088,150.04516007412275,43.0517282,141.3459908,0.7547446907104582,1,8,surface,yes
way/380368362,21,150,21.033467574223767,149.61522648068157,43.0504678,141.3438233,0.7547446907104582,1,20,surface,customers
way/380547231,18,151,17.85164152196438,150.90604635880388,43.0347304,141.3504438,0.6826706323742231,1,40,surface,customers
way/380547273,18,151,17.849789444735382,150.87515438189317,43.0347192,141.3502876,0.6826706323742231,1,23,surface,customers
way/380584935,21,150,20.853383206596344,149.88845877146332,43.04959,141.3452105,0.7547446907104582,1,3,surface,yes
way/380778620,18,150,17.794558233918263,150.04076452319754,43.0343908,141.3460688,0.10084814136245289,0,6,surface,customers
way/380778638,18,150,17.80945714348287,150.09537611298816,43.0344684,141.3463446,0.10084814136245289,0,9,surface,customers
way/380778707,18,150,17.793424363167304,150.07082894155317,43.0343871,141.3462209,0.10084814136245289,0,3,surface,customers
way/380979256,21,148,21.447664189156146,147.90925496645937,43.0524173,141.3351825,0.711320997299038,1,11,surface,yes
way/380981201,22,148,21.618692091648292,147.90024288080676,43.0532671,141.335132,0.5440504369215231,1,16,surface,yes
way/381477171,22,147,21.70394198465373,146.53530065607313,43.053603,141.3282256,1.0493180633215058,1,25,surface,customers
way/381479970,22,147,21.747837023451446,146.75011887332394,43.0538351,141.3293109,1.0493180633215058,1,32,surface,customers
way/381723919,15,165,14.852315865933512,165.17141455823057,43.0207367,141.422685,0.16938280893549465,1,26,surface,customers
way/381727916,19,147,18.72275513092334,146.79573731434132,43.0387968,141.3296286,0.037489888580233485,0,102,surface,customers
way/381727982,19,147,18.886790956275593,147.27645897879543,43.0396434,141.3320554,0.037489888580233485,0,4,surface,customers
way/382185195,15,165,15.192388056721665,165.29865241870922,43.0224358,141.4233188,0.16938280893549465,1,25,surface,customers
way/382191243,14,166,14.096678550345914,166.02723373829795,43.0170347,141.4270355,0.11300000291784286,0,85,surface,customers
way/382209432,21,148,21.167572033803488,147.6434507689253,43.0510075,141.3338461,0.711320997299038,1,28,surface,customers
way/382237208,19,147,19.076806671685503,146.58618583600847,43.0405437,141.3285585,0.037489888580233485,0,84,surface,yes
way/382246502,21,146,21.22154552031176,146.08475826525003,43.0511754,141.3259606,0.3057221438971002,1,25,surface,customers
way/382247349,21,146,21.172995668721637,145.94820459631208,43.0509252,141.3252713,0.3057221438971002,1,28,surface,customers
way/382253220,21,149,21.11311395832633,149.2659002367384,43.0508413,141.3420541,0.5047082353885773,1,31,surface,customers
way/382254168,21,149,20.97551779271617,149.12708092485715,43.0501482,141.3413559,0.5047082353885773,1,32,multi-storey,yes
way/382254838,21,149,20.978116706777758,149.14380172982047,43.0501622,141.3414404,0.5047082353885773,1,35,surface,customers
way/382454404,21,149,20.910365551387073,148.69342135122577,43.0497963,141.3391643,0.5047082353885773,1,5,surface,yes
way/382682277,21,148,20.59350292932095,148.01072606317825,43.0481768,141.3357203,0.711320997299038,1,22,surface,yes
way/382864510,14,166,13.694031569938671,165.8880943038159,43.0150237,141.4263433,0.11300000291784286,0,94,surface,customers
way/382881240,21,148,20.99807355821581,147.79978120873292,43.0501748,141.3346417,0.711320997299038,1,31,surface,customers
way/382955664,18,148,18.499797027953203,148.01343737648813,43.0377667,141.3357942,0.14088012794050686,1,25,surface,customers
way/382955733,19,148,18.64720253895792,147.6592965948366,43.0384768,141.3339987,0.08492250056113772,0,71,surface,customers
way/383204936,21,146,21.08095455822692,146.39571956051245,43.0504964,141.3275375,0.3057221438971002,1,38,surface,customers
way/383204937,21,147,21.05342347809012,146.60965735437915,43.0503733,141.3286204,0.495552766460138,1,34,surface,customers
way/383208892,20,146,20.38302548890391,145.54747553459347,43.0469715,141.3232671,0.07917716021744778,0,85,surface,customers
way/383208894,20,146,20.314394356156413,145.54198470928495,43.0466299,141.3232413,0.07917716021744778,0,83,surface,customers
way/383209893,20,146,20.101142155707134,145.50672801987645,43.0455673,141.3230691,0.07917716021744778,0,120,surface,customers
way/383209897,20,145,20.293843729672272,145.3182838365639,43.0465133,141.3221104,0.056438362942047085,0,82,surface,customers
way/383442945,18,151,18.15910516918567,150.50633488720422,43.0362334,141.3484132,0.6826706323742231,1,23,surface,customers
way/383588638,18,150,18.49672164917696,150.19932051222872,43.0378923,141.3468506,0.10084814136245289,0,87,surface,yes
way/383588755,19,151,18.842066751911016,150.53417812006958,43.039631,141.3485344,1.6465863543103583,1,28,surface,customers
way/383588874,18,150,18.45430164064263,149.67367958055624,43.0376475,141.3441931,0.10084814136245289,0,85,surface,yes
way/383588925,19,150,18.830764656104147,150.2424403611836,43.039556,141.3470591,1.0324820439770925,1,38,surface,customers
way/383867238,19,148,19.18722088530712,147.75756039587392,43.0411682,141.3344802,0.08492250056113772,0,84,surface,customers
way/383971860,9,168,8.959378698478428,168.30572379943496,42.991638,141.4387079,0.09803395343283866,0,75,surface,yes
way/384000812,20,145,19.65433352860106,145.04456515137534,43.0433159,141.3207443,0.056438362942047085,0,110,surface,customers
way/384327390,13,165,12.95009340225409,165.13084921812657,43.0112759,141.4225345,0.08421956956200848,0,83,surface,customers
way/384328782,13,165,13.038679944866354,164.9653401648492,43.0117057,141.4216948,0.08421956956200848,0,86,surface,customers
way/384336902,20,148,19.580830949883364,148.0228828280649,43.0431424,141.3358109,0.15896392565018058,1,30,surface,yes
way/384391972,20,150,20.26880946921219,149.82335382038664,43.0466792,141.344898,0.6923413800213315,1,34,surface,customers
way/384489113,20,149,19.814439423374818,148.85846438335616,43.0443578,141.3400306,0.5812527175779042,1,35,surface,yes
way/384489115,20,148,19.69919547943967,148.11086185359076,43.0437366,141.3362525,0.15896392565018058,1,23,surface,customers
way/384489123,20,148,20.340267327842444,148.03759815397268,43.0469194,141.3358635,0.15896392565018058,1,28,surface,yes
way/384489270,20,149,19.814164458111776,149.29546896343,43.0443846,141.342241,0.5812527175779042,1,38,surface,yes
way/384499785,20,149,19.982021239724702,149.09512016008674,43.0452063,141.3412228,0.5812527175779042,1,10,surface,customers
way/384499893,21,149,20.55238376185234,148.66469673679867,43.0480145,141.3390293,0.5047082353885773,1,16,surface,customers
way/384541928,19,146,19.149835431100662,146.298980293744,43.0408883,141.3271037,0.03258694429907207,0,68,surface,customers
way/384584817,16,156,15.937342056466717,156.2994801702543,43.0255598,141.3777791,1.1811473753592332,1,8,surface,yes
way/384662501,16,158,15.814913682932707,157.61567463277933,43.0250359,141.38444,0.22053584894391198,1,14,surface,yes
way/384836241,16,157,16.111744120970652,157.07586859547837,43.026477,141.3817011,0.3574565960027292,1,39,surface,customers
way/384837124,16,157,15.696707936388103,157.36030006508176,43.0244317,141.3831517,0.3574565960027292,1,39,surface,customers
way/384993719,17,153,17.065880023641114,152.84452216948236,43.0309484,141.3602713,0.26072109889294154,1,25,surface,customers
way/385111937,14,165,14.189247346903151,165.11391007700675,43.0174361,141.4224132,0.11195793709031734,0,119,surface,customers
way/385113776,14,165,14.30787777802951,164.99675237008094,43.0180184,141.4218172,0.11195793709031734,0,69,surface,yes
way/385253846,18,152,18.262350948295037,152.34084885786078,43.036865,141.3576893,0.8598585608931912,1,20,surface,customers
way/385253965,18,153,18.447320512499243,152.62940204624607,43.0378033,141.3591435,0.3109167718172368,1,25,surface,customers
way/385713026,26,188,26.243956080706422,188.2193498574359,43.0788635,141.5389352,0.03613157141845068,0,103,surface,yes
way/386389226,44,160,44.437652305374925,160.3121065731114,43.167527,141.3972559,0.30847222384532275,1,37,surface,yes
way/386389239,45,159,44.569883875595856,159.22020432800562,43.1681141,141.3917292,0.06935622133047531,0,90,surface,yes
way/386389242,45,161,44.52755355242776,160.60215582141916,43.1679927,141.3987204,0.09033214996283448,0,103,surface,yes
way/386394340,17,155,17.246874389680315,154.5955721926968,43.0319612,141.369123,0.23939272038690237,1,14,surface,yes
way/387129553,13,164,13.356117419147116,164.24925924077118,43.0132379,141.4180637,0.02883896215757727,0,109,surface,customers
way/387758843,20,150,19.914556931103977,149.5596983100775,43.0449008,141.3435746,0.6923413800213315,1,26,surface,customers
way/389130008,20,146,19.678517239829592,145.9824943676077,43.0434966,141.3254877,0.07917716021744778,0,100,surface,customers
way/389130009,20,146,19.768302256611683,145.95570163957098,43.0439413,141.3253496,0.07917716021744778,0,90,surface,customers
way/389131168,20,151,19.57658512105078,151.15236359985232,43.043323,141.3516401,0.7129680123286545,1,6,surface,yes
way/389132876,20,150,19.710010029079317,150.47108072180376,43.0439425,141.3481903,0.6923413800213315,1,5,surface,yes
way/389132886,20,151,20.27141532336184,150.88057395396393,43.0467603,141.3502454,0.7129680123286545,1,34,surface,customers
way/389135745,19,150,19.16505479046546,150.0973864215947,43.0412088,141.3463158,1.0324820439770925,1,20,surface,customers
way/389136419,20,150,19.54769474225165,150.1679272941693,43.0431159,141.3466616,0.6923413800213315,1,14,surface,yes
way/389136420,20,150,19.724675705823383,149.83311216833252,43.0439743,141.344963,0.6923413800213315,1,12,surface,yes
way/389136746,20,150,19.737031858286766,149.53000246022503,43.0440162,141.3434295,0.6923413800213315,1,20,surface,customers
way/389172796,20,149,19.624550212695844,149.35125116764578,43.0434454,141.3425286,0.5812527175779042,1,29,surface,customers
way/389211234,19,148,19.05348401156142,148.363614918729,43.0405423,141.3375495,0.08492250056113772,0,117,surface,customers
way/389226682,30,136,30.21435974737526,136.09862401896135,43.0952456,141.2751917,0.21077354031687237,1,10,surface,customers
way/389309088,19,148,19.2666369203455,148.0450392062919,43.0415816,141.335932,0.08492250056113772,0,71,surface,customers
way/389309091,19,148,19.069169373732866,147.97744867840333,43.0405954,141.3355958,0.08492250056113772,0,68,surface,customers
way/389329356,19,150,18.508235284626178,150.41733544572665,43.0379636,141.347953,1.0324820439770925,1,38,surface,customers
way/389345443,19,148,18.841490872277593,148.22812917677925,43.0394795,141.3368703,0.08492250056113772,0,71,surface,customers
way/390345923,22,147,22.108633996382455,146.8735204268608,43.055637,141.3299247,1.0493180633215058,1,26,surface,yes
way/390374520,18,148,18.22236934631413,147.68017175806597,43.0363658,141.3341165,0.14088012794050686,1,30,surface,yes
way/390376353,19,152,18.537073456934586,151.7176440181859,43.0381908,141.3545292,0.8663268168900181,1,6,surface,yes
way/390446981,18,150,18.02352314266111,149.79479670413994,43.0355134,141.3448181,0.10084814136245289,0,90,surface,customers
way/390446982,18,150,17.802178966975813,149.7647331966608,43.0344109,141.3446724,0.10084814136245289,0,77,surface,customers
way/390547963,17,150,17.20133863219982,150.284227241912,43.0314569,141.3473173,0.0009643580196202465,0,91,surface,customers
way/390547964,17,150,17.160794749656382,150.2453060399966,43.0312528,141.3471216,0.0009643580196202465,0,24,surface,yes
way/390739296,18,150,17.68878620536051,149.88433266610687,43.0338548,141.3452806,0.10084814136245289,0,97,surface,customers
way/390739299,17,150,17.117116595700324,150.02461723014846,43.0310214,141.3460066,0.0009643580196202465,0,120,surface,customers
way/390743606,18,150,17.589210184609186,149.68123820718446,43.0333466,141.3442562,0.10084814136245289,0,111,surface,customers
way/390743607,17,150,17.303099847596823,149.72298854955554,43.0319267,141.3444756,0.0009643580196202465,0,72,surface,customers
way/390743608,17,150,17.187164249630488,149.7424164411499,43.0313515,141.3445772,0.0009643580196202465,0,11,surface,yes
way/390743609,17,150,16.980629264027762,149.57064339296,43.0303135,141.3437143,0.0009643580196202465,0,65,surface,yes
way/390778717,17,149,17.081923633156176,149.17729275334912,43.0307918,141.3417218,0.04268290508561609,0,70,surface,customers
way/390785224,17,148,17.421246548206124,147.5269449538289,43.0323726,141.3333645,0.045493677857042704,0,96,surface,customers
way/391693185,17,149,16.948071059027402,149.07394314349793,43.0301196,141.3412029,0.04268290508561609,0,82,surface,customers
way/391696579,16,149,16.030963805305234,148.86323688227318,43.025546,141.3401635,0.061787168649375245,0,75,surface,customers
way/392780280,15,150,14.672620197554354,150.18855979203843,43.0188775,141.3469061,0.020822264900079643,0,110,surface,customers
way/393216701,15,150,14.670429779761205,149.7509085460078,43.0188384,141.3446925,0.020822264900079643,0,76,surface,yes
way/393216722,15,150,14.547052836789932,150.03252946497452,43.0182431,141.3461205,0.020822264900079643,0,65,surface,yes
way/394898937,16,168,16.422555937243853,167.73893209014983,43.0287097,141.4356265,0.2418428309889006,1,24,surface,customers
way/394898941,17,168,16.64220978286744,167.7457952470573,43.0298023,141.4356549,0.23835737084802897,1,29,surface,yes
way/394898944,16,168,16.47796045681197,167.70664548715598,43.0289831,141.4354616,0.2418428309889006,1,29,surface,customers
way/394898946,17,168,16.6178806649316,167.82908829974664,43.0296867,141.4360769,0.23835737084802897,1,23,surface,yes
way/395586735,13,150,12.95076071064429,149.93239462159679,43.0102996,141.3456599,0.5117011294831759,1,22,surface,customers
way/398985934,25,152,25.243403086928318,152.26449111744068,43.0715711,141.3571024,5.7809547072218885,1,24,surface,yes
way/399000406,16,167,16.413469238765387,167.19716997441452,43.0286296,141.4328865,0.4000289652866775,1,27,surface,yes
way/399000407,17,168,16.750536760664634,168.01542748084404,43.0303583,141.4370156,0.23835737084802897,1,31,surface,permissive
way/399000409,16,167,16.332138470265534,167.48094758644086,43.0282435,141.4343242,0.4000289652866775,1,38,surface,yes
way/400531551,12,149,11.860352693336639,149.43128375453517,43.0048456,141.3431566,0.3255015543863456,1,22,surface,customers
way/401544489,9,151,8.901695980580019,151.38400172177188,42.9902605,141.3531186,0.032749125961812627,0,94,surface,yes
way/401544491,9,152,8.741789667630748,151.72039667125452,42.9894871,141.3548247,0.21584041453079506,1,23,surface,customers
way/401544492,9,151,8.761275421523726,151.41651689378358,42.9895644,141.3532871,0.032749125961812627,0,89,surface,yes
way/401544493,9,151,8.926450227952467,151.15310486632538,42.9903687,141.35195,0.032749125961812627,0,77,surface,yes
way/401544520,9,152,8.906436655520185,151.50545880033548,42.9902919,141.3537328,0.21584041453079506,1,28,surface,yes
way/402340540,14,152,14.336042660749948,151.8427784329973,43.0173106,141.3552829,0.922663927185089,1,36,surface,customers
way/403032372,14,154,14.47058531834662,154.05563953958415,43.0181222,141.3664718,0.9177196290876355,1,14,surface,yes
way/403624399,16,168,16.28332924357308,168.20840087859867,43.0280477,141.4380051,0.2418428309889006,1,21,surface,yes
way/403624400,16,168,16.28828601140857,168.389210091922,43.028084,141.4389195,0.2418428309889006,1,34,surface,yes
way/403624401,16,169,16.43975632784817,168.52826641770292,43.0288461,141.4396185,0.41962492769493587,1,28,surface,customers
way/403975012,14,154,14.005037180657258,154.11129678586258,43.015811,141.3667667,0.9177196290876355,1,87,surface,yes
way/404020221,14,154,13.806383645887017,154.07003376410015,43.0148206,141.3665637,0.9177196290876355,1,22,surface,yes
way/404674613,19,166,18.570717494287276,166.0208699260794,43.03928,141.4268747,0.625245626399291,1,34,surface,yes
way/404859577,17,138,17.167436727860583,137.71836816420725,43.0304784,141.2837595,0.0006695703989159573,0,88,surface,customers
way/405110211,14,164,14.056629210737153,163.6322701952536,43.0166812,141.4149228,0.020940972349865146,0,110,surface,yes
way/405110215,14,163,14.03615356278917,163.39813094828006,43.0165643,141.4137391,0.03652074172498483,0,113,surface,yes
way/405110219,14,164,13.816146710866365,163.59691806062602,43.0154832,141.4147509,0.020940972349865146,0,107,surface,yes
way/405110221,14,163,13.931165685052589,163.3379065829474,43.0160384,141.4134375,0.03652074172498483,0,61,surface,customers
way/405110224,14,163,13.863383552399956,163.4205177312984,43.0157067,141.4138573,0.03652074172498483,0,118,surface,customers
way/406524467,16,152,16.02768171376836,152.23797562855881,43.0257472,141.3572332,0.6427682403676719,1,264,surface,customers
way/408494649,13,156,13.26710285633664,155.55477473592202,43.0122349,141.3740891,0.3922169061136207,1,33,surface,customers
way/408621509,16,165,15.632310992872982,164.7699995598819,43.0245891,141.4206322,0.7769963319036526,1,40,surface,yes
way/408780633,28,151,28.37730636714149,150.85080228926313,43.0870623,141.3498618,0.8045850417395722,1,37,surface,customers
way/408783267,4,175,4.414026909865466,174.54712574410283,42.96944,141.4704079,0.035178827535983684,0,105,surface,yes
way/408783537,5,175,4.889130523287422,175.13204601305478,42.97184,141.4733528,0.03848029722775721,0,74,surface,yes
way/408783661,5,175,5.09292826934199,175.1643427135167,42.9728554,141.4735103,0.03848029722775721,0,115,surface,yes
way/408783971,5,174,4.793370055172513,174.10401145280116,42.9712976,141.4681557,0.040483919749701724,0,83,surface,yes
way/409053536,16,165,16.26038067084289,165.19086403548698,43.0277391,141.4227429,0.7769963319036526,1,27,surface,yes
way/409053540,16,165,16.178042000067204,165.13349671407457,43.027326,141.4224551,0.7769963319036526,1,37,surface,yes
way/409054805,17,166,16.608785585354777,165.5968731309815,43.0294976,141.4247865,0.4041393638285114,1,38,surface,yes
way/409054806,16,165,16.04110605769478,165.0756213981854,43.0266414,141.4221663,0.7769963319036526,1,24,surface,yes
way/409054808,16,165,16.189134529438228,165.33745246064416,43.0273943,141.4234864,0.7769963319036526,1,35,surface,yes
way/409188490,13,156,12.562330380407534,156.46165352264308,43.0087891,141.3786964,0.3922169061136207,1,27,surface,customers
way/409242978,16,167,15.911965473210653,167.21369484950813,43.0261371,141.4329845,0.4000289652866775,1,21,surface,customers
way/409255291,16,166,16.476760342624925,165.8288605977434,43.0288561,141.4259637,0.43857215660899534,1,23,surface,customers
way/409536486,17,167,17.04120146529721,166.7349060667861,43.031721,141.4305303,0.22504508853586933,1,34,surface,yes
way/412506056,6,179,6.36178706432068,178.74684308149057,42.9793953,141.4915943,0.3679169730128409,1,24,surface,yes
way/412506057,6,179,6.209653743874653,179.17557069192011,42.9786665,141.4937672,0.3679169730128409,1,37,surface,yes
way/412579223,12,154,11.953566763977534,153.7897161110978,43.00559,141.3651991,0.2810118357896122,1,48,surface,yes
way/413109808,15,165,14.605899943948492,164.555844922817,43.0194718,141.4195785,0.16938280893549465,1,26,surface,customers
way/415410746,4,159,4.267183200341075,158.7071514329315,42.9676889,141.3902927,0.005134044696346058,0,120,surface,customers
way/415418124,8,157,8.478192570615493,156.6502036944251,42.9884942,141.3797675,0.03572780576810551,0,61,surface,yes
way/415668191,10,149,10.452049102738918,149.47679863614388,42.9978462,141.3434273,0.26062454778935434,1,33,surface,yes
way/415669786,11,150,11.451766157736019,150.381778975446,43.0028753,141.347976,0.5561141141487032,1,22,multi-storey,yes
way/416498196,11,150,11.103181552045333,149.88102883718537,43.0011098,141.3454532,0.5561141141487032,1,40,surface,yes
way/416508905,14,168,13.845075330988475,167.61307481389295,43.0158859,141.435064,0.2930650446960266,1,37,surface,customers
way/417260194,13,167,13.35152908928841,166.86680189788888,43.0133838,141.4313035,0.04399648732007094,0,78,surface,customers
way/417260198,13,167,13.091671883732138,167.4060272450776,43.0121265,141.4340384,0.04399648732007094,0,66,surface,customers
way/417260201,13,167,13.375342850975992,166.82326430179629,43.0134994,141.4310826,0.04399648732007094,0,92,surface,customers
way/418425870,10,151,9.58559311393527,150.79200695871856,42.9936228,141.3501046,0.06970781650611078,0,97,surface,customers
way/418958807,17,166,17.070626831778696,165.7294293219135,43.0318025,141.4254437,0.4041393638285114,1,37,surface,yes
way/418958822,17,166,16.859653874844945,166.26770672226624,43.0307882,141.4281724,0.4041393638285114,1,23,multi-storey,customers
way/418963457,17,166,16.627870946968855,165.6760634188377,43.0295976,141.4251865,0.4041393638285114,1,24,surface,customers
way/422927391,30,187,29.741435895906438,187.02648741273907,43.0961767,141.5328011,0.1981530362425569,1,24,surface,yes
way/422927397,30,187,29.69031604406828,187.03078363147876,43.0959228,141.5328243,0.1981530362425569,1,36,surface,permissive
way/422927406,30,187,29.590170813628266,186.7009375490105,43.0954036,141.5311588,0.1981530362425569,1,33,surface,yes
way/423377624,10,148,9.7960726328082,148.46726841794938,42.9945195,141.3383399,0.03634604032966137,0,98,surface,yes
way/425035421,7,149,7.382149893520319,148.5642245011028,42.9825233,141.3388997,0.22087318656614552,1,21,surface,yes
way/425035425,7,149,7.158762895754232,149.43334922927963,42.9814686,141.3433022,0.22087318656614552,1,30,surface,yes
way/425874124,5,149,4.907259287627268,149.39414004420374,42.9702712,141.3431686,-0.004828300157837979,0,103,surface,yes
way/426070617,28,187,28.412016409354298,186.51462721761163,43.0895336,141.5302503,0.01815264801173335,0,72,surface,yes
way/426070618,28,186,28.492503197271716,186.40610989478998,43.0899268,141.5296991,0.049281346217143335,0,65,surface,yes
way/426070619,28,187,28.296344363732626,186.5183786360272,43.0889587,141.5302726,0.01815264801173335,0,85,surface,yes
way/426070620,28,187,28.358731764858643,186.7371176478543,43.089283,141.5313772,0.01815264801173335,0,94,surface,yes
way/426072378,29,186,28.54934305786224,186.38721604740257,43.0902082,141.5296019,0.10737604049292392,0,107,surface,yes
way/426072379,29,186,28.510074265136115,186.33371149616406,43.0900095,141.5293324,0.10737604049292392,0,100,surface,yes
way/426076079,29,185,28.946199464801293,184.77462069685927,43.0920775,141.5214339,0.17297292039130546,1,39,surface,yes
way/426076083,29,185,28.82079426655882,185.03738884489553,43.0914709,141.5227666,0.17297292039130546,1,28,surface,yes
way/426076085,29,185,29.117882547879805,184.64835376469318,43.092923,141.5207903,0.17297292039130546,1,23,surface,yes
way/426076086,29,185,28.911785077652464,185.08513758596573,43.0919264,141.5230055,0.17297292039130546,1,39,surface,yes
way/426076088,29,185,28.843383083782822,184.9642281451779,43.0915785,141.5223959,0.17297292039130546,1,25,surface,yes
way/426078864,29,185,29.386527955639988,185.4077611750129,43.0943077,141.5246237,0.17297292039130546,1,23,surface,yes
way/426078865,29,185,29.390377482679725,185.4722940483021,43.094331,141.52495,0.17297292039130546,1,38,surface,yes
way/426078867,29,185,29.31415278713285,185.38079812747026,43.0939461,141.5244894,0.17297292039130546,1,23,surface,yes
way/426078868,29,185,29.20025855000136,185.11087723763956,43.0933624,141.5231274,0.17297292039130546,1,40,surface,yes
way/426078869,29,185,29.006866667553467,185.09502938369585,43.0923998,141.5230528,0.17297292039130546,1,37,surface,yes
way/426079244,29,185,29.428492562632695,185.0748872698937,43.0944949,141.5229388,0.17297292039130546,1,38,surface,yes
way/426079581,29,187,29.146215181409268,187.10471706413796,43.0932222,141.5332139,0.09366708802081565,0,83,surface,yes
way/426079582,29,187,29.26404094402576,187.07600780085608,43.0938062,141.5330653,0.09366708802081565,0,117,surface,yes
way/426079583,29,187,29.395426138169086,187.16645305115702,43.0944653,141.533519,0.09366708802081565,0,102,surface,yes
way/426079584,29,187,29.20339141282102,187.0257427149343,43.0935014,141.5328128,0.09366708802081565,0,74,surface,yes
way/426079585,29,187,29.264975117865816,186.896892785462,43.0937993,141.5321593,0.09366708802081565,0,73,surface,yes
way/426079586,29,187,29.294688348672945,187.13675865258023,43.0939625,141.5333717,0.09366708802081565,0,72,surface,yes
way/426087518,30,186,29.88613235980484,186.35072523940534,43.0968526,141.5293789,0.20570913548771186,1,36,surface,customers
way/426087519,30,186,29.90975108138515,186.44635076933014,43.0969762,141.5298619,0.20570913548771186,1,32,surface,yes
way/426087520,30,186,29.816874333784224,186.2880942356414,43.0965042,141.5290641,0.20570913548771186,1,32,surface,customers
way/429018907,29,184,28.879156527773894,184.26495274796417,43.0917113,141.5188579,0.1681104878202327,1,21,surface,yes
way/429018908,29,184,29.109708214957436,184.4132168245866,43.0928672,141.5196012,0.1681104878202327,1,28,surface,yes
way/429018909,29,185,29.079544982195383,184.53542451738414,43.0927251,141.5202202,0.17297292039130546,1,20,surface,yes
way/429018910,29,184,28.834372578078042,184.18852266553608,43.0914837,141.5184726,0.1681104878202327,1,25,surface,yes
way/429025423,29,185,29.337077674942744,184.95900712990957,43.0940329,141.5223553,0.17297292039130546,1,37,surface,yes
way/429027561,30,185,29.581185826025802,184.9923830540384,43.0952488,141.5225171,0.20345088449359947,1,22,surface,yes
way/429027562,30,185,29.585931184372036,184.7085458266642,43.0952541,141.5210813,0.20345088449359947,1,24,surface,yes
way/429028484,29,186,29.074930860591966,185.72915815242152,43.0927791,141.5262583,0.10737604049292392,0,62,surface,yes
way/429045305,32,145,32.250707274032976,145.2882948406242,43.105963,141.321615,0.44416607402326364,1,27,surface,yes
way/429226843,6,114,5.8897896201615465,114.31679415825829,42.9728956,141.1657173,0.03509794352210632,0,73,surface,yes
way/429226846,4,113,3.826654062345484,112.69510136193188,42.9625328,141.157574,0.07424922424478067,0,115,surface,customers
way/429226847,4,113,3.9518711189105247,112.90452969774957,42.9631689,141.1586297,0.07424922424478067,0,68,surface,customers
way/429226858,4,114,4.412431578031229,113.8728350642923,42.9655213,141.1635142,0.0514343623962661,0,112,surface,yes
way/429226859,4,114,4.4055387347043675,114.1920096609517,42.9655076,141.1651288,0.0514343623962661,0,105,surface,yes
way/429226862,5,115,4.680783895450935,115.11408634417162,42.9669356,141.1697848,0.10934511791758236,0,108,surface,customers
way/429229754,8,113,7.92285760975087,112.53924101390649,42.9828898,141.1566679,0.042175845619584686,0,75,surface,yes
way/429229758,8,113,7.808972082287077,112.89699258674632,42.9823466,141.1584807,0.042175845619584686,0,77,surface,yes
way/429229764,6,113,5.944545024541466,112.95687825546052,42.9730802,141.1588372,0.004856443106571991,0,78,surface,yes
way/429230107,3,113,3.16659953969699,112.75882667112045,42.959255,141.1579153,0.04771491120181914,0,91,surface,yes
way/429652759,29,150,29.106281176286974,149.8843740460498,43.0906246,141.3449526,0.21789108623764758,1,37,surface,yes
way/429787166,61,195,60.8780868196684,195.37313068026438,43.2515316,141.5741238,0.04346953871829929,0,69,surface,yes
way/430502594,13,148,13.434505108127182,147.5390635381172,43.0125506,141.3335404,0.18686145477614544,1,32,surface,yes
way/431111507,15,151,14.795246158282641,151.21690519923465,43.0195535,141.352104,0.3047779620550306,1,34,surface,yes
way/431111509,15,151,15.071475897376878,151.04837008483446,43.0209161,141.3512436,0.3047779620550306,1,22,surface,yes
way/431112976,16,151,15.912534519054564,151.2719101181693,43.0251124,141.3523501,0.03203305340029922,0,98,surface,customers
way/431117911,20,153,19.560171593799243,152.54575131482886,43.0433312,141.3586884,0.4343269490390846,1,29,surface,yes
way/431121968,21,153,20.605687872965156,152.6265639587702,43.0485349,141.3590671,0.47856963247328405,1,28,surface,customers
way/431610546,24,156,24.377039029169804,155.82999294910434,43.0674932,141.3751618,0.8378685938295319,1,30,surface,customers
way/431610547,25,157,24.611678819094706,156.53481857462637,43.0687053,141.3787201,0.8290411210293567,1,38,surface,permissive
way/431610548,24,156,24.325250428967983,155.74003960702382,43.0672299,141.3747083,0.8378685938295319,1,23,surface,permissive
way/431610549,24,156,24.481004297818302,155.6929419002451,43.0680013,141.3744656,0.8378685938295319,1,34,surface,yes
way/431617071,23,150,22.63822447823121,150.35474641326408,43.0584946,141.3475177,0.5699761119995308,1,34,surface,yes
way/431617075,23,150,22.684015287770926,150.47762301730404,43.0587302,141.3481379,0.5699761119995308,1,12,surface,yes
way/432081527,35,155,34.739102301128774,154.5421988109516,43.1189322,141.3683502,0.4850165682073107,1,23,surface,yes
way/432353875,33,152,33.304069021764725,151.74239556652657,43.1116165,141.3542299,1.1661572430761056,1,33,surface,yes
way/432823522,17,164,17.044675875760745,164.42360143075862,43.0315893,141.4188395,0.29235864576114495,1,33,surface,yes
way/432837616,12,166,12.403863231761122,166.07961319405408,43.0086211,141.4273491,0.03914312985323107,0,97,surface,customers
way/432837780,14,166,13.532958834912707,166.16863108815406,43.0142409,141.4277669,0.11300000291784286,0,81,surface,customers
way/432837782,13,166,13.467022013534512,166.36643539613647,43.0139258,141.4287693,0.06467763933718192,0,73,surface,customers
way/432971006,5,148,5.051626777776575,147.5010299898689,42.970867,141.333589,0.13780366361544388,1,40,surface,customers
way/432971038,7,148,6.91106959430652,148.20109229414481,42.9801576,141.3370765,0.08113646096996513,0,99,surface,yes
way/432971766,6,148,5.947110194734316,148.06884571328217,42.9753561,141.3364353,0.1553997097005918,1,27,surface,customers
way/432977134,6,147,5.537088687172968,147.48548154949086,42.9732798,141.3334964,0.09915395620599413,0,85,surface,yes
way/432977147,6,148,6.294844178836163,148.20235481104805,42.9770937,141.3371006,0.1553997097005918,1,32,surface,yes
way/432977150,6,148,6.136187362966343,148.18947222888892,42.976304,141.33704,0.1553997097005918,1,21,surface,yes
way/432978774,7,148,7.1287145106693455,147.92386236237,42.9812219,141.335668,0.08113646096996513,0,85,surface,customers
way/432978776,7,148,7.352942667758415,147.98589131591615,42.9823408,141.3359753,0.08113646096996513,0,67,surface,customers
way/432978777,7,148,7.420488744015615,148.04871029479435,42.9826807,141.3362911,0.08113646096996513,0,65,surface,customers
way/432978820,8,148,7.604854970833068,147.9245715714464,42.9835894,141.3356579,0.01973747268802339,0,99,surface,yes
way/432978821,8,148,7.656022448722732,147.92591020311974,42.9838439,141.3356632,0.01973747268802339,0,72,surface,yes
way/432978823,8,148,7.9178864940576075,147.91917393245427,42.9851455,141.3356216,0.01973747268802339,0,76,surface,yes
way/432978826,8,148,7.992385785445921,147.89243272500968,42.9855142,141.3354842,0.01973747268802339,0,65,surface,yes
way/432979875,9,147,9.213299769821377,147.4688895913232,42.9915575,141.3333068,0.1053110756082455,0,109,surface,yes
way/432979877,10,148,9.989628962207776,148.070151937296,42.9954563,141.3363257,0.03634604032966137,0,103,surface,yes
way/432979914,11,148,10.546585247662398,147.96954213926182,42.9982191,141.3358008,0.12204468160731662,0,75,surface,yes
way/432983031,10,148,9.544226832886507,147.74617277399196,42.9932208,141.3346998,0.03634604032966137,0,90,surface,yes
way/432983041,10,147,9.829951845398073,147.2019936625456,42.9946064,141.3319391,0.05607702039134222,0,77,surface,customers
way/432983043,10,147,9.88598538127571,147.09015432249916,42.9948778,141.3313718,0.05607702039134222,0,93,surface,customers
way/432983045,10,147,9.551537742931988,147.13410125882376,42.9932177,141.3316037,0.05607702039134222,0,87,surface,customers
way/432984519,7,148,7.122578235440166,148.11020356999546,42.9812034,141.3366107,0.08113646096996513,0,112,surface,yes
way/432984526,7,148,7.060265737073529,148.19753140153927,42.9808992,141.3370542,0.08113646096996513,0,88,surface,yes
way/432984527,7,148,7.0663883137886465,148.09912910099797,42.9809233,141.3365563,0.08113646096996513,0,82,surface,yes
way/432984530,7,148,6.906431558722211,148.25013620495633,42.9801377,141.3373247,0.08113646096996513,0,103,surface,yes
way/432984535,6,148,6.020617604398719,147.87814248336767,42.9757093,141.3354686,0.1553997097005918,1,31,surface,yes
way/432988858,17,168,16.671932388018114,168.21920955527736,43.0299806,141.4380486,0.23835737084802897,1,38,surface,customers
way/432988860,17,168,16.65068808916503,168.15762247326612,43.029871,141.4377377,0.23835737084802897,1,22,surface,yes
way/432988861,17,168,17.02590777765642,168.26376730543885,43.0317435,141.4382638,0.23835737084802897,1,36,surface,yes
way/432992067,7,149,7.338822486889552,149.1728885117765,42.9823471,141.3419796,0.22087318656614552,1,30,surface,yes
way/432992068,7,149,7.269937461909681,149.2304244548617,42.9820083,141.3422726,0.22087318656614552,1,22,surface,yes
way/432992071,6,149,6.279794591418277,149.4424303971914,42.9770988,141.3433734,0.31164638726298644,1,23,surface,yes
way/432992074,6,149,5.526947282408181,148.64636481589352,42.9733042,141.3393685,0.31164638726298644,1,34,surface,yes
way/432992079,6,149,5.575340988297676,148.84305932227429,42.9735575,141.340362,0.31164638726298644,1,27,surface,yes
way/432992671,4,145,4.0959991543495855,145.29870593260654,42.9659735,141.322477,0.012980954789031371,0,101,surface,yes
way/433213241,11,148,10.934042429297095,148.35111942084606,43.0001702,141.3377197,0.12204468160731662,0,103,surface,yes
way/433213243,11,148,10.940679268925438,148.1990827979035,43.0001934,141.3369505,0.12204468160731662,0,113,surface,yes
way/433213245,11,149,10.944092833829929,148.60754003298248,43.0002367,141.3390164,0.8093039499661026,1,27,surface,yes
way/433213252,11,149,10.790663664645866,148.57460037831476,42.9994717,141.3388542,0.8093039499661026,1,28,surface,yes
way/433213255,11,148,10.708766544746872,148.48317107195575,42.9990586,141.3383941,0.12204468160731662,0,118,surface,yes
way/433213256,11,148,10.701690930964789,148.40996040460968,42.9990187,141.338024,0.12204468160731662,0,61,surface,yes
way/433213259,10,148,10.48719647779418,148.28901150213187,42.9979444,141.3374184,0.03634604032966137,0,67,surface,yes
way/433213263,10,148,10.164429481066003,148.07885584980966,42.996326,141.3363647,0.03634604032966137,0,82,surface,yes
way/433213268,10,148,10.48615350431229,147.67285933689766,42.9978995,141.3343019,0.03634604032966137,0,90,surface,yes
way/433213278,11,147,10.672810776302242,147.43094126176925,42.998812,141.3330729,0.20292830960744274,1,20,surface,yes
way/433213280,11,147,10.568648315001493,147.34272662285935,42.9982884,141.3326297,0.20292830960744274,1,27,surface,yes
way/433213281,11,148,10.869995119449676,147.5265844561345,42.9997986,141.333551,0.12204468160731662,0,113,surface,yes
way/433213283,11,148,11.07434908127696,148.05743588766074,43.0008489,141.3362302,0.12204468160731662,0,92,surface,yes
way/433213290,11,148,11.020711884586225,147.72221954221206,43.0005606,141.3345362,0.12204468160731662,0,109,surface,yes
way/433213293,11,148,11.031185849126828,147.7489296420355,43.0006144,141.334671,0.12204468160731662,0,116,surface,yes
way/433215478,4,137,4.448036377785007,137.36619030297132,42.9672126,141.2823438,0.05747685067567806,0,87,surface,yes
way/433217115,5,137,4.632747983585255,137.38141548153487,42.968132,141.2824155,0.19357366102849582,1,40,surface,yes
way/433217483,5,138,4.752347858178161,137.52303877292061,42.9687358,141.2831284,0.28504175290056566,1,35,surface,yes
way/433217494,4,137,4.4654875367961955,137.2673581242103,42.967293,141.2818434,0.05747685067567806,0,87,surface,yes
way/433219132,5,137,4.832205308721627,136.85179140573604,42.9690896,141.2797309,0.19357366102849582,1,40,surface,yes
way/433221005,5,139,5.165736131824695,138.58518341513374,42.9708597,141.2884889,0.19724846493959944,1,26,surface,yes
way/433226244,3,144,3.0370125886912778,143.78552633286878,42.9606105,141.3148537,0.09803134377226129,0,74,surface,customers
way/433226253,3,144,2.7796438558181724,143.83955931001455,42.9593343,141.3151344,0.09803134377226129,0,62,surface,yes
way/433226259,3,143,2.9630110201820172,143.46357884981276,42.9602218,141.3132274,0.07802784850614214,0,113,surface,yes
way/433226265,3,143,3.175408030748988,142.97214575119227,42.9612462,141.3107356,0.07802784850614214,0,74,surface,customers
way/433226266,3,143,3.1965706643611624,142.87092267013026,42.9613449,141.310223,0.07802784850614214,0,79,surface,customers
way/433226275,3,143,3.2329074203958306,142.9271981920598,42.9615292,141.3105066,0.07802784850614214,0,69,surface,customers
way/433226283,3,142,3.3024312207104765,141.76849106297104,42.9618002,141.3046438,0.036267336363727906,0,88,surface,customers
way/433226286,3,141,3.345132607579706,141.04831812687493,42.9619661,141.3009999,0.022542353725762982,0,72,surface,customers
way/433226287,4,141,3.5472289467549385,141.46009904627826,42.9629975,141.3030769,0.06025049605818849,0,114,surface,customers
way/433226309,3,142,3.1224329055474076,141.80857086408366,42.9609078,141.3048517,0.036267336363727906,0,91,surface,customers
way/433257223,12,167,11.853236346866858,166.77954100308804,43.0059284,141.4309052,0.13506852608918096,1,27,surface,yes
way/433786504,4,143,4.0086079788430915,142.77174279078534,42.9653761,141.309698,0.25606059721533847,1,25,surface,yes
way/433786565,4,142,4.147291605117964,141.9935354868176,42.9660155,141.3057578,0.2498564950972736,1,40,surface,yes
way/433795379,4,146,3.6220799452023154,145.50520371843783,42.9636304,141.3235351,0.03273553166405351,0,85,surface,yes
way/433795381,4,145,3.6820959317179134,145.4662609096914,42.9639263,141.3233364,0.012980954789031371,0,98,surface,yes
way/433795383,4,146,3.670411099559403,145.56243707801568,42.9638744,141.3238232,0.03273553166405351,0,86,surface,yes
way/433795387,4,146,3.6819436618653096,145.60833053570576,42.9639347,141.324055,0.03273553166405351,0,61,surface,yes
way/433795391,4,146,3.810255104489968,145.7419567618269,42.9645813,141.3247272,0.03273553166405351,0,79,surface,yes
way/433795405,4,146,3.7570540515869624,145.85715340651595,42.9643242,141.3253114,0.03273553166405351,0,85,surface,yes
way/433795424,4,146,4.056567040987061,146.23212180863553,42.9658376,141.3271994,0.03273553166405351,0,75,surface,yes
way/433795432,4,146,3.932127388957401,146.07908322936098,42.965209,141.3264289,0.03273553166405351,0,105,surface,yes
way/433795442,4,146,3.8414734600658615,146.18066265135573,42.9647648,141.3269453,0.03273553166405351,0,119,surface,yes
way/433795446,4,146,3.783165902078724,146.20417444398097,42.9644764,141.3270659,0.03273553166405351,0,81,surface,yes
way/433795450,4,147,3.853323103053514,146.81182269776207,42.9648644,141.3301374,0.09655683533502382,0,71,surface,yes
way/433795452,4,147,3.95942941989103,147.27448103600327,42.9654218,141.3324745,0.09655683533502382,0,85,surface,yes
way/435079605,3,129,2.565218626873943,128.67489576516655,42.9572907,141.2384369,0.029029589897543742,0,65,surface,yes
way/435079606,2,129,2.473742196529307,128.60254981787338,42.9568312,141.2380736,0.019021160174054755,0,84,surface,yes
way/435079629,2,128,2.285692676558093,128.13114195520328,42.9558658,141.2356946,0.07852535091771613,0,76,surface,yes
way/435420072,22,51,22.410286563818605,50.95295979866785,43.0509543,140.8447448,0.019186989468586237,0,95,surface,yes
way/435421978,22,51,22.217591622176293,50.8492164615845,43.0499895,140.8442256,0.019186989468586237,0,74,surface,yes
way/435422023,22,49,22.310460572367564,49.150967891941114,43.0503418,140.8356331,0.025092160153103504,0,107,surface,yes
way/435422027,22,49,22.085277271951536,49.109870422182055,43.0492195,140.8354317,0.025092160153103504,0,76,surface,yes
way/435425401,22,48,22.328114129223614,47.88378204020525,43.0503479,140.8292231,0.0012264188720509518,0,98,surface,yes
way/435425425,22,49,22.14906854048938,49.004658732865835,43.0495299,140.8348977,0.025092160153103504,0,108,surface,yes
way/435425426,22,49,22.221996548726448,49.00293799176669,43.0498924,140.8348869,0.025092160153103504,0,110,surface,yes
way/435425431,22,49,22.283377647086546,49.01538635447814,43.0501984,140.8349481,0.025092160153103504,0,106,surface,yes
way/435428411,23,48,22.55985582387744,48.23347427798329,43.0515227,140.8309852,0.03757876474496255,0,83,surface,yes
way/436077383,16,169,16.36301612565036,168.9000881858213,43.0284885,141.4415014,0.41962492769493587,1,38,surface,customers
way/436077384,16,169,16.32833808896881,168.95012782866783,43.0283193,141.4417555,0.41962492769493587,1,25,surface,customers
way/436077385,16,169,16.03856471271202,169.22945868422443,43.0268965,141.4431767,0.41962492769493587,1,28,surface,yes
way/436077387,16,169,15.924178438624088,169.20694247498113,43.0263263,141.4430661,0.41962492769493587,1,40,surface,yes
way/436077388,16,169,16.01914506976181,168.96195291033789,43.0267827,141.4418242,0.41962492769493587,1,30,surface,yes
way/436808967,1,112,1.242481790587434,112.3035109072063,42.9496586,141.1556676,0.02819698760732161,0,93,surface,customers
way/437442835,19,166,18.829574391340973,166.0583826143331,43.0405695,141.427057,0.625245626399291,1,20,surface,customers
way/437442836,19,166,18.913291038879063,166.12425906288834,43.04099,141.4273878,0.625245626399291,1,39,rooftop,customers
way/437443407,19,166,18.701391154192315,165.74885937651467,43.0399122,141.4254951,0.625245626399291,1,37,surface,yes
way/437445569,20,164,19.985599211785072,163.53322717481842,43.0461547,141.4142514,0.5866066274754351,1,35,surface,yes
way/437445573,20,164,20.048755189191645,163.68647103641888,43.0464786,141.4150247,0.5866066274754351,1,21,surface,permissive
way/437449188,21,162,20.50497482070092,161.76723720327715,43.0486233,141.405304,0.5581836479262882,1,27,surface,yes
way/437449547,21,161,21.149675782543728,161.39229698175637,43.0518047,141.403389,0.6889675422013861,1,36,surface,customers
way/437449548,21,162,21.173824055226817,161.54326302548932,43.0519345,141.4041519,0.5581836479262882,1,27,surface,customers
way/438289829,25,151,25.24241203878821,150.68087201981132,43.0714641,141.3490924,3.1845607289339797,1,12,surface,yes
way/438348831,3,112,2.546201659926395,111.83302882834634,42.9561106,141.1532504,0.03451388074739438,0,66,surface,yes
way/438348836,3,112,2.631489369634323,112.01508540067239,42.9565464,141.1541688,0.03451388074739438,0,74,surface,yes
way/438350927,1,112,1.3816748239813716,112.15624103661068,42.9503412,141.1549187,0.02819698760732161,0,63,surface,yes
way/438945229,50,80,49.753573160257716,80.16491751401387,43.1887928,140.9917144,0.266042685235938,1,34,surface,yes
way/438945234,51,80,51.03296220513406,80.116080049236,43.195151,140.9914306,0.11447160737463026,0,107,surface,customers
way/438945235,51,80,51.023500879498286,80.01280473131646,43.1950973,140.9909085,0.11447160737463026,0,105,surface,yes
way/438945257,52,81,51.7265078206529,80.52053152443119,43.1986255,140.9934564,0.48551466079985395,1,39,surface,yes
way/438945268,51,81,51.47300032913515,80.98417096731099,43.1973949,140.9958088,0.6644509685719311,1,35,surface,yes
way/438945269,51,81,51.25043229017309,80.7320189805285,43.196272,140.9945398,0.6644509685719311,1,23,surface,yes
way/438945272,59,85,59.24075690864788,84.54393895925412,43.236247,141.013591,0.029262804058683978,0,115,surface,customers
way/438945280,59,84,59.355291989201596,84.24623395057405,43.2367973,141.0120819,0.017852225419722513,0,74,surface,yes
way/438945284,59,84,59.25572677280374,83.82354910663182,43.236275,141.0099468,0.017852225419722513,0,103,surface,yes
way/438950068,54,81,53.987393680792906,81.44950405819331,43.2099269,140.9980902,0.05242971465804709,0,71,surface,yes
way/438950074,54,82,54.45874217295417,81.58094782431766,43.212279,140.9987415,0.6313122208929212,1,23,surface,yes
way/438950078,54,82,54.417350861481964,81.56550910708428,43.2120722,140.9986646,0.6313122208929212,1,25,surface,yes
way/438950082,55,81,54.5739853839406,81.33411622146649,43.2128361,140.9974897,0.09986829722451326,0,76,surface,yes
way/438955490,54,82,53.894826059131915,81.70026045948407,43.2094828,140.9993612,0.6313122208929212,1,39,surface,customers
way/438955494,54,82,54.01769503541893,81.88602998609964,43.2101057,141.0002973,0.6313122208929212,1,37,surface,customers
way/438955511,54,81,54.24508554876216,81.49466129147733,43.2112111,140.9983112,0.05242971465804709,0,95,surface,yes
way/438955513,54,82,54.28109251018757,81.51121609451499,43.2113912,140.9983939,0.6313122208929212,1,23,surface,yes
way/438955568,54,82,54.31734478781889,82.41955821655387,43.21163,141.0029873,0.6313122208929212,1,27,surface,customers
way/438955597,54,82,53.73562960628109,81.68401383304426,43.2086902,140.9992836,0.6313122208929212,1,24,surface,customers
way/438955604,54,82,53.60736826678191,81.93438944393128,43.2080686,141.0005537,0.6313122208929212,1,34,surface,customers
way/438957869,54,83,54.17864187544481,82.76639384789178,43.2109627,141.0047456,0.07470991955273991,0,98,surface,yes
way/438957871,53,81,53.13047218664823,81.21778775599662,43.2056512,140.9969428,0.4465120704788513,1,25,surface,customers
way/438957874,53,81,52.96120695023673,81.25838327634598,43.2048122,140.997153,0.4465120704788513,1,24,surface,customers
way/439090044,48,89,48.05648808965696,88.68877438368645,43.180904,141.0348773,0.1476803416502512,1,33,surface,yes
way/439090045,48,89,48.022715797773536,88.61774490617204,43.1807315,141.034519,0.1476803416502512,1,22,surface,yes
way/439090046,48,89,47.9847287595839,88.5786207604295,43.1805401,141.0343222,0.1476803416502512,1,36,surface,yes
way/439090047,48,89,47.970624491659564,88.80248054893333,43.1804844,141.0354549,0.1476803416502512,1,30,surface,yes
way/439092339,48,88,48.22287152207747,88.25765645329419,43.1817035,141.0326919,0.12565321885648298,1,36,surface,yes
way/439092342,48,88,48.1971313710365,87.91609417393994,43.1815535,141.030965,0.12565321885648298,1,36,surface,yes
way/439092375,48,88,48.331969943118565,87.67342687974245,43.1822083,141.0297337,0.12565321885648298,1,31,surface,yes
way/439092397,49,86,48.97124558142177,85.74198719455337,43.1852624,141.019946,0.520606876928781,1,37,surface,yes
way/439094170,49,86,49.02227082790265,86.17319402631843,43.1855439,141.0221256,0.520606876928781,1,33,surface,yes
way/439094171,49,86,49.115340785286676,86.2606931987423,43.1860123,141.0225655,0.520606876928781,1,21,surface,yes
way/439094173,49,86,49.22635893674766,86.35995894382623,43.1865707,141.0230644,0.520606876928781,1,22,surface,yes
way/439094180,49,86,49.106631283018615,85.84653174486802,43.1859423,141.0204709,0.520606876928781,1,32,surface,yes
way/439094225,49,85,49.35912399870965,85.36032844532386,43.1871664,141.0180044,0.3930215557898083,1,39,surface,yes
way/439094226,49,85,49.34293856731901,85.41737307514272,43.1870896,141.0182934,0.3930215557898083,1,36,surface,yes
way/439094227,50,85,49.50110737768932,85.42446014045306,43.1878765,141.0183247,0.6565716979967059,1,38,surface,yes
way/439094231,49,85,49.16124133506897,85.28597406252977,43.1861777,141.017634,0.3930215557898083,1,30,surface,yes
way/439094245,49,85,48.94700493863694,84.8177585802464,43.1850823,141.0152719,0.3930215557898083,1,37,surface,customers
way/439094246,49,85,48.85445432673278,84.86551204374028,43.1846252,141.0155161,0.3930215557898083,1,40,surface,yes
way/439094250,49,85,48.70095180339732,84.9421793760695,43.1838669,141.0159083,0.3930215557898083,1,34,surface,customers
way/439097364,50,84,49.7020431588677,83.66528031439697,43.1887622,141.0094209,0.7475543070236179,1,35,surface,customers
way/439097370,50,84,49.724728331947844,83.79413467400707,43.1888833,141.010072,0.7475543070236179,1,40,surface,yes
way/439097380,50,83,50.114133889389564,83.43585328199819,43.1907964,141.0082486,0.8026393864706511,1,31,surface,yes
way/439097388,50,84,50.190721980819376,83.61722775765291,43.1911889,141.0091638,0.7475543070236179,1,35,surface,yes
way/439097397,50,84,49.89159818482318,83.70870591804866,43.1897075,141.0096351,0.7475543070236179,1,23,surface,yes
way/439097402,50,84,50.08144996987281,83.72923902108579,43.1906528,141.0097335,0.7475543070236179,1,31,surface,yes
way/439431039,24,180,23.665148015523478,180.39356491382466,43.0655368,141.4994261,0.26559233243780367,1,27,surface,yes
way/439431040,23,181,23.415485854141245,180.8848257662073,43.0643271,141.5019181,0.029198297062325015,0,95,surface,yes
way/439824314,49,82,49.49136879075902,82.49873328533023,43.1876395,141.0035265,0.26033433470587647,1,33,surface,yes
way/439824315,49,83,49.43052201599881,82.5040220576729,43.1873373,141.003555,0.13164016134786827,1,29,surface,customers
way/439824325,49,83,49.399208843920015,82.57996034980007,43.1871865,141.00394,0.13164016134786827,1,26,surface,yes
way/439825402,10,145,10.234000703793004,145.29986133049908,42.9964928,141.3223064,0.26669740475375303,1,35,surface,customers
way/439828827,49,83,49.38532107441424,83.33633858078419,43.1871662,141.0077662,0.13164016134786827,1,34,surface,yes
way/439828860,51,83,50.67279384591603,83.38378963398335,43.1935708,141.0079692,0.3205706002726672,1,40,surface,yes
way/439828867,51,83,50.90904344200531,83.17473511465921,43.194732,141.006905,0.3205706002726672,1,21,surface,yes
way/439828880,51,83,50.503152448201575,83.23464595751618,43.1927177,141.0072197,0.3205706002726672,1,39,surface,yes
way/439830104,51,83,51.276763006249816,82.64310174686985,43.1965261,141.0042054,0.3205706002726672,1,25,surface,yes
way/439830105,51,83,51.31370622348131,82.56260870607963,43.1967046,141.0037972,0.3205706002726672,1,24,surface,yes
way/439832461,28,181,27.815828958070323,180.53293005534476,43.0861837,141.5000117,0.22153985552500305,1,22,surface,yes
way/439832462,28,181,28.188849269786576,181.06628215534127,43.0880728,141.5026987,0.22153985552500305,1,23,surface,yes
way/440457103,23,176,22.802089687876826,175.90638140628488,43.0609563,141.4767545,0.47027701542531036,1,26,surface,yes
way/440457106,23,180,22.844048956068473,179.5084409490149,43.0613971,141.4949727,0.345084415781242,1,37,surface,yes
way/440534703,24,180,23.50154335493729,179.642207937919,43.0646749,141.4956304,0.26559233243780367,1,32,surface,yes
way/441747759,20,176,19.62232542678023,175.69768328299273,43.0451325,141.4757903,1.3828555385708803,1,39,surface,customers
way/441747760,20,176,19.601156154477092,175.52480873479186,43.0450161,141.4749165,1.3828555385708803,1,31,surface,yes
way/441748857,20,176,19.890725546104314,176.03694735482574,43.0464889,141.4774986,1.3828555385708803,1,36,surface,customers
way/441748858,20,176,19.942729318833827,176.13202246769933,43.0467536,141.477978,1.3828555385708803,1,25,surface,customers
way/441760825,21,177,20.892767013842473,177.2575366814504,43.0515499,141.4836436,1.5241942788174943,1,38,surface,customers
way/441901065,5,148,5.088339752960832,147.58413615771843,42.9710549,141.3340083,0.13780366361544388,1,40,surface,yes
way/441995102,7,148,6.911029898696047,147.95902261450854,42.9801418,141.3358521,0.08113646096996513,0,82,surface,customers
way/442008843,4,145,3.5425392716211683,145.03961216835592,42.9632049,141.3211824,0.012980954789031371,0,90,surface,customers
way/442012682,3,145,3.371946543946058,144.6194299142651,42.9623296,141.319062,0.05581555040436071,0,105,surface,customers
way/442778041,26,164,25.79497673532725,164.07703279875977,43.075075,141.416835,0.8618666066279214,1,30,surface,yes
way/442867917,5,114,4.727930603876689,113.67243567817762,42.9670771,141.1624915,0.12655445989950903,1,25,surface,customers
way/442867918,5,114,4.927852930504831,113.94318158485088,42.9680886,141.1638552,0.12655445989950903,1,21,surface,customers
way/442869549,5,114,5.496708944128872,113.63673012455101,42.9708973,141.1622888,0.12655445989950903,1,23,surface,yes
way/443418834,17,160,16.742488342932774,159.86119586640527,43.0297927,141.3957713,0.37918211570692834,1,14,surface,customers
way/443420909,18,158,17.508272848707232,157.60046672370217,43.0334546,141.3843144,0.6734404756001892,1,36,surface,customers
way/443878381,28,185,28.1846075077105,185.45834376320136,43.0883348,141.5249141,0.059214032601159136,0,97,surface,yes
way/443880595,28,184,28.196903059861235,184.02268318188482,43.0883034,141.5176521,0.2854795295203458,1,40,surface,customers
way/443880633,28,184,28.148516546849727,184.12021263136515,43.0880691,141.5181468,0.2854795295203458,1,22,surface,yes
way/443880636,28,184,28.23627699157397,184.32096633706158,43.0885184,141.5191597,0.2854795295203458,1,32,surface,yes
way/443902365,28,185,28.267112615998915,184.5487192939569,43.0886864,141.5203108,0.059214032601159136,0,99,surface,yes
way/443903200,28,184,28.302302457030457,184.15200762707173,43.0888358,141.5183032,0.2854795295203458,1,36,surface,yes
way/443903201,28,184,28.41544622039395,184.0593736434633,43.0893924,141.5178314,0.2854795295203458,1,20,surface,yes
way/443903230,28,184,28.394034713482228,184.24805980413225,43.0892981,141.5187864,0.2854795295203458,1,29,surface,yes
way/443904492,29,184,28.54444529196108,184.245454795314,43.0900458,141.5187689,0.1681104878202327,1,33,surface,yes
way/443911345,29,184,28.652088475586712,184.0760208728106,43.0905701,141.5179088,0.1681104878202327,1,29,surface,yes
way/443911346,29,184,28.68630913868466,184.49412324038494,43.0907672,141.5200226,0.1681104878202327,1,34,surface,yes
way/443911347,29,184,28.650844356677066,184.36592775791382,43.0905826,141.5193752,0.1681104878202327,1,24,surface,yes
way/443911354,28,184,28.484156193064585,184.34890704736654,43.0897527,141.5192939,0.2854795295203458,1,24,surface,customers
way/444081486,30,188,30.0518059651112,187.5196262179965,43.0977517,141.5352865,0.2884197165995008,1,32,surface,yes
way/444082835,30,187,30.21302368339958,187.27289773609942,43.0985374,141.5340339,0.1981530362425569,1,33,surface,yes
way/444082836,30,187,30.021018369363194,187.26334476714163,43.0975821,141.5339911,0.1981530362425569,1,36,surface,yes
way/444082837,30,187,30.23672159777323,187.00247373721405,43.0986378,141.5326654,0.1981530362425569,1,35,surface,yes
way/444082865,29,183,29.4746647265128,183.10023936233392,43.0945972,141.5129496,0.28115430986185025,1,22,surface,yes
way/444090052,29,183,28.98059629377391,182.91243929839092,43.0921285,141.5120139,0.28115430986185025,1,29,surface,yes
way/444092074,28,183,28.417793519128516,182.9505214603295,43.0893326,141.5122227,0.19517962915798537,1,26,surface,yes
way/444095455,28,183,28.38138801310014,182.8561083395055,43.0891455,141.5117462,0.19517962915798537,1,26,surface,yes
way/444095456,28,183,28.34725042385531,182.92961858422777,43.0889805,141.512119,0.19517962915798537,1,30,surface,yes
way/444095457,28,183,28.29291021169515,183.0535670664617,43.0887183,141.5127475,0.19517962915798537,1,21,surface,yes
way/444095458,28,183,28.171447477503843,183.24492696569732,43.0881267,141.5137189,0.19517962915798537,1,23,surface,yes
way/444096157,29,182,28.726857954523727,182.18684500531594,43.0908201,141.5083511,0.35709911892128887,1,23,surface,yes
way/444096159,29,182,28.629045416097306,182.36279973669315,43.0903451,141.5092439,0.35709911892128887,1,32,surface,yes
way/444096789,29,182,28.85153020303231,182.07525736301798,43.0914328,141.5077831,0.35709911892128887,1,29,surface,yes
way/444098121,28,185,27.839992201390174,185.0206443947862,43.0865931,141.5227101,0.059214032601159136,0,90,surface,yes
way/444099479,29,182,28.962232911503758,181.68532117073653,43.0919581,141.5058076,0.35709911892128887,1,25,surface,yes
way/444101200,29,187,29.11824192331309,186.78182517368487,43.0930623,141.5315815,0.09366708802081565,0,63,surface,yes
way/444104927,29,182,29.480459858411287,181.63698182288854,43.0945317,141.5055482,0.35709911892128887,1,35,surface,yes
way/444111484,30,182,30.02457075257896,182.42023607537044,43.0972876,141.5094943,0.1768582912068886,1,30,surface,yes
way/444111485,30,183,30.315249569936316,183.0469310182505,43.0987733,141.5126558,0.2582951876859244,1,30,surface,yes
way/444146264,17,169,16.610839134309572,168.88892261628595,43.02972,141.4414378,0.4205633519271465,1,20,multi-storey,yes
way/444146385,17,169,17.446728026591042,168.679677773867,43.0338627,141.4403554,0.4205633519271465,1,39,multi-storey,yes
way/444147079,17,169,16.67075748941427,168.97542279121916,43.0300235,141.4418736,0.4205633519271465,1,30,multi-storey,permissive
way/444223762,27,189,26.818660418484534,189.13112777555293,43.0817798,141.5435305,0.11926721185465992,0,72,surface,yes
way/444223968,28,186,27.71313181548747,186.31413695690316,43.0860457,141.5292563,0.049281346217143335,0,99,surface,yes
way/444223969,28,186,27.646734164074083,186.23254257232813,43.0857103,141.5288455,0.049281346217143335,0,72,surface,yes
way/444232009,27,188,26.756418868341147,187.87716901501378,43.0813895,141.5371897,0.030736889767044643,0,92,surface,yes
way/444233920,27,188,26.926866326395885,187.5235150546932,43.0822142,141.535396,0.030736889767044643,0,88,surface,yes
way/445053374,23,179,23.149469263451625,178.54492379233608,43.0628536,141.4900904,0.358719545734329,1,22,surface,yes
way/445053375,23,179,23.160450746933527,178.74658553499123,43.0629212,141.4911101,0.358719545734329,1,29,surface,yes
way/445053377,24,179,23.55803012649612,178.6529583698755,43.064892,141.4906251,0.3537018133386899,1,28,surface,yes
way/446029227,26,180,26.456089064509076,180.14454196889372,43.0793978,141.4980863,0.18806193336730295,1,40,surface,yes
way/447207318,19,168,19.213536617048305,167.7769763806259,43.0425894,141.4357387,0.7487234961325981,1,27,multi-storey,yes
way/447208509,18,167,18.086433964251277,167.12773442263784,43.0369434,141.4324872,0.1596003407379662,1,38,multi-storey,customers
way/447336749,18,163,17.804984019480983,162.89096726080632,43.0352709,141.4110655,0.8302282705529794,1,22,surface,customers
way/448154932,15,169,15.144168265297187,169.02461492620333,43.0224362,141.4421663,0.8970786307046796,1,25,surface,customers
way/448456655,34,190,33.913057856399945,189.87746973390563,43.1171025,141.5471016,0.5190104326702997,1,23,surface,yes
way/448456804,34,190,34.00454549603892,189.96446565224298,43.117563,141.547539,0.5190104326702997,1,24,garage_boxes,yes
way/448582923,18,153,17.567761095893434,152.54134760809973,43.0334243,141.3587234,0.3109167718172368,1,38,surface,customers
way/448582924,18,153,17.503426357916506,152.61091007793735,43.0331089,141.3590771,0.3109167718172368,1,119,surface,customers
way/448589087,17,154,16.876158975529005,154.17919520524862,43.0300911,141.3670276,0.3086069103347195,1,40,surface,customers
way/448632341,31,188,31.008186613406004,188.05498885031,43.1025415,141.5379669,0.8637586397563328,1,21,surface,yes
way/448747774,18,153,18.119623344922967,152.90661940772935,43.0361918,141.3605551,0.3109167718172368,1,13,surface,yes
way/448747781,18,153,18.38123931989107,152.65061582747228,43.0374761,141.3592527,0.3109167718172368,1,5,surface,yes
way/448747787,18,153,18.15262214051704,153.3243391924703,43.0363828,141.362667,0.3109167718172368,1,20,surface,customers
way/448750350,17,155,16.98694454497757,155.01783511382445,43.030696,141.3712663,0.23939272038690237,1,24,surface,customers
way/448750352,17,155,17.013955945851826,154.9556919218753,43.0308263,141.3709512,0.23939272038690237,1,24,surface,customers
way/448752461,17,155,17.44961474121795,154.65668820746828,43.0329732,141.3694263,0.23939272038690237,1,15,surface,yes
way/448752462,18,155,17.657743915649093,155.31676101951172,43.0340506,141.372759,0.2564808923104053,1,28,surface,customers
way/448755156,17,154,17.185267612934286,154.369364385275,43.0316403,141.3679806,0.3086069103347195,1,12,surface,yes
way/448755162,18,154,17.657183520322786,154.38877220627774,43.033988,141.3680652,0.6200237122418663,1,16,surface,yes
way/448896837,18,154,17.908837409730353,154.33962959361236,43.0352361,141.3678094,0.6200237122418663,1,43,surface,yes
way/448896838,18,154,18.17259421999897,154.04569867663744,43.0365286,141.3663151,0.6200237122418663,1,194,surface,yes
way/449050474,33,190,33.36214013261469,189.667401375936,43.1143497,141.5460549,0.7960364689049879,1,34,surface,yes
way/449052740,34,189,33.71235024974577,189.11653069691164,43.1160555,141.5432585,0.32660575626786376,1,20,surface,yes
way/449054506,31,188,31.294769402200696,187.52376426201351,43.1039322,141.5352717,0.8637586397563328,1,31,surface,yes
way/449146316,19,155,19.154991900542612,154.72594867310247,43.0414571,141.3697276,0.5023144253338354,1,39,surface,customers
way/449197571,27,185,26.52608279389145,185.36024746159225,43.080082,141.5244656,0.08360248922182931,0,94,surface,yes
way/449471044,21,154,20.684196216038483,154.32608306516627,43.0490348,141.3676611,0.6403177601571325,1,32,surface,customers
way/449479744,16,157,15.756787825197728,157.26522929705746,43.0247243,141.3826691,0.3574565960027292,1,37,surface,customers
way/449479745,17,157,16.842545469575466,157.19730026244162,43.0301185,141.3822943,0.20479402104520067,1,32,surface,yes
way/449479747,17,158,17.473890861321117,157.94261652533788,43.0333057,141.386046,0.1538936479259976,1,24,surface,yes
way/449479750,17,159,17.385349368776133,158.80436218661023,43.032921,141.3904073,0.802419086574315,1,24,surface,yes
way/449479753,17,157,17.108272141726616,156.61953611470187,43.0314025,141.3793643,0.20479402104520067,1,32,surface,customers
way/449616414,18,156,17.613365601627766,156.1740523027982,43.0338852,141.3770965,1.0337634369414868,1,32,surface,customers
way/449618826,18,155,17.877219285485076,154.79592994111132,43.0351083,141.3701183,0.2564808923104053,1,33,surface,yes
way/449618827,18,155,17.783949631772387,154.7983061233168,43.0346447,141.370133,0.2564808923104053,1,23,surface,yes
way/449618828,18,155,17.83986557910169,154.89567707240255,43.034929,141.3706239,0.2564808923104053,1,20,surface,yes
way/449625338,19,155,18.723219011376198,155.35818572480753,43.039351,141.3729379,0.5023144253338354,1,14,surface,yes
way/449625342,19,156,19.241082999738087,155.77535945341003,43.0419528,141.3750331,1.634713103218071,1,30,surface,customers
way/449783974,19,156,19.306163569728128,156.49381202754284,43.0423227,141.3786652,1.634713103218071,1,40,surface,yes
way/449783977,19,157,19.314142312981335,156.69749306176905,43.0423755,141.3796952,1.0752197821248572,1,22,surface,yes
way/449783978,19,156,19.225246147509225,156.03202835091568,43.0418906,141.3763318,1.634713103218071,1,4,surface,yes
way/449789548,20,155,20.06096251950043,155.19068153287884,43.0459917,141.3720522,0.8614153391076836,1,80,surface,yes
way/449789549,20,155,20.22234528926377,155.40596975766613,43.046808,141.3731365,0.8614153391076836,1,12,surface,yes
way/449789550,20,156,20.363989549045854,155.812761055834,43.0475385,141.37519,0.6516783082803138,1,13,surface,yes
way/449789551,19,156,19.079065877150708,156.40646058299683,43.0411879,141.3782299,1.634713103218071,1,10,surface,yes
way/450285373,20,155,19.592836691769175,155.35830398801758,43.0436749,141.3729135,0.8614153391076836,1,16,surface,yes
way/450285374,20,156,19.784890821226714,155.87297259550243,43.044663,141.3755112,0.6516783082803138,1,8,surface,yes
way/450285375,21,156,20.792948617150405,155.54497635495412,43.0496541,141.3738232,0.2545145235449998,1,38,surface,yes
way/450285376,21,155,20.932315270526853,155.2353722630495,43.0503271,141.3722532,0.4755583274337829,1,34,surface,customers
way/450293207,21,154,21.46780492874167,154.25718812006465,43.0529266,141.3672901,0.6403177601571325,1,16,surface,yes
way/450293208,21,154,21.27974345844268,154.24283357387466,43.0519906,141.3672229,0.6403177601571325,1,6,surface,yes
way/450293209,22,154,21.563650097975678,154.32143323888397,43.0534073,141.3676123,1.1675550797989342,1,10,surface,yes
way/450321431,20,157,19.989705040393815,157.26506721424207,43.0457711,141.3825466,0.4990386997212117,1,9,surface,yes
way/450321432,20,157,20.18277805001674,156.7252646112443,43.0466963,141.3798107,0.4990386997212117,1,37,surface,customers
way/450321433,21,157,20.549302943057707,156.96067857649663,43.0485339,141.3809909,0.7541529504786991,1,27,surface,customers
way/450321435,20,156,20.439944695679003,156.24310127722336,43.0479439,141.3773645,0.6516783082803138,1,21,street_side,yes
way/450321437,21,156,20.856013026826307,156.41120162371084,43.0500235,141.3782028,0.2545145235449998,1,34,surface,customers
way/450321438,21,156,20.753351454629787,156.2847792247353,43.0495049,141.3775663,0.2545145235449998,1,36,surface,customers
way/450775426,4,169,4.171451248134567,168.71715990346854,42.9678581,141.4409266,0.06247396807156236,0,111,surface,yes
way/450918429,21,156,20.936357272678855,155.5798361060674,43.0503694,141.3739954,0.2545145235449998,1,27,surface,yes
way/450918430,21,155,21.291128373568597,155.05568146282928,43.0520996,141.371334,0.4755583274337829,1,29,surface,yes
way/450918433,22,155,22.001089288821905,154.84854811539262,43.0556163,141.3702659,0.6166538619742926,1,8,surface,yes
way/450918434,22,154,21.90761907277964,153.9774051335921,43.0550954,141.3658623,1.1675550797989342,1,12,surface,yes
way/450918436,22,154,21.79354912791796,154.14769220169148,43.0545392,141.3667269,1.1675550797989342,1,6,surface,yes
way/450918437,22,154,21.954970492433503,154.23433429353952,43.0553474,141.3671605,1.1675550797989342,1,6,surface,yes
way/450918438,22,154,22.017246580985102,154.27393257775265,43.0556596,141.367359,1.1675550797989342,1,14,surface,yes
way/450918439,22,154,22.2076543625564,154.2763986445609,43.0566065,141.367366,1.1675550797989342,1,7,surface,yes
way/450924206,20,157,19.867557374733252,157.40221263255364,43.0451726,141.3832438,0.4990386997212117,1,23,surface,customers
way/450924209,19,159,18.933886545286356,158.656976313374,43.0406111,141.3896173,0.8018861755714632,1,26,surface,customers
way/451483154,19,158,19.382570832687065,157.65259724198148,43.0427773,141.3845242,1.3327517683844188,1,38,surface,customers
way/451557001,11,168,10.869517871616596,167.81160262912329,43.0011037,141.4361537,0.300464254029074,1,32,multi-storey,yes
way/451675120,25,153,25.184585760277912,152.84706894638796,43.0713162,141.3600508,9.392149637547679,1,21,surface,yes
way/452080015,8,172,7.501870804623734,171.777692966777,42.9846148,141.4563112,0.05399745853488546,0,93,surface,yes
way/452080035,7,172,7.217501819433214,172.251398111909,42.9832314,141.4587154,0.04240799708643397,0,61,surface,yes
way/452080036,7,172,7.143148686210381,172.3366804679949,42.9828672,141.4591489,0.04240799708643397,0,83,surface,yes
way/452080104,7,172,6.8166249744973495,171.8655532265243,42.9812133,141.4567753,0.04240799708643397,0,107,surface,yes
way/452080110,7,172,6.760291695121766,171.71039086494812,42.9809232,141.4559921,0.04240799708643397,0,64,surface,yes
way/452080111,7,172,6.679795574510701,171.60552561125024,42.9805162,141.455464,0.04240799708643397,0,70,surface,yes
way/452080112,7,172,6.777564457603553,171.51361483702237,42.9809964,141.4549963,0.04240799708643397,0,120,surface,yes
way/452080114,7,172,6.635587257997527,171.71120446356554,42.9803032,141.4559998,0.04240799708643397,0,114,surface,yes
way/452080115,7,172,6.516104089769017,171.95465099228693,42.9797248,141.4572346,0.04240799708643397,0,78,surface,yes
way/452080116,7,172,6.6947685567089135,172.0702164047411,42.9806206,141.457814,0.04240799708643397,0,91,surface,yes
way/452081905,25,152,25.292634488740113,151.83958750125078,43.0717885,141.3549518,5.7809547072218885,1,28,surface,yes
way/452081906,25,152,25.17306451023208,152.04473816479282,43.0712072,141.3559929,5.7809547072218885,1,34,surface,yes
way/452081907,25,153,25.31922954968183,153.22139691252323,43.0720098,141.3619403,9.392149637547679,1,10,surface,yes
way/452081908,26,153,25.605310348118707,153.40688801488767,43.0734442,141.3628703,9.572676198285254,1,26,surface,yes
way/452462549,26,154,25.837448848452222,153.85163885664096,43.0746271,141.3651132,2.836989843223346,1,15,surface,yes
way/452825603,26,152,26.31418808347837,152.37105010935022,43.0769021,141.3576106,7.150249807354117,1,29,surface,customers
way/452874968,26,154,26.247143694469344,153.54483641645473,43.0766444,141.3635496,2.836989843223346,1,40,surface,customers
way/452910973,11,169,10.846810864228381,169.10092244116925,43.0010739,141.4426758,0.3057026477077064,1,36,surface,yes
way/452953984,26,154,26.40522274081685,153.51540694077778,43.0774285,141.3633962,2.836989843223346,1,25,surface,yes
way/452958155,27,154,26.500433898526904,153.80853101673998,43.0779208,141.3648761,1.2983962815919272,1,29,surface,customers
way/452958161,26,154,26.27065694733164,153.98061202949881,43.0767894,141.3657531,2.836989843223346,1,26,surface,customers
way/452958162,26,154,26.16018789512149,154.00809779366807,43.0762419,141.3658953,2.836989843223346,1,22,surface,customers
way/452964780,27,157,26.716650515205636,156.5070430390237,43.0791698,141.3785191,1.6708979038396752,1,20,surface,customers
way/452964783,27,157,26.538610101180662,156.54347643315444,43.0782869,141.3787085,1.6708979038396752,1,31,surface,customers
way/452969018,26,152,26.32645600721409,151.76290154581625,43.0769239,141.3545342,7.150249807354117,1,13,surface,yes
way/452969020,26,152,26.365010323534378,152.11044801739132,43.077138,141.356291,7.150249807354117,1,4,surface,yes
way/452969021,26,152,26.43979741155636,152.17941721941452,43.0775143,141.3566377,7.150249807354117,1,13,surface,yes
way/452969022,27,152,26.585707247339858,151.99185379338064,43.0782277,141.3556848,1.984692977295159,1,27,surface,yes
way/452969023,27,152,26.557015658399813,152.47373397174346,43.0781161,141.358123,1.984692977295159,1,46,surface,yes
way/453335150,16,173,16.209277688256567,172.9139612579362,43.0279828,141.4618082,0.566972971177551,1,39,surface,yes
way/453335159,16,173,16.008123958390527,173.10435422151693,43.0269949,141.462777,0.566972971177551,1,38,multi-storey,yes
way/453335162,16,173,16.01724555914913,172.88475630406447,43.0270261,141.461666,0.566972971177551,1,28,multi-storey,yes
way/453335211,16,172,16.29125397664408,171.5393524463299,43.0283018,141.454853,0.15310538666082574,1,20,multi-storey,customers
way/453335332,16,172,15.998924237915825,172.2144732874729,43.0268918,141.4582762,0.15310538666082574,1,40,surface,yes
way/453335340,16,172,16.071431178829627,171.71152957193462,43.0272199,141.4557302,0.15310538666082574,1,30,multi-storey,yes
way/454419959,27,152,26.913614300098125,152.17629752519272,43.07987,141.3566083,1.984692977295159,1,23,surface,yes
way/454598463,28,156,27.840417249596364,155.5472079969962,43.0846955,141.3736319,0.6130306674518786,1,10,surface,yes
way/454598470,28,156,27.773683202486918,155.561379785816,43.0843646,141.3737055,0.6130306674518786,1,16,surface,yes
way/454598471,28,156,27.50711397744646,155.59286169619656,43.0830412,141.3738724,0.6130306674518786,1,25,surface,yes
way/454598472,27,156,27.430385347828558,155.50610782064007,43.0826541,141.3734358,1.2662340819998417,1,39,surface,yes
way/454601006,28,156,28.017773837638334,155.67678322921753,43.0855857,141.3742822,0.6130306674518786,1,17,surface,yes
way/454605481,28,156,27.849426095046773,155.84363809111844,43.0847594,141.375131,0.6130306674518786,1,26,surface,customers
way/454605482,28,156,27.692536674948506,156.01401790319053,43.0839903,141.3759973,0.6130306674518786,1,21,surface,customers
way/454615948,28,157,27.573837644242044,157.04407599125867,43.0834665,141.3812108,0.5858244325180972,1,31,surface,customers
way/454615950,28,157,27.581127152680406,157.18146277195174,43.0835116,141.3819055,0.5858244325180972,1,23,surface,customers
way/454615952,28,157,27.512035980687674,157.04079872960514,43.083159,141.381196,0.5858244325180972,1,30,surface,customers
way/454615954,28,157,27.510392919176326,157.1365179359839,43.083157,141.3816802,0.5858244325180972,1,24,surface,customers
way/454745937,18,148,17.79796485756328,147.55627031395937,43.0342476,141.333502,0.14088012794050686,1,29,surface,customers
way/455231225,29,153,28.595221440424062,152.54326480816258,43.0882549,141.3584161,0.9335822621154566,1,34,surface,yes
way/455231226,29,152,28.53629065385788,151.98340623586003,43.0879258,141.355586,0.9418278861222216,1,39,surface,yes
way/455231227,29,152,28.79844023858136,152.44956110703373,43.0892593,141.3579363,0.9418278861222216,1,30,surface,yes
way/455231228,29,153,28.644363005910925,153.14460547234708,43.088538,141.3614563,0.9335822621154566,1,33,surface,customers
way/455515953,15,178,14.63795940167781,178.0116408019103,43.0204985,141.4876377,0.1506811842545694,1,21,multi-storey,yes
way/455712000,16,175,16.172483769796425,174.62128682765527,43.0279099,141.470445,0.48110427056963256,1,39,surface,yes
way/456040127,18,175,18.260981753692455,174.57815487638055,43.0382915,141.4701668,0.6957124821679875,1,20,multi-storey,yes
way/456040163,18,174,18.248257714566417,174.34490981331567,43.0382132,141.4689874,0.7963893788741607,1,25,surface,yes
way/456419557,16,176,15.91910649283911,175.81493130010358,43.026727,141.4764898,0.2779628868917631,1,34,surface,yes
way/456792443,20,176,20.1135091509592,175.8737430724551,43.0475861,141.4766667,1.3828555385708803,1,31,surface,yes
way/457012109,21,176,20.63212585066823,176.40040986006088,43.0501987,141.4793157,0.6955202605458318,1,29,surface,yes
way/457352999,30,155,29.710886685275398,155.3920037629662,43.0939858,141.3727931,0.46816074421929493,1,35,surface,yes
way/457577812,30,155,29.76749150355033,155.10266852245815,43.0942486,141.371328,0.46816074421929493,1,12,surface,yes
way/457577817,30,155,29.792223000865445,155.39792266319515,43.0943906,141.3728207,0.46816074421929493,1,7,surface,yes
way/457577821,30,155,29.795789981599626,155.42684734080515,43.0944102,141.3729669,0.46816074421929493,1,15,surface,yes
way/458064135,29,135,28.7333931459316,135.01611802355444,43.0878122,141.2697589,0.09649301619663331,0,84,surface,yes
way/458064137,29,135,28.823299466292287,135.108739534602,43.0882652,141.2702248,0.09649301619663331,0,81,surface,yes
way/458095454,30,157,29.830659805008843,157.25170037033143,43.0947012,141.3821961,0.8484886651106135,1,35,surface,customers
way/458438204,31,182,31.220556957521836,181.5924629361038,43.1031809,141.505273,0.08009677699996175,0,106,surface,yes
way/458862475,30,150,29.79983061964005,150.47160340175367,43.0941109,141.3479029,0.29825041100947125,1,32,surface,yes
way/458862476,30,150,29.736748481156578,150.4243691408247,43.0937942,141.3476658,0.29825041100947125,1,12,surface,yes
way/460847081,56,153,55.6334847767157,152.78512600694643,43.2227095,141.3588622,0.06789995707556566,0,87,surface,yes
way/460847098,56,152,56.05509949720281,151.96528868536714,43.224753,141.3547033,-0.008849014894423803,0,82,surface,yes
way/460847120,57,151,56.54145540121218,151.1034907594026,43.2271157,141.3503303,0.053458965262185985,0,113,surface,yes
way/460847126,57,151,56.750959061818946,150.67390297162115,43.2281297,141.3481514,0.053458965262185985,0,81,surface,yes
way/460894874,128,159,128.05990543336614,158.8307498316037,43.5832161,141.3873593,0.019763566130410935,0,97,surface,yes
way/460894875,128,159,127.94813137906137,158.70911940564713,43.5826525,141.3867473,0.019763566130410935,0,64,surface,yes
way/461205964,8,194,7.847372454710417,194.221297993849,42.9877793,141.5698222,0.17197392605995057,1,23,surface,customers
way/461207604,8,193,7.862541289191135,192.53450964911224,42.987746,141.5612899,0.05618705528459187,0,88,surface,yes
way/461315356,30,153,30.375431702168118,153.0332309066222,43.097138,141.3608432,0.5530855726477034,1,78,surface,yes
way/461315357,30,153,30.25948293095012,152.89852825424973,43.0965528,141.3601652,0.5530855726477034,1,89,surface,yes
way/463554695,31,155,31.364572494007206,154.9464641264177,43.1021795,141.370492,0.6330108603589664,1,5,surface,yes
way/463554696,32,155,31.72333283868111,154.64362286062257,43.1039438,141.3689499,0.5548404808611693,1,12,surface,yes
way/463554697,32,155,31.94681440768723,155.05026637652563,43.1050812,141.3710003,0.5548404808611693,1,33,surface,yes
way/464254393,31,153,31.36873959515082,152.52276838904447,43.102044,141.3582327,0.5430058453388141,1,12,surface,yes
way/464269607,31,158,30.631657696161273,157.70779006861451,43.0987133,141.38448,0.3332591845182289,1,39,surface,customers
way/464269609,31,158,30.63443287619285,157.60231069146266,43.0987203,141.3839464,0.3332591845182289,1,36,surface,customers
way/465985180,33,150,32.51183184899325,149.9123287884096,43.1075594,141.3449961,0.987802114816739,1,27,surface,customers
way/466033871,34,175,33.51348192644141,174.51735104497936,43.1141257,141.4694208,0.041820899637017954,0,106,surface,yes
way/466038821,32,151,31.706120662012452,151.37440118268427,43.1036475,141.3524145,0.7602141051284225,1,33,surface,customers
way/466038908,32,151,31.65181728485081,151.03317083276795,43.1033555,141.3506901,0.7602141051284225,1,35,surface,customers
way/466071414,31,184,31.027537848788636,184.02089789423016,43.1023777,141.5175617,0.4108456357912286,1,29,surface,yes
way/467376883,24,180,23.716031640883973,179.70777976020167,43.0657456,141.4959559,0.26559233243780367,1,32,surface,yes
way/467377003,24,180,24.122947345414552,180.49039269136796,43.0678193,141.4999027,0.26559233243780367,1,33,surface,yes
way/467377254,23,180,23.277677422882157,179.94320614222335,43.0635812,141.4971593,0.345084415781242,1,31,surface,yes
way/467377323,23,179,23.124610604833705,179.43704293010953,43.0627875,141.4946035,0.358719545734329,1,38,surface,yes
way/467377509,32,183,32.04156115593318,183.1520356720837,43.1073636,141.5131378,0.04202468904391114,0,101,surface,yes
way/467377512,23,180,23.303125259321035,179.50986376689116,43.0636798,141.4949667,0.345084415781242,1,27,surface,yes
way/467377612,29,186,29.434547664340265,185.74656358818433,43.0945683,141.526336,0.10737604049292392,0,90,surface,yes
way/467377674,24,180,23.594963645446818,179.93850487923277,43.0651585,141.4971264,0.26559233243780367,1,35,surface,yes
way/467378207,23,180,23.160080823444304,180.269185272986,43.0630175,141.4988115,0.345084415781242,1,22,surface,yes
way/467378461,34,185,33.54159242602619,184.9576357946751,43.1149384,141.5222275,0.21302827074393155,1,30,surface,yes
way/467378583,27,180,26.503487687342222,180.32646228990015,43.0796452,141.4990051,0.20058144152135662,1,36,surface,yes
way/467378922,26,180,26.057831508437026,179.68386102601107,43.0773879,141.4957676,0.18806193336730295,1,36,surface,yes
way/467378923,32,183,32.17061690567884,183.14446553691025,43.1080048,141.5130958,0.04202468904391114,0,120,surface,yes
way/467378935,26,180,26.126259478575392,179.78104606813062,43.0777344,141.4962572,0.18806193336730295,1,33,surface,yes
way/467379013,26,180,26.19371126301263,179.8775138259517,43.078076,141.4967432,0.18806193336730295,1,39,surface,yes
way/467379014,30,186,29.925807422793305,186.20377945383308,43.0970404,141.5286345,0.20570913548771186,1,21,surface,customers
way/467379097,26,180,26.263453492154397,179.96640274612804,43.0784285,141.4971908,0.18806193336730295,1,30,surface,yes
way/467379108,26,180,26.326412945061783,180.24651250215155,43.0787596,141.4986058,0.18806193336730295,1,39,surface,yes
way/467379230,32,195,32.41882346934843,195.04535730148706,43.110006,141.573284,0.03349155935405262,0,93,surface,yes
way/467379270,27,181,26.79106621346624,180.61362158510238,43.0810936,141.5004493,0.11945088261823528,0,84,surface,yes
way/467379271,30,186,30.049419593197435,186.35859267129075,43.097665,141.529414,0.20570913548771186,1,34,surface,yes
way/467379272,32,183,32.22958221041055,183.0624567053497,43.1082927,141.5126793,0.04202468904391114,0,91,surface,yes
way/467379380,32,195,32.387362222005734,195.0318729829839,43.1098487,141.5732167,0.03349155935405262,0,74,surface,yes
way/467379487,32,183,32.09386471670133,183.35430789707146,43.1076367,141.5141594,0.04202468904391114,0,92,surface,yes
way/467379488,27,181,26.792472157062527,180.7316789637068,43.0811082,141.5010464,0.11945088261823528,0,76,surface,yes
way/467379489,32,195,32.36748677432123,195.07568997741762,43.1097527,141.5734389,0.03349155935405262,0,66,surface,yes
way/467379585,27,181,27.113215658292916,181.1274083794002,43.0827285,141.5030388,0.11945088261823528,0,74,surface,yes
way/467379636,32,183,32.12798926748117,183.12510524318114,43.1077916,141.5129991,0.04202468904391114,0,88,surface,yes
way/467379712,32,183,32.042128080026266,182.9453980958131,43.1073531,141.5120926,0.04202468904391114,0,71,surface,yes
way/467379785,27,181,26.992507593614686,181.24038271255384,43.0821356,141.5036137,0.11945088261823528,0,68,surface,yes
way/467379823,31,197,30.843702307007174,196.8152719761163,43.1022883,141.5822816,0.023095508548161076,0,94,surface,yes
way/467379834,32,183,32.11879315444026,182.79812873141853,43.1077248,141.5113455,0.04202468904391114,0,78,surface,yes
way/467379835,27,181,27.025349065708525,181.1861808364555,43.0822954,141.5033386,0.11945088261823528,0,86,surface,yes
way/467379970,27,181,26.935186265555583,181.19246945536779,43.0818475,141.503373,0.11945088261823528,0,68,surface,yes
way/467380008,27,181,26.966743353900437,181.13960467074608,43.082001,141.5031047,0.11945088261823528,0,84,surface,yes
way/467380009,32,183,32.281616494723586,182.73317894021216,43.1085302,141.5110123,0.04202468904391114,0,93,surface,yes
way/467380028,27,181,26.881270485758318,181.24178688120384,43.0815826,141.503624,0.11945088261823528,0,78,surface,yes
way/467380032,32,195,32.31293019795511,195.11393230650862,43.1094839,141.5736339,0.03349155935405262,0,84,surface,yes
way/467380037,32,195,32.24333794092752,195.03054042521936,43.1091325,141.5732141,0.03349155935405262,0,61,surface,yes
way/467380039,33,195,32.6306469044078,194.72849406291886,43.1110388,141.5716752,0.36486289080955003,1,33,surface,yes
way/467380396,32,183,32.363665127820354,182.88894216903256,43.1089482,141.5117978,0.04202468904391114,0,61,surface,yes
way/467380398,27,181,27.22857548366469,181.0779261235689,43.0832989,141.5027852,0.11945088261823528,0,118,surface,yes
way/467380410,27,181,27.229312465433463,180.91247137206219,43.0832919,141.5019483,0.11945088261823528,0,99,surface,yes
way/467380433,31,185,31.025812686446063,184.8024932674213,43.1024195,141.5215151,0.3153801296465021,1,24,surface,yes
way/467380434,27,181,27.13330725151322,180.89160172247838,43.0828132,141.5018455,0.11945088261823528,0,100,surface,yes
way/467380437,31,197,30.65941651672781,196.85097791028898,43.1013743,141.5824675,0.023095508548161076,0,73,surface,yes
way/467380451,26,180,26.422370400452376,179.844412760765,43.0792108,141.4965692,0.18806193336730295,1,33,surface,yes
way/467380466,26,180,26.324140208342747,179.76866745276365,43.0787175,141.4961889,0.18806193336730295,1,24,surface,yes
way/467380584,26,180,26.34528870379087,179.61888805325975,43.078813,141.4954307,0.18806193336730295,1,21,surface,yes
way/467380644,27,180,27.448738717303144,180.01687126485524,43.0843252,141.497412,0.20058144152135662,1,22,surface,yes
way/467380652,27,180,27.431500670253858,179.94411687369885,43.0842348,141.4970445,0.20058144152135662,1,26,surface,yes
way/467380813,29,189,29.150615812165746,189.0396962994632,43.0933688,141.543001,0.32496822970167144,1,38,surface,yes
way/467380932,31,197,31.296978930882887,197.09963635891904,43.1045604,141.5837069,0.023095508548161076,0,92,surface,yes
way/467380938,29,187,29.403863735344967,186.61640785734568,43.0944718,141.5307366,0.09366708802081565,0,79,surface,yes
way/467380940,27,184,27.229117841859242,184.0024935687334,43.0834901,141.5175778,0.19272959855989613,1,28,surface,customers
way/467380941,27,183,27.483138354862408,183.4760067642484,43.0847192,141.5149075,0.17028767030862,1,24,surface,yes
way/467380943,29,186,29.31108237578601,185.57111085021583,43.0939431,141.5254521,0.10737604049292392,0,80,surface,yes
way/467380944,31,186,30.710194571469003,186.07018023275342,43.1009319,141.5279362,0.2413939757209672,1,39,surface,yes
way/467380949,29,188,29.362037260635567,188.37218198205537,43.094377,141.5396186,0.16096068585040074,1,40,surface,yes
way/467380955,33,186,32.887372830983395,185.95825682798218,43.11175,141.5273075,0.11121308578118923,0,79,surface,yes
way/467380956,33,188,33.23305202821428,187.66055964215414,43.1135785,141.5359079,0.40129243072417387,1,28,surface,yes
way/467380957,34,187,33.56051698805016,187.37798316760228,43.1151885,141.5344692,0.3269729452603698,1,24,surface,yes
way/467381226,29,189,29.345882693711143,188.72938183883716,43.0943197,141.5414258,0.32496822970167144,1,37,surface,yes
way/467381612,32,186,32.091422777907255,185.68370836744302,43.1077747,141.5259417,0.24602660940797233,1,27,surface,yes
way/467381613,32,186,32.16479957907058,185.63185230244477,43.1081362,141.5256773,0.24602660940797233,1,30,surface,yes
way/467381614,32,185,31.92154142423095,185.42430349832998,43.1069133,141.5246345,0.3134518200869899,1,36,surface,yes
way/467381615,32,185,31.970449933335132,185.35166801864486,43.1071518,141.5242657,0.3134518200869899,1,37,surface,yes
way/467381616,32,185,31.873498931920597,185.49994900900353,43.1066793,141.5250185,0.3134518200869899,1,23,surface,yes
way/467381617,32,185,32.02545981249354,185.34672171241778,43.107425,141.5242391,0.3134518200869899,1,24,surface,yes
way/467382235,32,184,31.58447190829337,184.41381784420497,43.1051722,141.5195331,0.21059575012464,1,37,surface,yes
way/467382236,31,185,30.83217595289923,184.92189370627545,43.1014644,141.5221246,0.3153801296465021,1,21,surface,yes
way/467382238,31,185,31.193125050489325,185.4152211124916,43.1032909,141.5246095,0.3153801296465021,1,28,surface,yes
way/467382239,31,184,31.329344951641474,184.15993872145498,43.1038873,141.5182563,0.4108456357912286,1,28,surface,yes
way/467382407,33,189,32.758971732539344,189.22926064943522,43.1113224,141.5438561,0.567813396049885,1,27,surface,yes
way/467382532,33,189,32.86745421854614,189.37829399001072,43.1118714,141.5446068,0.567813396049885,1,36,surface,yes
way/467382722,29,185,29.02482276778035,185.1449727503733,43.0924923,141.5233049,0.17297292039130546,1,25,surface,yes
way/467382723,29,185,29.023128395267026,184.95918015287847,43.0924719,141.5223652,0.17297292039130546,1,31,surface,customers
way/467382724,30,183,30.464570247695427,183.06634410240088,43.099517,141.5127497,0.2582951876859244,1,24,surface,yes
way/467382725,28,184,28.352160158592394,184.01235569859887,43.0890747,141.5175954,0.2854795295203458,1,30,surface,yes
way/467382743,33,190,32.86747060065326,189.74007364366994,43.1118948,141.5464367,0.7960364689049879,1,28,surface,yes
way/467382904,33,190,33.02586318156439,189.62905328108576,43.1126752,141.5458706,0.7960364689049879,1,39,surface,yes
way/467382975,33,190,32.94825655705092,189.52469871049522,43.1122826,141.545345,0.7960364689049879,1,26,surface,yes
way/467383431,36,183,35.69117753110217,182.71706835926852,43.1254821,141.5108328,0.010165718234983719,0,88,surface,yes
way/467383432,36,183,35.61661069470292,182.7831523887805,43.1251156,141.5111692,0.010165718234983719,0,84,surface,yes
way/467383434,36,182,35.79122437462459,182.4820126648149,43.1259644,141.509641,0.03590924367983232,0,110,surface,yes
way/467383437,36,182,36.25673052706206,182.24031519605663,43.1282634,141.5084051,0.03590924367983232,0,62,surface,yes
way/467383438,36,181,35.76639079734426,181.43751700145174,43.1257736,141.5043586,0.021456928204455453,0,65,surface,yes
way/467383960,35,184,35.45032310329003,183.83522132224303,43.1243566,141.5164954,0.04938044239455353,0,74,surface,yes
way/467383961,35,184,35.02598343025863,183.59151128770498,43.122231,141.5152749,0.04938044239455353,0,106,surface,yes
way/467383962,35,184,34.93475927181152,183.6548514084902,43.1217815,141.5155979,0.04938044239455353,0,82,surface,yes
way/467383963,35,184,34.86060398955411,183.6922903873129,43.1214152,141.5157894,0.04938044239455353,0,70,surface,yes
way/467383964,35,184,34.78646128644293,183.87304546771318,43.1210582,141.5167058,0.04938044239455353,0,76,surface,yes
way/467383965,34,184,34.35153612399735,183.71207393976542,43.1188853,141.5159041,0.02703499020058553,0,82,surface,yes
way/467383966,35,185,34.641185463930285,185.2358078977688,43.1204237,141.5236029,0.2122560954746307,1,25,surface,yes
way/467383967,35,185,34.81683555558271,185.43806939548668,43.1213101,141.5246209,0.2122560954746307,1,37,surface,yes
way/467383968,35,185,34.88756409448336,185.43690949745624,43.1216617,141.524613,0.2122560954746307,1,37,surface,yes
way/467383969,35,185,34.82745289751322,185.48474846995884,43.1213659,141.5248567,0.2122560954746307,1,27,surface,yes
way/467383970,35,186,34.867478831039286,185.5108752437026,43.1215666,141.5249877,0.09119325207983998,0,102,surface,yes
way/467383971,35,185,34.90689615255947,185.33881951515966,43.1217515,141.5241163,0.2122560954746307,1,20,surface,yes
way/467383972,35,185,34.832985387033155,185.28913148735765,43.1213808,141.5238671,0.2122560954746307,1,25,surface,yes
way/467383973,35,185,35.1620207108117,185.40515608580668,43.1230243,141.5244445,0.2122560954746307,1,25,surface,yes
way/467383974,35,185,35.36382445771311,185.13669328866547,43.1240104,141.5230808,0.2122560954746307,1,28,surface,yes
way/467383975,35,185,35.30752700504339,185.2595828132911,43.1237384,141.523704,0.2122560954746307,1,35,surface,yes
way/467384512,32,188,31.876943675423103,188.1075334697253,43.1068645,141.5382077,0.8025682544444261,1,39,surface,yes
way/467384755,32,189,31.511546960272533,188.51272820708854,43.1050738,141.5402677,0.7970381759152524,1,30,surface,yes
way/467384891,32,189,31.53573521780651,188.7785212821422,43.1052112,141.5416114,0.7970381759152524,1,28,surface,yes
way/467385438,21,177,20.660000371872798,177.315821733107,43.0503963,141.4839451,1.5241942788174943,1,28,surface,yes
way/467385480,21,177,20.74963040628579,177.406484398887,43.0508478,141.4844011,1.5241942788174943,1,37,surface,customers
way/467386033,32,189,31.681292006220495,189.01536821243033,43.1059502,141.5428052,0.7970381759152524,1,39,surface,yes
way/467386034,32,189,31.723130012455982,189.08167884969407,43.1061625,141.5431394,0.7970381759152524,1,35,surface,yes
way/467386035,32,189,31.81461325676753,188.96887452232937,43.1066101,141.5425662,0.7970381759152524,1,33,surface,yes
way/467386036,32,189,31.964428448557204,189.1192499124763,43.1073647,141.5433225,0.7970381759152524,1,25,surface,yes
way/467386037,32,189,32.050346311298426,189.28527622691092,43.1078026,141.5441598,0.7970381759152524,1,26,surface,yes
way/467386038,32,189,32.14052627508951,189.3986780416092,43.1082583,141.5447308,0.7970381759152524,1,33,surface,yes
way/467386531,33,191,33.28664268989936,191.1721168335051,43.1140713,141.553668,0.6231970530701286,1,36,surface,yes
way/467386685,33,191,33.231686718557704,191.12170617141257,43.1137948,141.5534146,0.6231970530701286,1,26,surface,yes
way/467387055,32,191,32.10565583331136,191.27412272388736,43.1082058,141.5542179,0.33793956841977457,1,36,surface,customers
way/467387056,32,191,32.122312636459434,191.39792112713445,43.1082966,141.5548436,0.33793956841977457,1,33,surface,yes
way/467387072,32,192,32.43997237260217,191.51334727299212,43.1098835,141.5554183,0.16085956083885586,1,26,surface,yes
way/467387527,34,190,33.81646478823965,190.34411639932634,43.1166523,141.5494647,0.5190104326702997,1,20,surface,yes
way/467388019,31,190,30.72300452136494,190.0777243133839,43.1012539,141.5482062,0.20574811255702724,1,33,surface,yes
way/467388561,33,186,32.64802664075825,186.30999689455504,43.1105826,141.5290935,0.11121308578118923,0,67,surface,yes
way/467388562,32,187,32.455633106912494,186.5631119876523,43.1096423,141.5303793,0.23917588173173696,1,37,surface,yes
way/467389107,31,188,31.314326858679674,188.1529910683221,43.10407,141.5384538,0.8637586397563328,1,28,surface,yes
way/467389129,30,182,29.677137858681046,182.06025812392974,43.0955369,141.5076835,0.1768582912068886,1,31,surface,yes
way/467390139,32,196,31.525901525786534,195.66850858916686,43.1056064,141.5764616,0.1247226230520623,0,81,surface,yes
way/467390140,31,196,31.42324128005624,195.62110870735117,43.1050929,141.5762248,0.019218419801930103,0,92,surface,yes
way/467390141,31,196,31.415193862011964,195.51115901115136,43.1050458,141.5756689,0.019218419801930103,0,79,surface,yes
way/467390555,32,188,32.21241185187803,187.90728711419618,43.1085196,141.5371852,0.8025682544444261,1,37,surface,yes
way/467390838,32,195,32.325893261679326,194.98741575388775,43.1095402,141.5729936,0.03349155935405262,0,73,surface,yes
way/467392260,22,178,21.550958111135223,177.53924994647545,43.0548407,141.4850496,0.7388742899665696,1,32,surface,customers
way/467392595,29,189,28.928369445311173,188.7797961223606,43.092247,141.5416928,0.32496822970167144,1,21,surface,yes
way/467397271,29,186,28.531583239164977,185.52002248771657,43.090064,141.5252161,0.10737604049292392,0,112,surface,yes
way/467397273,28,185,27.872700857489153,185.4110990728072,43.0867809,141.5246841,0.059214032601159136,0,92,surface,yes
way/467397275,28,185,28.236142981010065,184.86500896292185,43.0885528,141.5219115,0.059214032601159136,0,109,surface,yes
way/467397277,28,184,28.462380397665143,184.17782816357098,43.0896334,141.5184292,0.2854795295203458,1,21,surface,yes
way/467397278,29,185,29.044140119038747,184.50345218112844,43.092547,141.5200595,0.17297292039130546,1,35,surface,yes
way/467397280,28,184,28.163043268146176,184.3431675323382,43.0881557,141.5192741,0.2854795295203458,1,21,surface,yes
way/467397282,29,186,28.888691743248334,185.56801833291183,43.0918427,141.5254486,0.10737604049292392,0,103,surface,yes
way/467397283,29,185,28.86725594923737,185.14729984302772,43.091709,141.5233212,0.17297292039130546,1,25,surface,yes
way/467397285,29,185,28.76837239066859,185.30347803228295,43.0912274,141.524114,0.17297292039130546,1,26,surface,yes
way/467397287,29,184,28.99639192899378,184.29264523833004,43.092296,141.5189946,0.1681104878202327,1,36,surface,yes
way/467398687,31,185,30.84387294133324,184.8883899501692,43.1015204,141.5219548,0.3153801296465021,1,35,surface,yes
way/467398688,31,185,31.103933583711065,185.4784541628464,43.1028515,141.5249319,0.3153801296465021,1,21,surface,yes
way/467399709,35,187,35.200955043464866,187.0452377697657,43.1233236,141.532739,0.12041495618379143,0,84,surface,yes
way/468265114,27,182,26.832144987687823,181.61352834511126,43.0813623,141.5055057,0.5302663500389176,1,23,surface,yes
way/468265392,27,181,26.75139557357494,181.43201159689684,43.0809491,141.5045899,0.11945088261823528,0,94,surface,yes
way/471691682,17,181,16.931755383844422,180.89026611170027,43.0320892,141.502132,0.11407962184800707,0,92,surface,yes
way/471691683,17,181,17.024761670328274,181.06955914597742,43.0325632,141.5030362,0.11407962184800707,0,73,surface,yes
way/472273350,34,198,33.56513396399357,198.0093146999756,43.1158967,141.5882429,0.07591247963003149,0,65,surface,yes
way/472274722,24,179,24.4710004504966,179.20916936623746,43.0694673,141.4934122,0.3537018133386899,1,27,surface,yes
way/472276629,24,179,24.30841427961244,179.01844897808917,43.0686466,141.4924522,0.3537018133386899,1,28,surface,yes
way/472276633,25,180,24.747806120697508,179.93018938836036,43.0708901,141.4970512,0.25659227046206706,1,35,surface,yes
way/472276635,25,180,24.95020390989604,180.27062044799362,43.0719184,141.4987673,0.25659227046206706,1,31,surface,yes
way/472276636,25,180,25.103752322095623,180.24626600104642,43.0726803,141.4986397,0.25659227046206706,1,36,surface,yes
way/472280290,26,178,26.367723737257805,178.48707791246682,43.0788516,141.4897053,0.22348685595719467,1,35,surface,yes
way/472282436,31,186,30.565733456472984,185.80931842633058,43.1001968,141.5266209,0.2413939757209672,1,33,surface,yes
way/472282990,30,186,29.77781612330826,185.93597792514953,43.0962873,141.5272842,0.20570913548771186,1,28,surface,yes
way/472282991,30,186,29.570625261781355,185.98391021861238,43.0952602,141.5275326,0.20570913548771186,1,39,surface,yes
way/472283997,29,186,29.382165794124493,185.7939126860917,43.0943109,141.526577,0.10737604049292392,0,87,surface,yes
way/472283998,29,186,29.301220089223136,186.04333143531215,43.0939245,141.5278409,0.10737604049292392,0,93,surface,yes
way/472283999,29,186,29.316007848765576,185.70158430662386,43.093976,141.5261119,0.10737604049292392,0,74,surface,yes
way/472284000,29,186,29.174650289391113,185.55659500622687,43.0932638,141.5253826,0.10737604049292392,0,66,surface,yes
way/472287442,29,183,28.733761250501175,183.46332414055541,43.0909367,141.5148074,0.28115430986185025,1,38,surface,yes
way/472287443,28,183,28.484912460342027,183.00129780444863,43.0896696,141.5124776,0.19517962915798537,1,39,surface,yes
way/472321884,32,191,31.559056523727627,190.57422633889541,43.1054429,141.5506935,0.33793956841977457,1,40,surface,yes
way/472324075,31,189,31.36915115885265,189.30734366215083,43.104417,141.544291,0.33486479854879175,1,28,surface,yes
way/472324076,31,189,31.493624837920564,189.4112133126084,43.1050426,141.5448128,0.33486479854879175,1,27,surface,yes
way/472324077,31,189,31.428360612975926,188.62625188327291,43.1046675,141.5408443,0.33486479854879175,1,34,surface,yes
way/472324078,31,189,31.458601518857854,188.6718167151305,43.1048208,141.5410739,0.33486479854879175,1,37,surface,yes
way/472324186,32,189,31.558355382526916,188.50435454209205,43.105306,141.540224,0.7970381759152524,1,22,surface,yes
way/472329519,31,188,31.38763350413326,188.24152460731602,43.1044402,141.5388995,0.8637586397563328,1,23,surface,yes
way/472329520,31,188,31.355772910982395,187.82909000281012,43.1042552,141.5368143,0.8637586397563328,1,33,surface,yes
way/472329521,31,188,31.308746907969095,187.70685880388112,43.1040135,141.5361974,0.8637586397563328,1,36,surface,yes
way/472329522,31,188,31.156626734157012,187.60862477488652,43.1032508,141.5357049,0.8637586397563328,1,29,surface,yes
way/472329523,31,188,31.15436495856759,187.7412123639905,43.1032481,141.5363756,0.8637586397563328,1,34,surface,yes
way/472329524,31,188,31.09053746590596,187.69096875783447,43.1029275,141.5361233,0.8637586397563328,1,21,surface,yes
way/472329525,31,188,31.0043818876755,187.66894908841678,43.1024977,141.5360144,0.8637586397563328,1,22,surface,yes
way/472329526,31,188,30.70767253743836,187.87050309506898,43.1010354,141.5370424,0.8637586397563328,1,26,surface,yes
way/472329716,31,188,30.699556589804864,188.02958936439708,43.1010053,141.5378473,0.8637586397563328,1,30,surface,yes
way/474926521,25,155,25.2382319275441,155.03404549258332,43.0717239,141.3711111,2.2712273267936425,1,30,rooftop,yes
way/476313057,33,159,32.6194059251955,158.75294335405172,43.1086641,141.3897093,0.5292533889438357,1,30,surface,yes
way/476313059,33,159,33.351590072813714,159.4612095324305,43.1123503,141.3932707,0.5292533889438357,1,32,surface,yes
way/478003218,32,135,31.72868737867681,134.91169112157465,43.1026986,141.2691446,0.8929842596969009,1,37,surface,yes
way/478003352,32,135,31.520472505243536,135.44820485583088,43.1016979,141.2718643,0.8929842596969009,1,27,surface,yes
way/478003671,32,136,32.17418735982179,136.10470097181658,43.1049906,141.2751661,0.32050262079994823,1,20,surface,yes
way/479889855,15,157,15.485596064483717,156.9272146687635,43.0233541,141.3809672,0.5750980791610031,1,20,surface,yes
way/479972442,33,150,33.04767915411958,149.88708262090674,43.1102221,141.344853,0.987802114816739,1,30,surface,customers
way/479977925,34,151,34.06095841274112,150.8024009038728,43.1153193,141.3494536,0.8544807968398327,1,33,surface,customers
way/479981708,15,158,15.416941046117028,157.86220426379035,43.023073,141.3856984,0.17876337869890926,1,25,surface,yes
way/480438412,31,133,30.601061254636143,132.54967233919092,43.0969396,141.2572298,0.030718876671658464,0,105,surface,yes
way/480456719,16,157,15.567362592657977,157.21334267621083,43.0237791,141.3824121,0.3574565960027292,1,32,surface,yes
way/480456724,15,157,15.486232593576593,157.30631676567452,43.0233817,141.3828847,0.5750980791610031,1,21,surface,yes
way/480456725,16,157,15.578043334758975,157.3807998221031,43.023843,141.3832588,0.3574565960027292,1,26,surface,yes
way/480577885,35,163,34.72254423552611,162.99970775727616,43.119395,141.4111292,0.18655650817873332,1,23,surface,yes
way/480577889,35,163,34.7594342611092,163.22585417505496,43.119593,141.412272,0.18655650817873332,1,37,surface,yes
way/480577890,35,163,34.995332518671106,163.37126215110226,43.1207753,141.4130007,0.18655650817873332,1,30,surface,yes
way/480577891,34,163,33.707726917864264,163.0842715072322,43.1143546,141.4115861,0.09421057351337177,0,60,surface,yes
way/480577892,34,164,33.62988873294124,163.66025652657163,43.1140047,141.4145017,0.06308432170802482,0,84,surface,yes
way/480577893,34,164,33.95036228031704,164.16058988675854,43.1156304,141.4170232,0.06308432170802482,0,110,surface,yes
way/480577894,34,163,34.06388365118339,162.93418175215987,43.1161158,141.4108167,0.09421057351337177,0,116,surface,yes
way/480583556,34,163,34.25089553361599,163.1582750929911,43.1170601,141.4119448,0.09421057351337177,0,67,surface,yes
way/480583570,34,165,34.317894087002834,164.6689604796879,43.1174906,141.419584,0.0924402370180299,0,92,surface,yes
way/480583600,35,164,34.92283133483272,163.60690934442593,43.12043,141.4141947,0.09708067858065675,0,70,surface,yes
way/480879530,9,154,9.32701830447569,153.76585253497356,42.9925288,141.3651539,0.033798214199935804,0,100,surface,yes
way/480981854,20,156,19.792929502998,156.04875785802537,43.0447143,141.3764001,0.6516783082803138,1,31,surface,yes
way/481297922,34,154,33.56239077321038,153.83654659090135,43.1130359,141.3648148,0.3061312230676039,1,24,surface,customers
way/481364422,16,156,15.960629586973615,156.23292677355792,43.0256713,141.3774418,1.1811473753592332,1,31,surface,yes
way/481364423,16,156,16.11646317851205,156.1145174877855,43.0264385,141.3768384,1.1811473753592332,1,20,surface,yes
way/481384874,23,149,23.35849100339743,149.04853317574464,43.0619917,141.3408901,0.4917276826119895,1,29,surface,yes
way/481540443,31,168,30.774596401353627,167.9580809157109,43.1000847,141.4363224,0.5363293336753783,1,33,surface,yes
way/481540454,30,167,30.29779333690576,167.29636254017294,43.0976713,141.4329891,0.0010368047576717297,0,68,surface,yes
way/482026959,33,160,33.303962649517544,159.64446798995235,43.1121253,141.394199,0.996540218727398,1,26,surface,yes
way/482410267,15,157,15.259712910596093,157.444332025457,43.0222643,141.3835893,0.5750980791610031,1,33,multi-storey,yes
way/482763784,34,150,34.407796372311196,149.83522435435876,43.1169815,141.3445516,1.138103930172508,1,26,surface,customers
way/482772224,35,152,35.08661870733913,151.61593216592644,43.1204715,141.353539,0.49233425505190853,1,36,surface,customers
way/482772225,35,151,35.155022217991664,151.38299000732286,43.1207966,141.3523588,0.8302755665581856,1,30,surface,customers
way/482772226,35,152,35.34902793442698,151.63385275135474,43.1217774,141.3536221,0.49233425505190853,1,27,surface,customers
way/482968709,31,155,30.550074269885897,154.5093959621428,43.0981015,141.3683047,0.6330108603589664,1,30,surface,yes
way/483073122,15,153,15.159341784807083,153.2160079004575,43.0214927,141.3622051,0.2837427888824958,1,33,surface,yes
way/483073123,15,153,15.194319892405153,153.26693767793458,43.0216699,141.3624617,0.2837427888824958,1,36,surface,yes
way/483607927,36,155,35.76259988213771,155.14866180396447,43.1240603,141.3713883,0.2801976562573624,1,38,surface,yes
way/483607928,36,155,35.64405029364675,155.20217887489693,43.1234743,141.3716624,0.2801976562573624,1,28,surface,yes
way/483867358,27,150,27.094391569541678,150.33693278952938,43.0806503,141.3472995,0.33300375325667975,1,11,surface,customers
way/485246276,19,166,19.127780585920828,166.07492500644503,43.0420533,141.4271321,0.625245626399291,1,7,surface,yes
way/485248450,20,164,19.821459804156888,163.8191636352271,43.045357,141.4157024,0.5866066274754351,1,22,surface,yes
way/485248452,19,165,19.00496812178138,165.16646657991504,43.0413841,141.4225406,0.9315359455496074,1,34,surface,customers
way/485602268,35,152,35.22057128640212,151.8170670157852,43.1211505,141.3545525,0.49233425505190853,1,20,surface,customers
way/485604489,35,154,35.24042240073279,154.04337263629603,43.1213927,141.3658127,0.5205420034712953,1,30,surface,customers
way/488780532,27,159,26.63023128341865,159.36316520508817,43.0789242,141.392968,0.8874780640577685,1,39,surface,customers
way/489251001,27,164,26.83678653626149,163.80146192204103,43.0802373,141.4154112,0.995146280550067,1,26,surface,yes
way/490458447,30,169,29.528551724269928,168.63845760269436,43.093933,141.4397996,0.1268393982173657,1,34,surface,yes
way/490473150,10,174,10.321131537182547,173.9581058876443,42.9987732,141.4672588,0.4223125460107927,1,30,surface,yes
way/491699715,29,159,29.40904734987322,158.9774199641901,43.0927161,141.390937,0.7170568599708722,1,34,surface,customers
way/491700463,32,181,32.21802423989215,181.23433564459805,43.1081174,141.5034329,0.06599935180176744,0,110,surface,yes
way/491700468,32,181,32.42512115553134,181.13934913373114,43.109141,141.5029465,0.06599935180176744,0,112,surface,yes
way/491712568,22,177,21.75821796272348,177.02520979220995,43.0558381,141.4824436,0.63633825156505,1,22,surface,yes
way/491712569,22,177,21.964442416670316,176.96649710830135,43.0568597,141.4821407,0.63633825156505,1,28,surface,yes
way/491714266,22,177,22.02521418743863,176.76840643012758,43.0571491,141.481137,0.63633825156505,1,20,surface,yes
way/491714272,22,177,22.130581523838174,176.66748397130686,43.0576665,141.4806235,0.63633825156505,1,36,surface,yes
way/491721444,26,180,26.24858975907546,179.68411479363147,43.0783364,141.4957634,0.18806193336730295,1,32,surface,yes
way/491774639,30,161,29.580899597468044,161.1327238402533,43.0937095,141.4018337,0.4148086434330986,1,24,surface,customers
way/491842873,21,180,20.958856965885865,179.85452433832282,43.0520459,141.4967774,0.21253314646572796,1,37,surface,yes
way/491842881,20,180,20.098668635393185,179.79724396697492,43.0477652,141.4965124,0.303089953468998,1,33,surface,yes
way/491863996,28,184,28.269871222446426,184.0364824763672,43.0886671,141.5177198,0.2854795295203458,1,29,surface,yes
way/491990006,38,130,37.617974264766495,129.69608577018744,43.131645,141.2425945,0.6436813149460414,1,39,surface,customers
way/491990007,38,130,37.76606993732447,130.0287547557114,43.1324028,141.2442729,0.6436813149460414,1,20,surface,yes
way/491990299,38,130,37.82707673710364,130.10420943206313,43.132711,141.2446528,0.6436813149460414,1,38,surface,yes
way/492419492,31,153,30.569000194785332,152.81669783331265,43.0980865,141.3597424,0.5430058453388141,1,15,surface,yes
way/492419493,31,153,30.704381232060925,152.96349181998423,43.0987691,141.360481,0.5430058453388141,1,35,surface,yes
way/493155712,29,162,29.052562881370847,161.53584586252592,43.0911085,141.4038879,0.06859281792898858,0,63,surface,customers
way/493829870,45,90,44.89347158278954,89.5587683984956,43.165233,141.0393687,0.07300794534153347,0,106,surface,yes
way/493829884,47,93,46.8110880011411,93.30669791230787,43.1750093,141.0582708,0.3453864620765591,1,22,surface,yes
way/494041730,31,163,30.665237191340793,162.80338079906153,43.0992087,141.4102528,0.8920541560353448,1,26,surface,customers
way/494043764,30,164,30.289093732484304,164.09500190280025,43.0974217,141.4167967,0.7527786734082265,1,22,surface,customers
way/494305408,32,165,32.13838730751231,165.03498031219047,43.1066773,141.421498,0.45383978711223183,1,36,surface,customers
way/494798484,21,150,21.003754877363896,149.9679800126189,43.0503428,141.3456084,0.7547446907104582,1,21,surface,customers
way/495973821,36,162,36.380928479408006,161.83178238839395,43.1275655,141.4051741,0.27818023400048764,1,35,surface,yes
way/497896726,25,199,24.991542849001966,198.62999668632443,43.0733073,141.5916288,0.10028383879077339,0,60,surface,yes
way/498964535,24,151,23.673404328139558,151.3136050824789,43.0637035,141.3523379,3.7294350200776454,1,38,surface,yes
way/499426749,31,155,31.06691170621437,155.11125944951115,43.1007101,141.3713341,0.6330108603589664,1,34,surface,yes
way/499426751,31,155,31.053490837929065,155.02951142474322,43.1006381,141.370921,0.6330108603589664,1,33,surface,yes
way/500548447,23,151,23.204455446495633,150.62935348432765,43.0613277,141.3488904,1.326877095786553,1,19,surface,yes
way/500550543,23,150,23.128710432629667,149.82596573712945,43.0608993,141.344829,0.5699761119995308,1,3,surface,yes
way/500550544,23,150,23.058994466106334,149.76608022405443,43.0605488,141.3445281,0.5699761119995308,1,4,surface,yes
way/501289406,23,151,22.842501164935996,150.83415468106776,43.0595412,141.3499367,1.326877095786553,1,22,surface,yes
way/502208004,23,150,22.599444036931445,149.53903427632673,43.0582492,141.3433929,0.5699761119995308,1,11,surface,yes
way/502208005,23,150,22.601448189643744,149.56284929454648,43.0582607,141.3435133,0.5699761119995308,1,10,surface,yes
way/502208006,23,150,22.70885779163127,149.64880878541396,43.0588003,141.343945,0.5699761119995308,1,29,surface,yes
way/502208007,23,150,22.569762704344456,149.74663330409237,43.058115,141.3444438,0.5699761119995308,1,39,surface,customers
way/503888398,22,150,22.43753237091783,150.31094118751213,43.0574939,141.3473019,0.8781831816851858,1,31,surface,yes
way/506720249,46,76,46.275658317734056,75.63161603461455,43.1712078,140.9688847,-0.001618813490899168,0,63,surface,yes
way/506729441,30,124,29.98984196843428,123.72632175557335,43.0933318,141.2126184,0.04971263161488558,0,68,surface,yes
way/506846961,24,153,23.676260179011823,153.03728868321036,43.0638288,141.3610563,6.487324490110103,1,34,surface,yes
way/506853315,25,155,24.517883724974975,154.5965041131565,43.068114,141.3689187,2.2712273267936425,1,31,surface,customers
way/506853318,24,155,24.481555619600886,154.85295770148096,43.0679499,141.3702169,1.3544815467402789,1,21,multi-storey,customers
way/506856579,24,154,24.134480609204918,154.19541666206433,43.0661818,141.366901,2.58444355695025,1,19,surface,yes
way/506924807,24,155,23.987468287196883,155.06999714221507,43.0655072,141.3713289,1.3544815467402789,1,25,surface,yes
way/507122534,23,153,23.10231901910314,152.69187933387374,43.0609528,141.3593257,2.2673271993525113,1,40,surface,yes
way/507122535,23,153,23.097098145313996,152.74554621879304,43.0609303,141.3595973,2.2673271993525113,1,15,surface,yes
way/507128223,22,153,22.3806731403736,153.05570621239596,43.0573881,141.3611867,1.2103227210934202,1,8,surface,yes
way/507128224,22,153,22.366312222002133,152.9999312232858,43.0573131,141.360905,1.2103227210934202,1,8,surface,yes
way/507128800,23,154,22.502048453990035,153.68561052727128,43.0580322,141.3643693,1.029301848398822,1,8,surface,yes
way/507135219,25,151,24.972114457241304,151.48557501616338,43.070172,141.3531704,3.1845607289339797,1,10,surface,yes
way/507136607,25,151,25.21776413365066,151.2045501513779,43.0713753,141.3517419,3.1845607289339797,1,24,surface,customers
way/507865778,25,150,24.84492775745295,150.46307551435137,43.0694737,141.3480022,1.4885317780089575,1,7,surface,yes
way/507865779,25,151,24.881831944336245,150.67261483020783,43.0696707,141.349061,3.1845607289339797,1,9,surface,yes
way/508035099,25,152,24.96090521514746,151.70486451220123,43.0701304,141.3542799,5.7809547072218885,1,25,multi-storey,yes
way/508035100,25,151,24.94504169593194,151.24991549200294,43.0700222,141.3519792,3.1845607289339797,1,61,multi-storey,yes
way/508037304,25,150,24.698620298009455,150.17863683203828,43.0687279,141.3465677,1.4885317780089575,1,24,surface,yes
way/508037305,25,150,24.7489137332106,150.16672429129343,43.0689772,141.346506,1.4885317780089575,1,15,surface,yes
way/508037306,25,150,24.704954151738477,150.1275464316429,43.0687561,141.3463091,1.4885317780089575,1,28,surface,yes
way/508037307,25,150,24.732473175678688,149.9471194909005,43.0688813,141.3453957,1.4885317780089575,1,14,surface,yes
way/508037310,25,150,24.81651792228713,150.1195605578989,43.0693103,141.3462655,1.4885317780089575,1,12,surface,yes
way/508038324,24,150,24.492391770949048,149.7830837425944,43.067677,141.3445729,2.2887440953646974,1,52,surface,yes
way/508038325,24,150,24.44963462857615,149.644941817739,43.0674555,141.3438754,2.2887440953646974,1,5,surface,yes
way/508039785,25,150,24.619064162116256,149.85387014679682,43.0683114,141.3449273,1.4885317780089575,1,23,surface,yes
way/508297301,25,151,25.28824162877699,151.08002118586668,43.0717177,141.35111,3.1845607289339797,1,6,surface,yes
way/508297303,25,151,25.29795294881312,150.89405616430315,43.071754,141.3501691,3.1845607289339797,1,31,surface,yes
way/508298384,25,151,25.372479996466463,150.60763018494404,43.0721061,141.3487182,3.1845607289339797,1,39,surface,yes
way/508300771,26,151,25.603786424902303,151.4377222410347,43.0733097,141.3529102,1.9311997042481446,1,39,surface,yes
way/508303653,25,151,25.221554242803908,150.51810194444062,43.0713499,141.3482697,3.1845607289339797,1,4,surface,yes
way/508541927,26,151,25.727381238448405,150.71108938313924,43.0738774,141.3492313,1.9311997042481446,1,39,surface,customers
way/508549093,26,150,26.05669259248002,150.38071844132054,43.0754935,141.3475508,1.437141714342997,1,14,surface,yes
way/508549094,26,151,25.749534268813182,150.52260514128506,43.0739754,141.3482773,1.9311997042481446,1,7,surface,customers
way/508549095,26,150,26.031505301999438,150.3642053587188,43.0753672,141.347468,1.437141714342997,1,7,surface,yes
way/508560182,26,150,26.13441403807233,150.234186587387,43.0758705,141.3468074,1.437141714342997,1,23,surface,yes
way/508835409,27,150,26.50776938488465,150.24212097283942,43.0777274,141.3468368,0.33300375325667975,1,25,surface,yes
way/510033231,27,150,27.304083666279478,150.08363922211362,43.0816766,141.3460123,0.33300375325667975,1,2,surface,yes
way/510034805,27,150,27.274275048579867,149.83406551936497,43.0815123,141.3447508,0.33300375325667975,1,4,surface,yes
way/510323468,28,150,27.64086355178201,150.32056462776262,43.0833664,141.347201,0.07365054519766213,0,26,surface,yes
way/512167700,22,174,21.58944066815432,174.15794975752755,43.0548141,141.4679457,0.5624559087679809,1,39,surface,customers
way/512167703,21,174,21.39325203977119,174.4974797124923,43.0538605,141.4696687,0.2895813389123632,1,33,surface,customers
way/512167707,21,175,21.165480154715155,174.62969511231177,43.0527365,141.470344,0.40577795463740235,1,33,surface,customers
way/512167709,21,175,21.104053678873246,174.77434252909947,43.0524404,141.4710774,0.40577795463740235,1,23,surface,customers
way/513743100,29,149,28.94943588066834,149.23372664341423,43.0898028,141.3416661,0.6157360991414209,1,10,surface,yes
way/513743101,29,149,28.704983499474398,149.33085353802346,43.0885936,141.3421644,0.6157360991414209,1,22,surface,yes
way/513743102,29,150,28.946946528110992,149.89430271695483,43.089833,141.3450074,0.21789108623764758,1,16,surface,yes
way/513743103,29,150,28.951787675401132,150.03438413537143,43.0898661,141.3457158,0.21789108623764758,1,27,surface,yes
way/513743104,29,150,29.034540998681315,149.9977057577531,43.0902752,141.3455279,0.21789108623764758,1,11,surface,yes
way/513751815,29,150,29.120154280638715,149.9793313050899,43.0906997,141.3454325,0.21789108623764758,1,37,surface,yes
way/516539674,23,153,23.175448965304746,153.33240297912673,43.0613577,141.3625634,2.2673271993525113,1,28,surface,yes
way/517115391,31,149,30.5992932458105,149.2138429207774,43.0980049,141.3415181,0.32950694674235886,1,37,surface,yes
way/517123262,31,147,31.32420285903567,146.62012494360806,43.1014421,141.3283781,0.5236599318627495,1,96,surface,yes
way/517123263,31,150,30.74496453193318,149.66371715706268,43.0987582,141.3437894,0.798357444575703,1,20,surface,yes
way/517123264,31,149,30.93978352935246,149.49035009449298,43.0997157,141.3429069,0.32950694674235886,1,27,surface,yes
way/517123265,31,149,30.791165455185464,149.3469209376484,43.0989675,141.3421857,0.32950694674235886,1,10,surface,yes
way/517123266,31,149,30.7971245770461,149.10132666884215,43.0989813,141.3409433,0.32950694674235886,1,7,surface,yes
way/517188527,31,149,31.234157123347046,149.19902494633183,43.1011606,141.3414249,0.32950694674235886,1,4,surface,yes
way/517188528,31,149,31.425083351430978,149.18787211593562,43.1021092,141.341363,0.32950694674235886,1,6,surface,yes
way/517228558,32,148,32.154010564599055,147.581256490887,43.10563,141.3332157,0.2938992162937228,1,40,surface,customers
way/517477336,32,149,32.13421396436768,148.95325311689285,43.10562,141.3401559,0.38316924804141467,1,38,surface,yes
way/517489842,33,148,32.80885962197503,147.89116320190166,43.108906,141.3347644,0.7411364034905247,1,23,surface,yes
way/517806186,32,149,32.43366612264635,149.08623080107407,43.1071175,141.3408199,0.38316924804141467,1,18,surface,yes
way/517806187,33,148,32.904908229178645,148.1879495715153,43.1094027,141.3362628,0.7411364034905247,1,6,surface,yes
way/517812567,33,149,32.85113028142525,148.68431731472555,43.1091673,141.338775,0.9936427470248053,1,11,surface,yes
way/518948858,33,148,33.03497045986399,148.43475183362983,43.1100653,141.3375074,0.7411364034905247,1,5,surface,yes
way/518948860,33,149,33.287356050058584,148.55567883543495,43.111328,141.3381118,0.9936427470248053,1,27,surface,yes
way/519184425,33,150,32.9999652971312,149.5557156371366,43.1099635,141.3431783,0.987802114816739,1,40,surface,yes
way/519184427,33,149,33.06235781031865,149.08986312418708,43.1102437,141.3408202,0.9936427470248053,1,9,surface,yes
way/519184431,33,149,32.986595792482966,148.81683751279365,43.1098494,141.3394414,0.9936427470248053,1,8,surface,yes
way/519184438,33,149,32.997227114069574,148.7398722396054,43.1098973,141.3390518,0.9936427470248053,1,34,surface,yes
way/519192601,33,149,32.86182642972607,148.90333589545955,43.1092346,141.3398825,0.9936427470248053,1,8,surface,yes
way/519192602,33,149,33.35822396439524,148.64150973259447,43.1116859,141.3385439,0.9936427470248053,1,7,surface,yes
way/519457585,30,145,30.098818943774134,145.3483063657101,43.0952673,141.3219804,0.6876363449415244,1,28,surface,customers
way/520434998,31,143,31.46668039335409,143.01415121698273,43.1019181,141.3101348,0.5094618185200046,1,39,surface,customers
way/521118693,34,142,33.98911584561138,141.9313254332259,43.1143903,141.3045853,0.2447327221932783,1,32,surface,customers
way/521950437,35,141,35.44978153960675,141.48935464262817,43.1216245,141.3023078,0.6045598920556112,1,30,surface,customers
way/521950438,34,139,34.063019991516654,139.28197064359333,43.114587,141.2911826,0.8236262164758229,1,27,surface,customers
way/522311844,33,148,33.13630180282888,147.87254194588968,43.1105329,141.3346608,0.7411364034905247,1,226,multi-storey,yes
way/522315242,33,148,33.333093256639536,148.18466939231556,43.1115315,141.3362339,0.7411364034905247,1,11,surface,yes
way/522318425,34,148,33.61293811563904,148.28958021960528,43.1129297,141.3367565,0.21457234150342078,1,15,surface,yes
way/523533002,34,148,33.64137263357375,147.71582527471102,43.1130341,141.3338536,0.21457234150342078,1,22,surface,customers
way/523534995,34,148,34.06245140955897,148.21263791528344,43.1151598,141.3363544,0.21457234150342078,1,119,surface,customers
way/523652992,21,150,21.154752181463007,150.0100991080794,43.0510963,141.3458171,0.7547446907104582,1,4,surface,customers
way/524790695,33,144,32.521326091508975,144.3983039260029,43.1072512,141.3171056,1.3321326273536582,1,40,surface,customers
way/524790697,33,144,32.680087594567055,144.31312564510264,43.1080351,141.3166702,1.3321326273536582,1,40,surface,customers
way/524790699,33,145,32.77612639877182,144.65566079244766,43.1085347,141.3184,1.111077693272869,1,31,surface,customers
way/524801090,33,144,32.73653176942369,144.20684413674596,43.1083089,141.316131,1.3321326273536582,1,37,surface,customers
way/524801091,33,144,32.76693613999438,144.33754147790913,43.1084685,141.3167912,1.3321326273536582,1,25,surface,customers
way/524801092,33,144,32.83758004834365,144.20793245116562,43.1088114,141.3161336,1.3321326273536582,1,40,surface,customers
way/524801093,33,144,32.92226328105327,144.0937450866768,43.1092251,141.3155536,1.3321326273536582,1,39,surface,customers
way/524801097,33,145,33.33614068708178,144.59996707767536,43.1113156,141.3181022,1.111077693272869,1,37,surface,yes
way/524801100,34,146,34.4211759194106,145.66138165245744,43.116779,141.3234397,0.5568823471754463,1,40,surface,customers
way/525739725,35,145,34.99679406662806,145.287867697943,43.119617,141.3215339,0.2614078176257276,1,30,surface,customers
way/526341816,34,142,34.077348469079965,142.27407323201194,43.1148511,141.3063164,0.2447327221932783,1,26,surface,customers
way/527194852,25,151,25.32014602708314,150.74592364921327,43.0718548,141.3494192,3.1845607289339797,1,27,surface,yes
way/527407236,35,143,34.70024674641409,142.74168521437454,43.1179784,141.3086637,0.4879016094816266,1,22,surface,yes
way/527439161,30,135,29.5067459121878,134.91920936763313,43.0916512,141.2692465,0.2454508355255792,1,29,surface,yes
way/527439163,30,135,29.615298262928018,135.02561800375202,43.0921978,141.2697816,0.2454508355255792,1,31,surface,yes
way/527439175,30,135,29.63873917687371,134.94568088056678,43.0923092,141.2693766,0.2454508355255792,1,26,surface,yes
way/527439178,30,135,29.664974267128652,135.07995274952987,43.0924483,141.270055,0.2454508355255792,1,32,surface,yes
way/527439182,30,135,29.686153297307637,135.1279571578457,43.0925567,141.2702972,0.2454508355255792,1,20,surface,yes
way/527458266,30,136,29.55296343622132,135.9291887237098,43.0919461,141.2743537,0.21077354031687237,1,28,surface,yes
way/527458267,30,136,29.537193037976756,135.71373952759626,43.0918538,141.2732644,0.21077354031687237,1,27,surface,yes
way/527458268,30,136,29.55997204008929,135.73761330310168,43.0919686,141.2733845,0.21077354031687237,1,21,surface,yes
way/527458269,30,136,29.533641184034835,135.80155947418424,43.0918418,141.2737087,0.21077354031687237,1,32,surface,yes
way/527458270,29,136,29.469834051717097,135.8723111698539,43.0915291,141.2740684,0.13137231760036108,1,24,surface,yes
way/527469151,30,135,29.839695433530512,135.4919537276391,43.0933436,141.2721339,0.2454508355255792,1,26,surface,customers
way/527469152,30,136,29.78960471203647,135.57666223667394,43.0931,141.2725638,0.21077354031687237,1,35,surface,customers
way/527688027,36,143,36.318000162115105,142.63377890431562,43.1260152,141.3080714,0.34086115551221,1,20,surface,customers
way/527994789,38,144,37.569913223471076,144.3786773139269,43.1323524,141.3168612,0.5823019759693708,1,32,surface,yes
way/527994790,37,145,37.109989970859274,145.21522042825043,43.1301195,141.3211057,0.37373609167305477,1,36,surface,yes
way/530434231,37,147,37.350360260362535,146.77501241785632,43.1314152,141.3289883,0.18119388083272955,1,38,surface,customers
way/530436740,38,149,37.92349545076192,148.70768818613956,43.1343895,141.3387474,0.12919760913696618,1,33,surface,customers
way/530436741,38,149,37.73017703584894,148.6753126491475,43.1334262,141.3385892,0.12919760913696618,1,34,surface,customers
way/532838277,39,149,38.954041404133825,148.5408105684754,43.1395028,141.3378737,0.1485594396311887,1,23,surface,customers
way/532838278,39,148,38.98574967883037,148.2699378330868,43.139643,141.3365027,0.2121893714237542,1,34,surface,customers
way/532838279,39,149,39.08596956501325,148.60488511729088,43.1401629,141.338194,0.1485594396311887,1,38,surface,customers
way/532838280,39,148,39.13502031131475,148.42974063552194,43.1403955,141.3373067,0.2121893714237542,1,40,surface,customers
way/532838281,39,148,39.38576921778406,147.69639673489252,43.141595,141.3335902,0.2121893714237542,1,36,surface,yes
way/532843319,40,146,39.558053920130355,145.60455456126252,43.1423168,141.3230046,0.31423962752773343,1,31,surface,customers
way/532849605,39,149,39.33704728614972,149.36506258609325,43.1414603,141.3420318,0.1485594396311887,1,23,surface,customers
way/534681503,37,151,36.90292651596683,150.53296829178004,43.1294327,141.3480091,0.328380813612832,1,27,surface,customers
way/534681506,37,150,36.97667687814114,150.26146459203073,43.1297819,141.3466337,0.07513286684865016,0,60,surface,customers
way/534693489,38,151,37.57791172433574,150.73085141940584,43.1328016,141.3489906,0.2809428630839067,1,30,surface,customers
way/534693490,37,151,37.48142915886678,150.90815810030688,43.1323333,141.3498902,0.328380813612832,1,23,surface,customers
way/536521424,38,151,38.28683341874294,150.64577495650664,43.136321,141.3485399,0.2809428630839067,1,32,surface,customers
way/536585625,19,147,19.058387181053764,146.5254451672033,43.0404482,141.3282518,0.037489888580233485,0,109,surface,yes
way/542349152,40,152,40.00445710252264,152.49934906728922,43.1449808,141.357866,0.43379808828947614,1,28,surface,customers
way/542349153,40,153,39.87246342190664,152.5101448601274,43.1443252,141.3579244,0.2625335592721603,1,20,surface,customers
way/542540168,40,155,39.55420494909342,155.21182725004365,43.1429169,141.3715988,0.4237385627765773,1,40,surface,customers
way/542540169,39,156,39.30755895919316,155.8846573346101,43.1417339,141.3750091,0.29220809720501495,1,29,surface,yes
way/542864457,18,158,18.05953983831118,157.7603201103134,43.0362059,141.3851071,0.6734404756001892,1,20,surface,yes
way/544706734,28,162,28.017099975521475,161.73604829392096,43.0859729,141.4049303,0.8153311467413024,1,24,surface,customers
way/544940998,19,168,19.27258346727617,167.88571336472626,43.04289,141.436287,0.7487234961325981,1,32,surface,yes
way/546113111,24,152,23.74682256962512,151.81397760894149,43.0641008,141.3548667,2.849137849029936,1,21,multi-storey,yes
way/549098162,47,94,47.20641625386302,94.14849704346781,43.1770292,141.0625173,0.7775756287102433,1,23,surface,yes
way/549098163,47,95,46.82582537874776,94.94695840621505,43.1751883,141.0665669,0.37311609735348383,1,25,surface,yes
way/552243650,26,149,25.531176796015824,148.88288768271502,43.072784,141.3399898,1.3375877077926126,1,24,surface,yes
way/553883309,54,183,54.28638667823199,183.41123694415109,43.2179855,141.5138094,0.05680770809873164,0,67,surface,yes
way/553883312,54,186,54.369177506423085,186.04018949012385,43.2185666,141.5271044,0.03961631700697392,0,82,surface,yes
way/554770520,55,183,55.27968592634273,182.91540451432164,43.2228924,141.5112729,0.01135442213911366,0,91,surface,yes
way/554770522,55,183,55.271357725790956,182.71696066468076,43.2228382,141.5102694,0.01135442213911366,0,61,surface,yes
way/555321822,26,149,25.689013012494513,149.41365267638386,43.073603,141.3426699,1.3375877077926126,1,10,surface,permissive
way/561920610,51,82,50.78645037910906,81.70323514007764,43.1940276,140.9994656,1.2695803533340266,1,34,surface,yes
way/561922633,51,82,50.564677584569175,81.88775771789598,43.1929368,141.0004053,1.2695803533340266,1,24,surface,permissive
way/561925015,52,81,51.5050398139968,81.19973239515778,43.1975681,140.9968982,0.48551466079985395,1,28,surface,yes
way/561925922,51,81,51.290188955929,81.06128461424797,43.1964909,140.9962041,0.6644509685719311,1,30,surface,yes
way/561926134,52,82,52.298664197868966,81.81038514798472,43.2015535,140.9999641,1.4786785885070457,1,21,surface,customers
way/561926995,52,81,51.531812603306726,80.95275386101825,43.1976853,140.9956482,0.48551466079985395,1,23,multi-storey,yes
way/561928641,51,82,50.67606894705762,81.55019737535355,43.1934689,140.9986947,1.2695803533340266,1,21,surface,yes
way/561928661,51,82,50.720974795590884,81.54740793638996,43.193692,140.9986793,1.2695803533340266,1,30,surface,yes
way/561928867,51,81,50.82657343382003,81.18506206238979,43.1941937,140.9968435,0.6644509685719311,1,39,surface,yes
way/561929793,53,81,53.01741178753623,81.46534350069834,43.205105,140.9981982,0.4465120704788513,1,32,multi-storey,customers
way/561930298,51,80,50.656860492024734,80.27501246823974,43.1932912,140.9922453,0.11447160737463026,0,116,surface,yes
way/561933232,53,81,52.51785363610464,81.02769276482051,43.2025929,140.9959989,0.4465120704788513,1,37,surface,yes
way/561935022,50,82,49.688027424511034,81.58303562427425,43.1885583,140.9988892,0.5189843853354926,1,36,surface,yes
way/561936800,52,81,52.47053778168179,80.96040201372682,43.2023533,140.9956599,0.48551466079985395,1,7,surface,yes
way/561938873,51,82,51.32695693689733,81.63972008045548,43.196711,140.9991288,1.2695803533340266,1,28,surface,yes
way/561938875,51,81,50.91525869944389,80.87851114244602,43.1946149,140.9952904,0.6644509685719311,1,32,surface,yes
way/561938876,51,81,50.84690179902309,80.8161818168373,43.194271,140.9949771,0.6644509685719311,1,38,surface,yes
way/563323088,48,89,47.514965202234585,88.91291861613135,43.1782259,141.0360266,0.1476803416502512,1,38,surface,yes
way/563333078,48,89,47.516234373577625,89.17340157702259,43.178249,141.0373441,0.1476803416502512,1,39,surface,yes
way/564865627,55,184,55.14470494872938,183.83773970966075,43.2222807,141.515942,0.010272374431677365,0,92,surface,yes
way/564877806,51,185,50.690253845012776,184.85575041670455,43.200198,141.5212192,0.07903744516894297,0,67,surface,yes
way/564893425,54,184,54.12639768364676,183.73228955045687,43.2172107,141.5154379,0.0441456966323717,0,87,surface,yes
way/564896415,54,184,54.37100820747052,183.5872795120039,43.2184176,141.5146974,0.0441456966323717,0,81,surface,yes
way/564896435,54,184,54.35904272990506,183.8618033621336,43.2183758,141.5160863,0.0441456966323717,0,71,surface,yes
way/564919922,54,184,53.956300117912505,184.36769425702332,43.2164059,141.5186567,0.0441456966323717,0,92,surface,yes
way/565176016,53,184,52.51019342811006,183.53761784722448,43.2091621,141.5144997,0.017224188588029113,0,106,surface,yes
way/565177661,55,184,55.37339526186132,184.121836005628,43.2234361,141.5173724,0.010272374431677365,0,86,surface,yes
way/565177662,55,184,55.361785722354306,184.0446454798,43.2233734,141.5169823,0.010272374431677365,0,105,surface,yes
way/565177906,55,184,55.28589624297359,183.9831432446951,43.2229921,141.5166734,0.010272374431677365,0,90,surface,yes
way/565178406,55,183,55.36254289785648,183.23222246557228,43.2233248,141.512873,0.01135442213911366,0,67,surface,yes
way/565178416,56,183,55.50766199561755,183.31976043032998,43.224052,141.5133116,0.042600601652456896,0,119,surface,yes
way/565178417,55,183,55.25191653314236,183.20357901325033,43.2227729,141.5127313,0.01135442213911366,0,110,surface,yes
way/565178418,55,183,55.21326957021441,183.3425829187625,43.2225897,141.5134355,0.01135442213911366,0,83,surface,yes
way/565178611,55,183,55.34492014586614,182.87109402781348,43.2232139,141.5110469,0.01135442213911366,0,91,surface,yes
way/565235506,53,185,53.16322191600693,185.19190516825714,43.2125157,141.5228484,0.02922635160864045,0,90,surface,yes
way/565235515,53,185,53.09377126447416,185.27290542712353,43.2121756,141.5232601,0.02922635160864045,0,119,surface,yes
way/565235517,53,185,53.182986410937524,185.12406644013672,43.2126096,141.5225047,0.02922635160864045,0,118,surface,yes
way/566049603,10,160,10.435482635820144,159.56554802666508,42.9984141,141.3944572,-0.0026292520223663426,0,117,surface,yes
way/566237325,59,85,59.468734237281964,84.80391124775079,43.2373973,141.0148994,0.029262804058683978,0,98,surface,yes
way/566237326,59,85,59.434326318169155,85.00998085855186,43.2372395,141.0159427,0.029262804058683978,0,95,surface,yes
way/566237327,59,85,59.37499816826985,84.96328196431642,43.2369415,141.0157082,0.029262804058683978,0,114,surface,yes
way/566496595,50,82,50.20162249380629,81.94010267804882,43.191135,141.0006805,0.5189843853354926,1,22,surface,yes
way/566496710,49,169,49.345339260302445,169.44893888083223,43.1925178,141.4433294,0.23855913489819977,1,29,surface,yes
way/566496712,49,169,49.30640775529477,169.33062869418407,43.1923166,141.4427321,0.23855913489819977,1,39,surface,yes
way/566498384,49,170,48.600542555639564,169.96186158363676,43.1888476,141.4459452,0.024373532388383475,0,115,surface,yes
way/566559113,42,160,42.01194175673888,160.32390362381585,43.1554667,141.3973853,0.027953018322736528,0,24,surface,yes
way/567254890,56,184,55.59463759245238,184.18457949682272,43.2245402,141.5176834,0.03715539562657025,0,61,surface,yes
way/567616264,54,185,54.38190861403784,184.68418654836296,43.2185425,141.5202453,0.035596938879477,0,113,surface,yes
way/567618986,55,185,54.87098824131324,185.08306718080024,43.221,141.5222488,0.09084905071364693,0,104,surface,yes
way/567649061,56,183,55.616716225647444,182.88477777228144,43.2245662,141.5111083,0.042600601652456896,0,63,surface,yes
way/567651614,56,184,55.58268953420744,183.65254795370248,43.2244465,141.5149927,0.03715539562657025,0,110,surface,yes
way/567652342,56,182,55.672720541113605,182.44783290009786,43.2248165,141.5088966,0.024678453265238275,0,107,surface,yes
way/567652645,55,184,55.06453067781996,183.5342820621642,43.2218625,141.5144094,0.010272374431677365,0,113,surface,yes
way/569160775,51,82,50.881152623731964,81.96735306591539,43.1945155,141.0007988,1.2695803533340266,1,5,surface,yes
way/569499463,56,183,56.148293606303774,183.36268519421756,43.2272401,141.5135103,0.042600601652456896,0,61,surface,yes
way/569512765,50,78,50.46167056567445,77.7231387897167,43.1921562,140.9793434,0.04786886976311919,0,100,surface,yes
way/569512766,50,78,50.34846796522778,77.76601020308786,43.1915961,140.9795635,0.04786886976311919,0,115,surface,yes
way/569512767,50,78,49.92304631671706,77.9067502921333,43.1894899,140.9802876,0.04786886976311919,0,96,surface,yes
way/571871198,57,184,57.004726468451175,183.94394036815632,43.2315359,141.5164257,0.11722612889591855,0,113,surface,yes
way/571871199,57,184,56.99146680818656,183.87613143052116,43.2314656,141.5160831,0.11722612889591855,0,113,surface,yes
way/572949326,56,185,56.29312590533204,185.18361596322737,43.2280776,141.5227165,0.11509301810368769,0,78,surface,yes
way/572952916,56,185,56.40875827501058,184.81367594723997,43.2286287,141.520842,0.11509301810368769,0,89,surface,yes
way/572952917,56,185,56.43079886765424,185.03724689462643,43.2287527,141.5219722,0.11509301810368769,0,91,surface,yes
way/572954482,57,186,56.82139240556003,185.50268850160197,43.2307248,141.5243152,0.17685203202971247,1,29,surface,yes
way/572984328,54,186,54.03816469864791,185.95414543374395,43.2169152,141.5266787,0.03961631700697392,0,61,surface,yes
way/572984331,54,186,53.984822724017555,185.83508115332862,43.2166423,141.526078,0.03961631700697392,0,95,surface,yes
way/572984335,54,187,54.20530851139132,186.68227246816812,43.2177932,141.5303568,0.12275464583115851,0,75,surface,yes
way/572984343,54,186,54.18663518290359,186.46269451928882,43.2176862,141.5292467,0.03961631700697392,0,66,surface,yes
way/572985644,54,186,54.20921461421379,186.1885670886543,43.2177808,141.5278595,0.03961631700697392,0,81,surface,yes
way/572989227,54,186,54.320179880618696,186.07470702561955,43.2183252,141.5272804,0.03961631700697392,0,69,surface,yes
way/573331286,55,189,55.44418131951853,188.81097969629005,43.2240903,141.5410883,0.039874305679469944,0,60,surface,yes
way/573385383,49,170,49.2397116318993,169.73129332814705,43.1920108,141.4447606,0.024373532388383475,0,76,surface,yes
way/573385385,49,170,49.197029801272514,169.74403994574806,43.1917994,141.4448263,0.024373532388383475,0,98,surface,yes
way/573804182,27,151,27.232986513571184,150.94326973293147,43.0813785,141.3503624,0.586063106135543,1,20,surface,customers
way/578362547,20,164,19.536106998999788,163.83195456590457,43.043939,141.4157753,0.5866066274754351,1,34,surface,yes
way/581723279,43,161,42.59191015391007,160.90872789957092,43.1583881,141.4003267,0.029669058509791704,0,71,surface,customers
way/589378846,17,154,17.14353228885951,154.28427239909217,43.0314273,141.3675514,0.3086069103347195,1,11,surface,yes
way/589378847,18,154,18.400195587487925,154.30829829900213,43.0376772,141.3676368,0.6200237122418663,1,16,surface,yes
way/593337731,52,66,51.836757045728824,66.03481173680876,43.19824,140.9201837,0.028433274012660537,0,70,surface,yes
way/593462819,18,154,17.85674905619774,154.04473400886855,43.0349581,141.3663193,0.6200237122418663,1,12,surface,yes
way/593462827,18,155,17.967771033182988,154.74567404021968,43.0355553,141.3698615,0.2564808923104053,1,22,surface,yes
way/593462828,18,155,17.969737482587377,154.69016977770735,43.0355615,141.3695807,0.2564808923104053,1,29,surface,yes
way/593462830,17,155,17.45092466043073,154.70457969467378,43.0329828,141.3696685,0.23939272038690237,1,28,surface,yes
way/593462833,17,155,17.094386209471963,155.36351925749085,43.0312525,141.3730117,0.23939272038690237,1,33,surface,yes
way/597938530,51,82,50.91448626062687,81.546273648897,43.1946541,140.998668,1.2695803533340266,1,31,surface,yes
way/597942648,50,80,50.17938867516604,79.90846318884883,43.1908935,140.990405,0.266042685235938,1,26,surface,customers
way/598412718,22,142,21.649579755913578,142.23305926303033,43.0530554,141.3064662,0.10411990016198826,0,82,multi-storey,yes
way/598422574,17,146,17.297523101080575,145.51119746296393,43.0316275,141.3231723,0.02706580100237932,0,87,surface,yes
way/599990088,10,145,10.012748596813852,145.27665869423726,42.9953912,141.3221954,0.26669740475375303,1,22,surface,yes
way/600490937,10,147,9.824873241202681,147.4743028205905,42.9945987,141.3333166,0.05607702039134222,0,60,surface,yes
way/600490938,10,148,9.928585608566596,147.73687054632884,42.9951313,141.3346417,0.03634604032966137,0,74,surface,customers
way/600907415,10,147,10.153118438989926,147.0353464793321,42.9962025,141.3310869,0.05607702039134222,0,91,surface,yes
way/602822195,21,146,20.91199176162459,146.2237053239826,43.0496452,141.3266723,0.3057221438971002,1,10,surface,yes
way/602977017,43,35,43.00695810382951,35.39048294639951,43.1523615,140.7654369,0.1991863362174114,1,21,surface,yes
way/602977019,43,36,42.90594271465155,35.725077378529015,43.1518808,140.7671322,0.07953795849132822,0,66,surface,yes
way/606195977,92,168,91.87561291595429,167.63501595516223,43.4038689,141.4329319,0.01889158975992232,0,72,surface,yes
way/617185017,25,149,25.45026575043754,149.0551623125412,43.0723928,141.3408635,1.134100654728421,1,24,surface,yes
way/617185018,25,149,25.47963180837996,149.15580266073692,43.0725453,141.3413717,1.134100654728421,1,24,surface,yes
way/617185028,26,150,26.36163005271533,149.9710876146893,43.0769833,141.3454701,1.437141714342997,1,21,surface,yes
way/617185032,25,149,25.341288922211493,148.94426337066093,43.0718438,141.3403057,1.134100654728421,1,33,surface,yes
way/617185033,25,149,25.345183943008763,148.76480931430882,43.0718516,141.3393979,1.134100654728421,1,9,surface,yes
way/617185034,25,149,24.98980794050972,148.88259858259804,43.0700922,141.3400039,1.134100654728421,1,37,surface,yes
way/617185036,25,149,24.942965912354897,148.99130711697984,43.0698663,141.3405551,1.134100654728421,1,10,surface,yes
way/618040791,35,164,35.0437476915457,163.69972686370832,43.1210372,141.4146607,0.09708067858065675,0,72,surface,yes
way/618561547,35,163,35.17130226699094,163.46818847995445,43.1216565,141.4134859,0.18655650817873332,1,39,surface,yes
way/619972579,36,29,35.90011047958297,28.824656499146162,43.1166018,140.7324309,0.08379795804786735,0,71,surface,yes
way/619972582,36,29,36.17141832709759,28.64638611887933,43.1179393,140.7315214,0.08379795804786735,0,77,surface,yes
way/619972586,36,29,36.11305574655407,28.806017183169597,43.1176594,140.7323305,0.08379795804786735,0,100,surface,yes
way/621696159,62,153,62.36274055619393,153.03420218157106,43.2561846,141.3599286,0.10407832943847625,0,84,surface,yes
way/624151146,22,151,22.210308342531217,150.7701432602629,43.0563937,141.3496311,1.5479449420273734,1,29,surface,yes
way/624154220,22,150,22.091691954685352,149.55350705423828,43.0557255,141.3434807,0.8781831816851858,1,12,surface,yes
way/624154221,22,149,22.079330547844016,149.49863309933497,43.0556605,141.3432035,0.5308177029847133,1,34,surface,yes
way/624154222,22,149,21.96812082370825,149.32726341521584,43.0550965,141.3423399,0.5308177029847133,1,7,surface,yes
way/624158423,22,152,22.316748376688892,152.15035032310183,43.0570119,141.3566092,1.3012842808790708,1,9,surface,yes
way/624158424,22,152,22.236545898876518,152.24158988384082,43.056619,141.357073,1.3012842808790708,1,3,surface,yes
way/624221628,22,152,22.18781410638024,152.0570127450898,43.0563648,141.3561408,1.3012842808790708,1,23,surface,yes
way/624413415,22,152,22.23604593957059,151.94659207971134,43.0565975,141.3555809,1.3012842808790708,1,7,surface,yes
way/624413417,22,152,22.280835899719694,151.93567632501794,43.0568195,141.3555244,1.3012842808790708,1,7,surface,yes
way/624413418,22,152,22.248093413848075,151.96672756058928,43.0566587,141.3556824,1.3012842808790708,1,10,surface,yes
way/624413424,22,152,22.26644279446713,151.79860504100162,43.0567391,141.3548315,1.3012842808790708,1,3,surface,yes
way/624557210,22,151,22.02877554508718,150.70673577777072,43.055487,141.3493156,1.5479449420273734,1,26,surface,yes
way/624887347,22,151,22.095761973426395,150.62344791175573,43.0558147,141.3488924,1.5479449420273734,1,38,surface,yes
way/625850391,16,168,15.881094205466667,167.5317051071298,43.0260041,141.4345939,0.2418428309889006,1,32,surface,yes
way/625851692,16,169,16.424633180326975,168.67092315596128,43.0287801,141.4403405,0.41962492769493587,1,28,surface,yes
way/625851693,16,169,16.453550178086548,169.09322625890084,43.0289511,141.4424757,0.41962492769493587,1,40,surface,yes
way/625851695,16,169,15.980894339233322,168.8516338566184,43.0265854,141.4412673,0.41962492769493587,1,24,surface,yes
way/625851697,16,169,16.03451102517338,168.80211702640537,43.0268488,141.4410153,0.41962492769493587,1,24,surface,yes
way/625851698,16,169,15.97601120322643,169.1538568243513,43.0265806,141.4427961,0.41962492769493587,1,29,surface,yes
way/625851700,16,169,16.298922210784333,169.14655805786285,43.0281857,141.4427499,0.41962492769493587,1,29,surface,customers
way/625851704,16,169,16.42590316964471,168.6210495150404,43.0287832,141.4400882,0.41962492769493587,1,30,surface,customers
way/625851706,16,168,16.384743350902525,168.15023921773852,43.0285482,141.437708,0.2418428309889006,1,33,surface,yes
way/625851707,17,168,16.542742659519995,168.16574753366885,43.0293348,141.4377819,0.23835737084802897,1,49,surface,customers
way/625851708,16,168,16.46183962768525,168.14191906344757,43.028931,141.4376637,0.2418428309889006,1,39,surface,yes
way/625851709,16,168,16.366358442077022,168.2993818983711,43.0284664,141.4384629,0.2418428309889006,1,33,surface,yes
way/625851710,16,168,16.335076378583363,168.46911140698634,43.0283218,141.4393223,0.2418428309889006,1,20,surface,yes
way/625851711,16,168,16.248593167540434,168.4708144218531,43.0278919,141.4393334,0.2418428309889006,1,21,surface,yes
way/625851712,16,168,15.901944925432346,168.2395861343432,43.0261534,141.4381738,0.2418428309889006,1,40,surface,yes
way/625851713,16,168,15.76792919437048,168.00919065181174,43.0254722,141.4370123,0.2418428309889006,1,34,surface,yes
way/625851715,16,168,16.000053559430658,168.22541472103794,43.0266403,141.4380993,0.2418428309889006,1,34,surface,yes
way/625851716,16,168,15.963944554490597,168.07865111980573,43.0264513,141.437358,0.2418428309889006,1,31,surface,yes
way/625851717,16,168,16.012579453719983,168.0969384088085,43.0266943,141.4374491,0.2418428309889006,1,40,surface,yes
way/625853268,16,169,16.491315499354727,169.3092551781225,43.0291528,141.4435673,0.41962492769493587,1,24,surface,customers
way/625853272,16,170,16.46290798392525,170.3370585516654,43.0290778,141.4487668,0.16794873308577252,1,34,surface,yes
way/625853273,16,170,16.15628991389991,170.18903436629037,43.0275437,141.4480269,0.16794873308577252,1,27,surface,customers
way/625853274,16,171,16.11324100244511,170.52332558180862,43.0273512,141.449719,0.10233832907458897,0,95,surface,customers
way/625853275,16,170,16.266830976443405,170.36544171633082,43.0281047,141.448916,0.16794873308577252,1,36,surface,customers
way/625853279,16,170,16.245898786766606,169.8376097620338,43.0279666,141.4462468,0.16794873308577252,1,35,surface,customers
way/625853280,16,170,16.259911788343587,169.7185328676471,43.0280286,141.4456441,0.16794873308577252,1,35,multi-storey,customers
way/625853283,16,170,16.06075101172843,169.8560314194384,43.0270472,141.4463453,0.16794873308577252,1,25,surface,yes
way/625853284,16,170,15.885192256419714,169.59242271818408,43.0261573,141.445017,0.16794873308577252,1,20,surface,yes
way/625853285,16,170,15.886603338693584,169.70698075541407,43.0261717,141.4455964,0.16794873308577252,1,37,surface,yes
way/625853287,16,170,16.07990199257555,169.71760867933236,43.0271335,141.4456446,0.16794873308577252,1,25,surface,yes
way/625856371,16,171,16.392503997409662,170.9135998532492,43.0287649,141.451685,0.10233832907458897,0,116,surface,yes
way/625856375,16,172,15.91069051532503,171.5304874248801,43.026409,141.4548191,0.15310538666082574,1,24,surface,yes
way/625856384,16,172,16.015313526672365,171.72435799405278,43.0269417,141.4557967,0.15310538666082574,1,29,surface,yes
way/625856387,16,171,16.010236753376564,171.4798872328122,43.0269007,141.4545603,0.10233832907458897,0,78,multi-storey,yes
way/625856388,16,172,16.173355688264696,171.54417858749375,43.0277159,141.4548808,0.15310538666082574,1,31,surface,yes
way/625857512,22,151,21.76731519344952,150.9646975175452,43.0542036,141.3506279,1.5479449420273734,1,10,surface,yes
way/625869795,16,172,16.112487015557058,172.11589077819727,43.0274501,141.4577743,0.15310538666082574,1,37,surface,yes
way/625869796,16,172,16.07565653512555,172.28232662865574,43.0272777,141.4586172,0.15310538666082574,1,27,surface,yes
way/625869800,16,173,15.91742409898504,173.13345489354174,43.0265458,141.4629268,0.566972971177551,1,20,multi-storey,yes
way/625869819,16,173,16.229599205939888,172.61852821470868,43.0280648,141.4603133,0.566972971177551,1,37,surface,yes
way/625869822,16,172,16.311574489505063,172.04610561902018,43.0284355,141.4574156,0.15310538666082574,1,37,surface,yes
way/625869823,16,172,16.307285938983586,171.87425621957144,43.0284031,141.4565465,0.15310538666082574,1,38,surface,yes
way/625869824,16,172,16.395284456125513,172.26609272825766,43.0288659,141.4585259,0.15310538666082574,1,24,surface,yes
way/625869828,16,172,16.447325077739237,172.1318109992326,43.029116,141.4578452,0.15310538666082574,1,23,multi-storey,yes
way/625873388,16,173,16.177188100854345,173.24062405093846,43.0278443,141.4634614,0.566972971177551,1,26,surface,yes
way/625873391,16,173,16.122762113322032,173.26413813304316,43.0275752,141.4635819,0.566972971177551,1,31,surface,yes
way/625873393,16,173,16.227188944368084,173.47469385150066,43.028108,141.4646439,0.566972971177551,1,22,surface,yes
way/625873395,16,173,15.942453270555701,173.3716136512851,43.0266856,141.4641307,0.566972971177551,1,21,surface,yes
way/625873398,16,174,15.856902310472838,173.52326109695034,43.02627,141.4649002,0.24992134186001358,1,34,surface,yes
way/625873400,16,173,16.056312253682158,173.46893826645308,43.027258,141.4646197,0.566972971177551,1,34,surface,yes
way/625876660,9,177,9.223964315177295,176.9944643931536,42.9935136,141.4826484,0.14505909054013133,1,27,surface,yes
way/625878522,16,176,16.408407816787754,175.92210012533513,43.0291668,141.4770178,0.2779628868917631,1,29,surface,yes
way/625878523,16,176,16.332545437094808,175.90349993212808,43.0287884,141.4769259,0.2779628868917631,1,23,surface,yes
way/625878524,16,176,16.27390102004165,175.71252014132975,43.0284845,141.4759616,0.2779628868917631,1,22,surface,yes
way/625878525,16,176,16.164226535424067,175.6771601439962,43.0279369,141.4757859,0.2779628868917631,1,30,surface,yes
way/625878526,16,176,16.156710368072826,175.8535885112699,43.0279109,141.4766785,0.2779628868917631,1,21,surface,yes
way/625878527,16,176,16.17947012805285,175.73466017916994,43.0280164,141.4760763,0.2779628868917631,1,32,surface,yes
way/625878528,16,176,16.288635842468402,175.64791495343277,43.0285536,141.4756344,0.2779628868917631,1,30,surface,yes
way/626700155,6,174,5.799184287931098,173.51467658407404,42.9762607,141.4651459,0.04053303290499931,0,106,surface,yes
way/626928427,13,167,12.94036992943074,167.3749976436119,43.0113722,141.4338858,0.04399648732007094,0,117,surface,customers
way/627461597,19,150,18.531531269683057,150.08172597162684,43.0380578,141.3462548,1.0324820439770925,1,29,surface,yes
way/627641510,22,151,21.64381419505019,151.35052780107873,43.0536144,141.352583,1.5479449420273734,1,11,surface,yes
way/627641511,22,151,21.60518809111649,151.37466548015283,43.0534239,141.3527062,1.5479449420273734,1,32,surface,yes
way/627642636,22,151,21.74260826958342,151.33157583312524,43.0541044,141.3524843,1.5479449420273734,1,10,surface,yes
way/627642637,22,151,21.842923822641694,151.16267360907617,43.0545923,141.3516271,1.5479449420273734,1,10,surface,yes
way/627647129,22,151,21.57379043946846,151.13751836287562,43.0532525,141.3515076,1.5479449420273734,1,39,surface,yes
way/627651886,21,150,21.454120657905886,150.09212785350698,43.0525901,141.3462234,0.7547446907104582,1,15,surface,customers
way/628359489,7,172,6.905383966247082,172.49815866116626,42.9816954,141.4599725,0.04240799708643397,0,90,surface,yes
way/628437878,14,176,14.201102122871998,176.41101328311856,43.0182232,141.4795542,0.12009398567732393,0,61,surface,permissive
way/628437883,14,176,14.394233057312944,176.46250578484145,43.0191868,141.4798091,0.12009398567732393,0,119,surface,yes
way/628546978,13,170,13.215430216951876,170.218089330635,43.0129231,141.4482584,0.8649263805682125,1,20,surface,yes
way/628546979,13,171,13.192755360568261,170.52129855861688,43.0128299,141.4497927,0.7605762723498671,1,36,surface,yes
way/628546988,13,170,13.106676166010391,170.0713873604093,43.0123729,141.4475195,0.8649263805682125,1,28,surface,yes
way/628591976,12,173,12.334887797802198,172.5563386555241,43.0086956,141.4601107,0.34242811831277964,1,20,surface,yes
way/628592007,13,172,12.622960612337673,171.89155333976527,43.0100851,141.4567399,0.3844495967506483,1,30,surface,yes
way/628592009,13,172,12.607826583524528,172.09245377733694,43.0100228,141.4577565,0.3844495967506483,1,25,surface,yes
way/628923996,5,176,5.322205586346884,175.63742812727733,42.9740259,141.4758966,0.02937196233993589,0,107,surface,permissive
way/628923997,5,176,5.39848799208751,175.65310468022028,42.9744062,141.4759737,0.02937196233993589,0,86,surface,permissive
way/629124370,10,174,10.229772846949338,173.73083932218412,42.9983043,141.4661119,0.4223125460107927,1,21,surface,customers
way/629125438,11,174,10.5586818910226,173.51373103205268,42.9999257,141.4650043,0.531458950292695,1,35,surface,customers
way/629128389,21,151,21.457850022147532,151.08595052229037,43.0526727,141.3512501,0.9117309853715069,1,34,surface,yes
way/629147973,14,174,13.961202000130953,173.57998369323224,43.0168479,141.4652416,0.1985896327030702,1,39,surface,customers
way/629179643,18,171,18.205803183211042,171.1751284598472,43.0377978,141.4529557,0.647642514044213,1,30,surface,customers
way/629179644,18,170,18.30049617612048,170.31049173170953,43.0382129,141.4485796,0.6042096593188605,1,38,surface,customers
way/629179645,18,170,18.442220568732225,170.281344947104,43.0389157,141.4484281,0.6042096593188605,1,31,surface,customers
way/629302809,22,139,21.694642102420385,139.21921060897157,43.0530852,141.2912207,0.04244252302685196,0,80,surface,yes
way/630077528,10,169,10.396138041455295,169.366606691843,42.9988502,141.4440326,0.2877278657712239,1,33,surface,customers
way/630790988,21,151,21.31905425953075,150.9807143962702,43.0519758,141.3507218,0.9117309853715069,1,23,surface,yes
way/631813031,19,150,19.174377429059525,149.8933094540535,43.041242,141.3452833,1.0324820439770925,1,40,surface,customers
way/635820900,21,152,21.17604934340197,151.51512742808168,43.0512992,141.353429,0.6078531796740168,1,37,surface,yes
way/636165497,48,77,47.71983241394017,76.53785702506221,43.1784469,140.973427,0.03045052758364631,0,73,surface,yes
way/636165498,48,77,47.75164869054654,76.80011499965113,43.178622,140.9747526,0.03045052758364631,0,111,surface,yes
way/636165499,48,77,47.614204434397045,76.8124812223838,43.1779394,140.9748191,0.03045052758364631,0,72,surface,yes
way/636165500,48,77,47.64852414272037,76.83507619564695,43.1781115,140.9749324,0.03045052758364631,0,103,surface,yes
way/636275232,19,150,19.007066098193338,149.8762654314372,43.040409,141.3452019,1.0324820439770925,1,26,surface,customers
way/638385274,51,81,50.70057726156764,81.40808823672678,43.1935816,140.9979752,0.6644509685719311,1,35,surface,yes
way/638440634,50,82,50.40472075082835,81.84794038736781,43.1921389,141.0002085,0.5189843853354926,1,36,surface,yes
way/638440635,51,82,50.54285610682598,81.73571752287786,43.1928185,140.9996369,1.2695803533340266,1,22,surface,customers
way/638513165,18,175,17.881064855277952,174.6993831250348,43.0364103,141.4707909,0.6957124821679875,1,24,surface,yes
way/638513166,18,175,18.000646396538503,174.7850163829724,43.0370104,141.4712206,0.6957124821679875,1,28,surface,yes
way/638514706,18,175,18.349320796328875,174.68773053080366,43.0387378,141.4707185,0.6957124821679875,1,40,surface,yes
way/638514707,18,175,18.334337933619352,174.55581598387062,43.0386548,141.4700517,0.6957124821679875,1,34,surface,yes
way/638947547,16,172,15.76771224072029,171.88597798811688,43.025721,141.4566213,0.15310538666082574,1,25,surface,customers
way/638948783,16,172,15.881026246295916,171.7615936209084,43.0262764,141.4559889,0.15310538666082574,1,14,surface,customers
way/641242822,21,149,20.7446771004499,149.43397062643453,43.0490202,141.3429148,0.5047082353885773,1,19,surface,customers
way/645511857,18,175,17.894800704344753,175.4379272336628,43.0365262,141.4745261,0.6957124821679875,1,36,surface,yes
way/645850049,19,151,19.359527220705154,151.13762678470263,43.0422428,141.3515718,1.6465863543103583,1,6,surface,yes
way/645858624,19,151,19.35858102017005,151.16407427633172,43.0422398,141.3517056,1.6465863543103583,1,6,surface,yes
way/646597927,24,153,24.07212220113269,152.5020984104472,43.0657626,141.3583379,6.487324490110103,1,28,surface,yes
way/647415470,24,153,24.10966696534219,152.893391161945,43.0659745,141.360316,6.487324490110103,1,8,surface,yes
way/647415476,24,153,24.211973383321276,152.71054231107104,43.0664714,141.3593882,6.487324490110103,1,9,surface,yes
way/647415482,24,152,24.499905027967678,152.40727873764428,43.0678835,141.357846,2.849137849029936,1,10,surface,yes
way/647573175,25,150,24.70117841618205,149.82149809642942,43.0687176,141.3447612,1.4885317780089575,1,25,surface,yes
way/651370060,24,155,24.056165220243557,154.7259862336316,43.0658266,141.3695869,1.3544815467402789,1,5,surface,yes
way/651370061,24,155,24.165698610174633,155.25473691022367,43.0664053,141.3722582,1.3544815467402789,1,18,surface,yes
way/651370062,24,155,24.200710495480283,154.68712841682333,43.0665428,141.3693862,1.3544815467402789,1,4,surface,yes
way/651370063,24,155,24.225958824757686,154.80753558864083,43.0666761,141.3699945,1.3544815467402789,1,8,surface,yes
way/651370064,24,156,24.430708995273967,156.28990174203332,43.0677897,141.3774865,0.8378685938295319,1,4,surface,yes
way/651378673,25,157,24.61124924689785,156.8223971752751,43.0687217,141.3801747,0.8290411210293567,1,15,surface,yes
way/651517236,24,153,23.59088473980741,152.5532576788618,43.0633731,141.3586105,6.487324490110103,1,14,surface,yes
way/651517237,24,153,23.78119404595649,152.54935709941606,43.0643191,141.3585853,6.487324490110103,1,10,surface,yes
way/652971351,23,153,23.25404608143654,152.66994630173218,43.0617058,141.3592104,2.2673271993525113,1,30,surface,yes
way/653001885,31,159,30.827718943997528,158.72631173105648,43.0997538,141.3896261,0.5550528856460301,1,37,surface,yes
way/653039540,39,148,39.416198344604155,148.38681557523992,43.1417908,141.3370815,0.2121893714237542,1,29,surface,yes
way/653040896,40,145,39.96439042973742,144.5856012368296,43.1442715,141.317839,0.1652737466556431,1,21,surface,yes
way/653275894,24,153,23.55949713702398,153.46807573454862,43.063276,141.3632386,6.487324490110103,1,11,surface,yes
way/653774895,19,150,19.19966469497571,150.19378615354648,43.0413871,141.3468024,1.0324820439770925,1,26,surface,customers
way/654418793,18,150,17.95883544061021,149.64180115328588,43.0351819,141.3440461,0.10084814136245289,0,10,surface,customers
way/656362431,23,153,23.02929481120376,153.0826820874947,43.0606149,141.3613045,2.2673271993525113,1,11,surface,yes
way/656362432,23,153,23.048238595669527,153.0207500611881,43.0607051,141.3609907,2.2673271993525113,1,8,surface,yes
way/663188698,23,153,22.873212223723417,152.80916045335186,43.0598212,141.3599255,2.2673271993525113,1,8,surface,yes
way/663188699,23,153,22.87056863735067,152.78502547378903,43.0598065,141.3598035,2.2673271993525113,1,22,surface,yes
way/663188700,23,153,22.872978609687443,152.7434025915134,43.0598158,141.3595929,2.2673271993525113,1,37,surface,customers
way/664544350,22,153,22.48745550431057,152.9557803182897,43.0579126,141.3606782,1.2103227210934202,1,8,surface,yes
way/664544351,22,153,22.41414617816025,152.9248578706511,43.0575461,141.3605239,1.2103227210934202,1,7,surface,yes
way/664544352,22,153,22.410746352844228,152.89700174760878,43.0575274,141.3603831,1.2103227210934202,1,35,surface,yes
way/665712568,22,153,22.292146055553594,152.58828424932312,43.0569178,141.358825,1.2103227210934202,1,19,surface,yes
way/665712569,22,153,22.250965859696574,152.6279272202242,43.0567156,141.3590267,1.2103227210934202,1,7,surface,yes
way/665838850,54,77,54.119287313051736,77.1674787748203,43.2103067,140.9764277,0.16891227068875214,1,27,surface,customers
way/665838851,54,77,54.161794714395235,77.08751161805684,43.2105129,140.976022,0.16891227068875214,1,23,surface,customers
way/665992337,22,153,22.309265589636887,153.2054372226123,43.0570427,141.3619461,1.2103227210934202,1,31,surface,yes
way/666247087,46,91,46.227939476078525,91.43434420606843,43.1719891,141.0488171,0.08806421041035666,0,106,surface,yes
way/666295740,22,154,22.458016180730954,153.78081203880757,43.0578194,141.3648521,1.1675550797989342,1,14,surface,yes
way/666297979,22,153,22.12566837527277,152.65432041749884,43.0560943,141.3591638,1.2103227210934202,1,22,surface,yes
way/667050569,22,153,22.03201732266119,152.85212538222729,43.0556414,141.360167,1.2103227210934202,1,6,surface,yes
way/667050574,22,153,21.933079504556233,152.81700433814677,43.0551472,141.3599922,1.2103227210934202,1,12,surface,yes
way/667050579,22,153,21.93782531817398,152.93496207533593,43.0551784,141.3605887,1.2103227210934202,1,7,surface,yes
way/667579679,22,153,21.81418922801149,152.68270014802346,43.0545474,141.3593163,1.2103227210934202,1,8,surface,yes
way/667579680,22,153,21.979081983320114,152.77616300525727,43.0553733,141.3597843,1.2103227210934202,1,7,surface,yes
way/670641359,16,162,16.459242814626606,161.65851960472497,43.0285002,141.4048704,0.45051491344942296,1,33,surface,customers
way/670645303,17,165,17.188808774835202,165.11316392341902,43.0323504,141.4223232,0.4607547538662626,1,39,surface,yes
way/670645304,17,165,17.059515801309885,164.91096818022552,43.0316945,141.4213042,0.4607547538662626,1,24,surface,yes
way/670645305,17,165,16.944362606562176,164.8964151058441,43.031121,141.4212339,0.4607547538662626,1,29,surface,customers
way/670913721,40,128,39.804902292126,128.37746872843672,43.1424338,141.235862,0.2349194821364593,1,24,surface,yes
way/671002934,54,78,53.50910913710851,78.0908103810268,43.2073323,140.9811155,0.4393970084855256,1,33,surface,yes
way/671003293,54,78,53.6794379109684,78.35138424979813,43.208196,140.9824286,0.4393970084855256,1,29,surface,yes
way/671003294,54,78,53.67229162893781,78.41860272444507,43.2081648,140.9827688,0.4393970084855256,1,26,surface,yes
way/671003720,54,78,53.78206904215182,78.49722106282687,43.2087157,140.9831633,0.4393970084855256,1,29,surface,yes
way/671003721,54,78,53.77402793942417,78.43798262022732,43.2086719,140.9828639,0.4393970084855256,1,39,surface,yes
way/671009382,54,78,53.6874083089984,77.9320191099591,43.2082086,140.9803072,0.4393970084855256,1,38,surface,yes
way/671009663,54,78,53.717000099129066,78.47292900893595,43.2083906,140.9830423,0.4393970084855256,1,33,surface,yes
way/671012711,54,77,53.76106124859214,77.43841356229036,43.208543,140.9778084,0.16891227068875214,1,33,surface,yes
way/671012712,54,77,53.72023510956467,77.47556746802546,43.2083424,140.9779975,0.16891227068875214,1,37,surface,yes
way/671013267,54,78,54.13363232310674,78.03589846598187,43.210434,140.9808198,0.4393970084855256,1,36,surface,yes
way/671013994,54,77,53.93014856630231,77.39757978532452,43.2093811,140.977597,0.16891227068875214,1,23,surface,yes
way/671014143,53,77,53.35174566570542,77.24120994232791,43.2064951,140.9768227,0.019909873886297738,0,86,surface,yes
way/671014144,53,77,53.386441784658274,77.33561334827856,43.2066737,140.9772992,0.019909873886297738,0,109,surface,yes
way/671014145,53,77,53.43560814167226,77.26325612037571,43.2069135,140.9769318,0.019909873886297738,0,105,surface,yes
way/671015222,53,77,53.465911716517205,77.15194274602322,43.207057,140.9763679,0.019909873886297738,0,85,surface,yes
way/671015239,53,77,53.165383440488974,76.78392777402024,43.205539,140.9745151,0.019909873886297738,0,101,surface,yes
way/671016962,49,83,48.94063767394112,83.01121681579187,43.1849342,141.0061345,0.13164016134786827,1,35,surface,yes
way/671017281,53,77,53.26422697429001,76.52223443764207,43.2060136,140.9731886,0.019909873886297738,0,97,surface,yes
way/671020943,53,76,53.0026382956832,75.5799508805425,43.2046522,140.96843,0.007288469437859241,0,99,surface,yes
way/671045584,54,77,53.95466727964959,77.25001406014131,43.2094935,140.9768499,0.16891227068875214,1,21,surface,yes
way/671045849,54,77,53.9206834001086,77.35355649995208,43.2093312,140.9773746,0.16891227068875214,1,25,surface,yes
way/671050395,11,167,11.326178410161358,167.29346392418174,43.0033409,141.4335198,0.19951740317733196,1,40,surface,customers
way/671063843,18,166,17.54373647208132,166.4557563250024,43.0342017,141.4291039,0.08203456755039415,0,119,surface,yes
way/673591216,54,84,54.3624363524576,83.58621203134942,43.2119294,141.008887,0.0043662922366930895,0,102,surface,yes
way/673591897,50,85,49.56943391923912,85.06868370597218,43.1881933,141.0165232,0.6565716979967059,1,29,surface,customers
way/673592656,43,90,43.2861667928556,90.46486736899847,43.1572996,141.043998,0.03310410907372686,0,67,surface,yes
way/673601231,19,151,18.982789814991328,150.69242978993532,43.0403409,141.3493308,1.6465863543103583,1,26,surface,yes
way/673607407,18,166,18.054523934960535,165.51827755381342,43.036681,141.4243474,0.08203456755039415,0,96,surface,yes
way/673625280,36,164,35.915532140703135,163.8274757298209,43.1253801,141.4152818,0.34116801475829983,1,38,surface,yes
way/675152223,24,154,23.756832433399026,153.96786743296983,43.0642894,141.3657609,2.58444355695025,1,27,surface,yes
way/675971748,28,153,28.110456337632993,153.39870568845387,43.0858997,141.3627569,1.2291570046647933,1,35,surface,yes
way/676428794,50,51,50.252924049116615,51.3796001560447,43.1894203,140.8461024,0.0247188726451101,0,99,surface,yes
way/679201086,29,149,29.29041996264937,148.94153947834397,43.0914794,141.3401784,0.6157360991414209,1,22,surface,yes
way/679201087,29,148,29.078894764127117,148.44259634656538,43.0903955,141.3376608,0.27608646637932094,1,36,surface,yes
way/679403457,9,147,9.45244875467071,147.13391375002573,42.992725,141.3316056,0.1053110756082455,0,119,surface,yes
way/679403458,9,147,9.415878549469184,147.0630660758293,42.9925386,141.3312483,0.1053110756082455,0,73,surface,yes
way/679403459,9,147,9.373848786605,147.23651065953962,42.9923408,141.3321268,0.1053110756082455,0,75,surface,yes
way/683561845,20,151,20.430963453158903,151.4794183542764,43.0475922,141.3532698,0.7129680123286545,1,27,surface,yes
way/684969286,18,150,18.242472989967276,149.83269547478673,43.0366045,141.3450035,0.10084814136245289,0,61,surface,yes
way/684969292,19,152,18.74294262245969,151.59014790128558,43.0392062,141.3538784,0.8663268168900181,1,33,surface,customers
way/685095394,19,150,19.210899985651565,150.26261164985206,43.0414474,141.3471502,1.0324820439770925,1,32,surface,yes
way/685447877,128,166,128.47073539798663,165.9423822238474,43.5857172,141.4233185,0.14916180298130483,1,27,surface,yes
way/685635110,51,39,51.05996552308495,39.4464497985014,43.1926639,140.7857207,0.09724537819291311,0,107,surface,yes
way/685636337,50,39,49.70711447610298,38.89434218227236,43.1859017,140.782967,0.06453479028857512,0,83,surface,yes
way/686910295,43,40,42.94519555107489,40.12857625472033,43.1523598,140.7894042,0.037812576766876924,0,85,surface,yes
way/688015229,19,152,19.44149070898285,151.8228027802203,43.0426945,141.3550351,0.8663268168900181,1,40,surface,yes
way/691562828,25,150,24.830978534371113,150.2560786528256,43.069391,141.3469556,1.4885317780089575,1,40,surface,yes
way/692226914,6,174,6.266239141227985,174.33262500681852,42.9786357,141.4692697,0.04053303290499931,0,118,surface,yes
way/692226920,6,174,6.184183484754503,174.4706309325929,42.9782366,141.4699701,0.04053303290499931,0,63,surface,yes
way/692603434,19,150,19.181481822450866,150.36457863089836,43.0413077,141.3476668,1.0324820439770925,1,31,surface,yes
way/693996255,17,150,16.941328894726738,149.9508826799209,43.0301426,141.3456387,0.0009643580196202465,0,84,multi-storey,yes
way/693996256,17,150,16.958743530540733,149.88589731297384,43.030225,141.3453095,0.0009643580196202465,0,120,surface,yes
way/694042465,11,170,10.86333506426298,169.6197140161757,43.0011895,141.4452994,0.5922938185933136,1,37,surface,yes
way/695013333,21,178,20.97522074172438,177.63649088180398,43.0519843,141.485558,0.5333939564870573,1,34,surface,yes
way/695018762,41,161,41.42806440539915,160.59915101754552,43.1525813,141.3987943,0.03914435487253078,0,74,surface,yes
way/695023199,32,132,32.17209571360055,131.54028408168517,43.104686,141.2520791,0.028683928498898413,0,94,surface,yes
way/696073690,4,147,4.142090571656365,147.30980111431384,42.9663323,141.3326479,0.09655683533502382,0,81,surface,yes
way/696073691,4,147,4.170130040774227,147.15749071875175,42.9664619,141.3318767,0.09655683533502382,0,80,surface,yes
way/696085981,5,148,4.64365157594478,147.68603642845306,42.9688504,141.3345365,0.13780366361544388,1,22,surface,yes
way/696250807,14,176,13.936298855483733,175.7958334092124,43.0168669,141.4764502,0.12009398567732393,0,76,surface,yes
way/696464503,18,181,17.777121989648993,180.7861353326729,43.0362858,141.501581,0.255809294765171,1,32,surface,yes
way/697091229,4,146,3.7396158292245736,145.9860169803171,42.9642458,141.3259637,0.03273553166405351,0,98,surface,yes
way/697115887,19,173,19.205055867281732,173.28418619589948,43.0429022,141.4635947,0.9439321584792337,1,21,surface,yes
way/697532051,21,177,20.61513283347516,177.16671498213614,43.0501636,141.4831922,1.5241942788174943,1,26,surface,yes
way/697534960,19,176,19.240987339391555,176.08989708473968,43.0432617,141.4777851,1.1935033974695497,1,33,surface,yes
way/697534961,19,176,19.16841925034323,176.00644875014066,43.0428955,141.4773651,1.1935033974695497,1,31,surface,yes
way/698124184,24,141,24.043713455161402,140.87777917148355,43.0648721,141.2995423,0.1413046362225014,1,25,surface,customers
way/698124185,24,141,23.99179400985714,140.80257384538697,43.0646091,141.2991634,0.1413046362225014,1,37,surface,customers
way/698124186,24,141,24.166489930611192,140.58972944195423,43.065464,141.2980818,0.1413046362225014,1,40,surface,customers
way/698141589,5,125,4.751498414861197,124.86808416470257,42.9679159,141.219119,0.001283928204211256,0,120,surface,yes
way/698144804,14,178,14.169832733987791,178.34533507634896,43.0181924,141.489339,0.16573317291236864,1,34,surface,yes
way/698144805,14,179,14.093597672001598,178.58044701727735,43.0178285,141.4905304,0.04223949167914207,0,91,surface,yes
way/698145959,14,179,13.756799879517645,179.11443087128941,43.0161883,141.493241,0.04223949167914207,0,101,surface,yes
way/698146823,60,151,60.10654922469394,151.00924160047998,43.2448359,141.3497511,0.026619697362192545,0,61,surface,yes
way/698149378,38,147,38.4843190447003,146.9139783501238,43.1370624,141.3296586,0.1919804569592717,1,38,surface,yes
way/698149876,31,164,31.41491912788154,164.36802460892727,43.1030371,141.4181453,0.7571938869558378,1,26,surface,yes
way/698173847,11,168,10.892165759053322,167.85334815101513,43.001219,141.4363642,0.300464254029074,1,250,surface,yes
way/698220694,31,156,31.08954324858104,156.3364841000214,43.1009016,141.3775307,0.512325716605409,1,21,surface,yes
way/698749221,19,166,18.84736055421917,166.27813345532675,43.0406721,141.428168,0.625245626399291,1,29,surface,yes
way/699048713,19,151,19.202616677820917,151.06605564542812,43.041458,141.3512143,1.6465863543103583,1,4,surface,yes
way/699048714,19,151,18.99545982598187,151.4573416284405,43.0404532,141.3531994,1.6465863543103583,1,25,surface,yes
way/699048715,18,151,18.248506556436066,151.04594375125777,43.0367127,141.35114,0.6826706323742231,1,22,surface,yes
way/699294715,23,141,22.53937120035879,141.35493039308125,43.057423,141.301999,0.054282246256511325,0,83,surface,customers
way/700255039,3,142,3.492014610920544,141.79886832736037,42.9627448,141.304792,0.036267336363727906,0,63,surface,customers
way/700530918,16,170,16.00052818402266,170.2770766412053,43.0267749,141.4484767,0.16794873308577252,1,35,surface,yes
way/700530922,16,170,16.074183515652038,170.09202860217022,43.0271292,141.4475386,0.16794873308577252,1,21,surface,yes
way/701844822,23,153,22.86198382974299,153.0438905660972,43.0597805,141.3611131,2.2673271993525113,1,22,surface,yes
way/702075577,3,142,3.1377516282767255,141.90992219598135,42.9609905,141.3053639,0.036267336363727906,0,114,surface,customers
way/702437505,21,152,20.50803298024174,151.64537461095733,43.0479861,141.354107,0.6078531796740168,1,30,surface,yes
way/704299844,3,139,3.372298045566804,139.47557463633078,42.9619998,141.2930441,0.02430257049104785,0,77,surface,customers
way/704299845,3,139,3.421696801220114,139.21462835661308,42.9622286,141.2917228,0.02430257049104785,0,98,surface,customers
way/708291013,18,148,18.385329723804205,148.30746546568173,43.0372165,141.3372847,0.14088012794050686,1,29,surface,yes
way/708402835,33,190,32.54263886305936,189.9544965537863,43.1102935,141.5475306,0.7960364689049879,1,39,surface,yes
way/708402836,33,190,32.64729455820225,189.96432414082128,43.1108145,141.5475773,0.7960364689049879,1,28,surface,yes
way/708402837,33,190,32.57006560599284,190.0557980758543,43.1104364,141.5480422,0.7960364689049879,1,28,surface,yes
way/708402841,32,190,32.12972165457793,189.59296021132684,43.1082171,141.5457138,0.49083622051749526,1,20,surface,yes
way/708402842,32,190,32.189201437421126,189.67605737544164,43.1085182,141.5461324,0.49083622051749526,1,23,surface,yes
way/708402843,32,190,32.13771885900796,189.73315841867975,43.1082659,141.5464227,0.49083622051749526,1,23,surface,yes
way/708402845,32,189,31.74544338369104,188.84048748540897,43.1062579,141.5419188,0.7970381759152524,1,31,surface,yes
way/708402846,31,188,31.244676973604456,188.39519848697404,43.1037393,141.5396809,0.8637586397563328,1,38,surface,yes
way/708410600,31,189,31.303978138936916,188.52155239203466,43.1040423,141.5403183,0.33486479854879175,1,21,surface,yes
way/708410604,29,185,29.22796525052557,185.4931185198294,43.0935248,141.52506,0.17297292039130546,1,30,surface,yes
way/708410606,29,185,29.170699810434563,185.34625445175632,43.0932306,141.5243188,0.17297292039130546,1,31,surface,yes
way/708410610,29,185,28.781082993907695,184.8163271707142,43.0912592,141.5216496,0.17297292039130546,1,40,surface,yes
way/708410612,29,185,28.68253294670866,184.68302824967964,43.0907606,141.5209782,0.17297292039130546,1,29,surface,yes
way/708421861,33,190,32.7041752626957,190.21844074205768,43.1111137,141.548861,0.7960364689049879,1,27,surface,yes
way/708421872,29,186,29.08257413430663,186.41019492202275,43.092861,141.5297028,0.10737604049292392,0,90,surface,yes
way/710497585,21,158,21.330101877731604,157.65775418079988,43.0524611,141.3844943,0.7157799834310143,1,23,surface,customers
way/710502673,21,158,20.865218707435968,158.4207823245242,43.0501988,141.3883671,0.7157799834310143,1,21,surface,customers
way/710502675,21,159,21.393698775479688,159.20898920920692,43.0528773,141.3923387,0.6125980678706748,1,22,surface,customers
way/710502676,21,159,21.197480014413173,159.07764606031162,43.0518932,141.39168,0.6125980678706748,1,6,surface,customers
way/710502677,21,159,20.932189003581133,158.78401009856694,43.0505552,141.3902024,0.6125980678706748,1,21,surface,customers
way/710502678,21,159,20.7780406207773,158.5365964579134,43.0497728,141.3889554,0.6125980678706748,1,23,surface,customers
way/710683341,22,158,21.78915642591893,158.1325013440963,43.0547742,141.3868824,1.3731406668340949,1,4,surface,customers
way/711140518,33,148,32.928648668533086,148.33624428597815,43.1095303,141.3370122,0.7411364034905247,1,42,surface,yes
way/711141192,28,146,28.320864034718834,146.28392153099566,43.0864873,141.3267639,1.2773388119640006,1,26,surface,customers
way/711142602,28,146,28.229179121440538,146.1997318961499,43.086026,141.3263407,1.2773388119640006,1,40,surface,customers
way/711142603,28,146,28.10538016301138,146.14155560237455,43.0854067,141.32605,1.2773388119640006,1,40,surface,customers
way/712244942,26,177,25.934837036274793,177.12937277261756,43.0766117,141.4828504,0.04677086409274928,0,67,surface,yes
way/712317369,30,188,29.636915526809855,187.51044748504017,43.0956882,141.535252,0.2884197165995008,1,29,surface,yes
way/712397965,33,188,33.40236547958046,188.23528027446204,43.1144574,141.53881,0.40129243072417387,1,29,surface,yes
way/712448951,25,189,24.914690743517685,189.24861729530764,43.0723205,141.5441795,0.024041339696249928,0,71,surface,yes
way/712451032,24,189,23.931019582503847,188.65574547352384,43.0673913,141.541209,0.2998127327422533,1,30,surface,yes
way/712462302,28,181,28.285490187295153,180.73247345065954,43.0885318,141.5010075,0.22153985552500305,1,26,surface,yes
way/712560632,32,188,32.2287630688404,188.4099450146067,43.1086333,141.5397272,0.8025682544444261,1,28,surface,yes
way/712560633,32,188,32.20142277347772,188.3717908179041,43.1084949,141.539535,0.8025682544444261,1,23,surface,yes
way/712566943,30,189,30.342779195233703,188.8202185716279,43.0992823,141.5418566,0.2661287369020115,1,31,surface,yes
way/712704553,30,189,30.21501294420169,189.3364898488419,43.0986803,141.5444716,0.2661287369020115,1,33,surface,yes
way/712704560,29,190,29.43123827296618,189.57333386807704,43.0947985,141.5456921,0.19076961186292662,1,36,surface,yes
way/712704577,30,191,30.35545420260313,190.6009561995565,43.0994601,141.5508633,0.08366532594017886,0,117,surface,yes
way/712704583,30,191,30.082800747428283,190.51067683878043,43.0980986,141.5504145,0.08366532594017886,0,99,surface,yes
way/712704584,30,190,30.248996566905515,190.3686414387568,43.0989158,141.5496913,0.15382362908068178,1,34,surface,yes
way/712731049,18,153,17.9542794214356,153.29788600813376,43.0353949,141.3625389,0.3109167718172368,1,35,multi-storey,permissive
way/712731574,12,169,11.782436410262736,168.73485183282978,43.0057024,141.4407973,0.322073354189329,1,37,surface,customers
way/712731575,12,169,11.684046820790817,168.70088059086743,43.005211,141.4406283,0.322073354189329,1,36,surface,customers
way/713799829,25,180,24.61102093486654,180.14305154341395,43.0702237,141.4981318,0.25659227046206706,1,29,surface,yes
way/714691627,32,188,31.73327812301729,188.41829935722578,43.1061702,141.5397837,0.8025682544444261,1,27,surface,yes
way/714959386,28,184,28.25917564337326,183.86396400960663,43.0886028,141.5168475,0.2854795295203458,1,36,surface,yes
way/715210976,25,180,24.972098010003773,179.79647142671686,43.0719967,141.4963684,0.25659227046206706,1,27,surface,yes
way/715596544,24,179,23.965790377360946,178.56055552205535,43.0669135,141.490146,0.3537018133386899,1,24,surface,yes
way/715983482,22,177,21.734930777573403,177.45943434709235,43.0557503,141.4846406,0.63633825156505,1,37,surface,yes
way/715983483,22,177,21.96869571087536,177.38464663884596,43.0569078,141.4842556,0.63633825156505,1,30,surface,yes
way/716002084,28,184,28.471032024290885,184.3776973241005,43.0896893,141.5194399,0.2854795295203458,1,25,surface,yes
way/716007922,34,187,34.14551577504015,187.31410808431175,43.1180931,141.5341293,0.3269729452603698,1,20,surface,yes
way/716007923,35,187,34.605057477769435,186.85763003320812,43.1203486,141.5318072,0.12041495618379143,0,96,surface,yes
way/716010220,34,187,34.3070184085281,186.78940862089667,43.1188623,141.5314707,0.3269729452603698,1,24,surface,yes
way/716441552,27,181,26.989916524957138,180.9174176004114,43.0821019,141.5019802,0.11945088261823528,0,107,surface,yes
way/716441555,27,181,27.380059940001466,181.2950165165661,43.0840661,141.5038789,0.11945088261823528,0,104,surface,yes
way/716441556,27,181,27.4141419276279,181.37318488850045,43.0842406,141.5042733,0.11945088261823528,0,90,surface,yes
way/716441558,27,181,27.323046951717604,181.36139801352945,43.0837869,141.5042163,0.11945088261823528,0,101,surface,yes
way/717032989,22,178,21.728205004633175,178.3971681265587,43.0557773,141.4893839,0.7388742899665696,1,29,surface,yes
way/717032990,22,178,21.73993650776787,178.35014157521871,43.0558326,141.4891457,0.7388742899665696,1,33,surface,yes
way/717426334,39,125,38.873316129984524,124.7084123777772,43.1375653,141.2173305,0.8251819957429996,1,32,surface,yes
way/717426338,39,125,38.82081024599059,124.88013670483356,43.1373153,141.2182006,0.8251819957429996,1,35,surface,yes
way/717436107,39,125,38.96850035345831,125.2487460730696,43.1380734,141.2200608,0.8251819957429996,1,35,surface,yes
way/717436111,39,125,38.95464757474134,125.37252924639311,43.1380125,141.2206873,0.8251819957429996,1,31,surface,yes
way/717452700,39,126,39.001279826476534,125.7330317341648,43.1382676,141.2225094,0.3956183509866169,1,34,surface,yes
way/717767123,30,190,29.959121957004868,189.61164399585664,43.0974257,141.5458707,0.15382362908068178,1,20,surface,yes
way/717767124,30,190,30.011615445812026,189.6720445134029,43.0976906,141.5461747,0.15382362908068178,1,29,surface,yes
way/718087894,42,172,42.341053390244134,172.04212146514442,43.1578584,141.4566472,0.05513572995768087,0,100,surface,yes
way/718087895,42,172,42.18762787072046,172.14387794281868,43.1571021,141.4571663,0.05513572995768087,0,90,surface,yes
way/720359333,21,152,20.603464785256538,151.921477578945,43.0484784,141.3555008,0.6078531796740168,1,25,surface,yes
way/721578699,15,146,15.336355271298814,146.07084447019957,43.0219123,141.3260594,0.028374201317753183,0,73,surface,yes
way/721578703,15,146,15.285016260594931,145.71504037154648,43.0216341,141.3242612,0.028374201317753183,0,83,surface,yes
way/724633872,20,148,19.98492005230664,148.11748762281906,43.0451577,141.3362778,0.15896392565018058,1,24,surface,customers
way/724746811,19,148,18.519084005311083,148.3020374721518,43.0378812,141.3372534,0.08492250056113772,0,56,surface,customers
way/725703562,25,148,25.398414208796126,147.93058114877948,43.0720625,141.3351768,1.1516825350791944,1,24,surface,customers
way/726171343,25,147,25.33414309369315,146.63459863631644,43.0716594,141.3286235,0.8618924930484838,1,26,surface,customers
way/731613559,1,143,1.0289363669969982,143.02234237383863,42.9505768,141.3110512,0.0509237259101532,0,69,surface,customers
way/731613560,1,143,0.8466550238767888,143.04305392424436,42.9496718,141.3111612,0.0509237259101532,0,111,surface,customers
way/733132810,4,137,3.8079910814156492,137.2547642438236,42.964023,141.2817986,0.05747685067567806,0,82,surface,customers
way/737297357,22,147,22.24486835908392,147.26478094231885,43.0563396,141.3318998,1.0493180633215058,1,4,surface,yes
way/737722743,19,149,18.929339961659586,148.69665443213034,43.0399465,141.3392376,0.2622830884966984,1,38,surface,customers
way/738201192,46,41,46.227984885537516,40.738191843498946,43.1687217,140.7923933,0.025100633101132887,0,110,surface,yes
way/742722681,25,147,24.589436818889183,147.26776576186947,43.0679974,141.3318475,0.8618924930484838,1,28,surface,yes
way/749115767,6,193,5.936341147922034,193.03573598664923,42.9782009,141.5638805,0.2505200530784062,1,25,multi-storey,yes
way/749367794,21,146,21.085352165227388,146.2271421108638,43.0505074,141.3266847,0.3057221438971002,1,7,surface,yes
way/749951543,4,190,4.02744436226434,190.17748697387032,42.9685253,141.5494782,0.04561873626619593,0,89,surface,yes
way/749951544,4,189,3.9345954825692973,189.13584711722933,42.9679965,141.5442122,0.056705090928751374,0,71,surface,yes
way/749977528,21,147,20.798601252631617,146.8039168725687,43.0491188,141.3296103,0.495552766460138,1,28,surface,yes
way/749977529,21,147,20.764710956849157,147.21829094162607,43.048977,141.3317072,0.495552766460138,1,27,surface,yes
way/750094841,10,169,10.380824475336347,169.1081593518609,42.9987574,141.4427258,0.2877278657712239,1,26,surface,customers
way/750094842,10,169,10.101327330084057,169.1657043314799,42.9973714,141.4430249,0.2877278657712239,1,30,surface,customers
way/750327957,17,171,16.583621339430575,171.20110060595417,43.0297337,141.4531337,0.2586592913682674,1,32,surface,yes
way/750985530,6,193,6.488734683501782,192.6928924101429,42.9809254,141.5621305,0.2505200530784062,1,27,surface,yes
way/751565081,31,153,31.075510183971623,152.67928530555199,43.1005961,141.3590328,0.5430058453388141,1,15,surface,yes
way/751565083,31,153,30.56854793673491,152.65920381652265,43.0980741,141.3589458,0.5430058453388141,1,29,surface,yes
way/751847354,31,153,30.935449935162104,152.6250497676779,43.0998962,141.3587625,0.5430058453388141,1,10,surface,customers
way/751847356,31,153,31.152414433972904,152.6749181509699,43.1009782,141.3590085,0.5430058453388141,1,10,surface,yes
way/751847360,31,153,30.781867940780543,152.9235016153083,43.0991518,141.3602765,0.5430058453388141,1,12,surface,yes
way/752186148,21,148,20.811374592531394,147.9968201134912,43.0492592,141.3356437,0.711320997299038,1,9,surface,customers
way/752996850,31,153,30.69940970708539,152.75899751740832,43.0987312,141.3594468,0.5430058453388141,1,6,surface,yes
way/752996858,30,153,30.037492206247332,152.9741934669238,43.0954539,141.3605543,0.5530855726477034,1,36,surface,yes
way/752996859,30,153,29.997778281824086,153.07293866174703,43.0952628,141.3610549,0.5530855726477034,1,20,surface,yes
way/753443813,6,178,6.3401754515058455,178.25435683984054,42.9792561,141.4891039,0.2157305236286852,1,39,surface,yes
way/753489493,15,192,14.557769157774459,192.31182753609284,43.0210215,141.5599711,0.06632118135311003,0,76,surface,customers
way/753916986,21,148,20.78313349783538,148.0017801602108,43.0491191,141.3356696,0.711320997299038,1,14,surface,permissive
way/754115902,24,148,24.355410352739376,148.44099847725758,43.0669094,141.3377885,0.9835700058142836,1,35,surface,yes
way/755537852,7,193,7.287787444717706,192.89254824921989,42.9849113,141.5631174,0.24349116880214722,1,26,surface,yes
way/756957849,4,189,4.070875296220731,189.47240304132902,42.9686958,141.5459106,0.056705090928751374,0,102,surface,yes
way/757490067,3,191,2.90344560293368,191.02955194569083,42.9629915,141.5538203,0.0626109912787762,0,62,surface,yes
way/757727837,9,192,8.954264854357433,192.00946228364023,42.9931404,141.5586028,0.10686312882061079,0,65,surface,yes
way/758603225,2,190,1.561737882046152,190.24617356291947,42.9562698,141.5498965,0.04066352691260455,0,117,surface,yes
way/761918501,19,151,19.193650161239276,150.6065590769967,43.0413838,141.3488904,1.6465863543103583,1,39,surface,yes
way/762394596,24,148,24.015631207174234,148.44009549125516,43.0652199,141.3377937,0.9835700058142836,1,5,surface,yes
way/762398722,24,148,23.97908147048563,147.80758907028658,43.0649974,141.3345955,0.9835700058142836,1,26,surface,yes
way/762559357,7,193,7.450849344501739,192.8154014429189,42.9857171,141.5627225,0.24349116880214722,1,20,surface,yes
way/764022403,24,147,24.18338258716386,147.42870270330687,43.0659888,141.3326732,0.9323114424315987,1,14,surface,yes
way/764022404,24,147,24.272468080198866,146.68789600847003,43.066384,141.3289236,0.9323114424315987,1,10,surface,yes
way/764022405,24,147,24.059557549494837,147.47803799694825,43.0653763,141.3329263,0.9323114424315987,1,8,surface,yes
way/764022406,24,146,24.160167322087442,145.84667732951775,43.0657714,141.3246719,1.522860471573842,1,7,surface,yes
way/765155076,24,146,23.86741896533745,145.92729820228536,43.064321,141.3250881,1.522860471573842,1,6,surface,yes
way/765155077,24,146,23.75512848169587,145.94635140087013,43.0637639,141.3251877,1.522860471573842,1,40,surface,customers
way/766255872,24,148,23.832716808764488,148.43672302936733,43.0643102,141.3377819,0.9835700058142836,1,41,surface,yes
way/766265808,24,148,23.896281145916983,148.1411205663161,43.0646072,141.3362849,0.9835700058142836,1,15,surface,yes
way/766272280,24,148,23.80202401332393,147.84887181234652,43.0641197,141.3348094,0.9835700058142836,1,12,surface,yes
way/766272281,24,148,23.84694667203865,147.68963885655242,43.0643328,141.3340027,0.9835700058142836,1,9,surface,yes
way/766272286,24,148,23.81966754331598,147.63590588873288,43.0641937,141.3337317,0.9835700058142836,1,27,surface,yes
way/766496068,24,147,23.687060555712293,147.19909508921197,43.0635062,141.3315261,0.9323114424315987,1,38,surface,yes
way/766615699,24,146,23.666295242621427,146.28914072431155,43.0633443,141.3269241,1.522860471573842,1,20,surface,yes
way/766615823,24,147,23.545573161843414,146.59402678688903,43.0627637,141.3284697,0.9323114424315987,1,25,surface,yes
way/766615925,24,147,23.68019733078457,146.58510436656766,43.0634325,141.3284207,0.9323114424315987,1,38,surface,yes
way/766785617,23,145,23.486489189095913,145.04528871346614,43.0623701,141.3206378,0.06642918713470648,0,95,surface,customers
way/767051269,23,145,23.408252568893822,144.65131316355058,43.0619557,141.3186473,0.06642918713470648,0,16,surface,yes
way/767051270,23,144,23.487961841784568,144.21335632614637,43.0623238,141.3164298,0.35757920814417365,1,10,surface,yes
way/767051271,23,144,23.240100309524447,144.1871555163252,43.0610897,141.3163044,0.35757920814417365,1,7,surface,yes
way/767051272,24,144,23.68748589916332,144.04317927644362,43.0633049,141.3155633,0.4184070657368783,1,5,surface,yes
way/767528210,30,153,29.863035508513313,152.99016503658092,43.0945875,141.3606401,0.5530855726477034,1,33,surface,yes
way/767528211,30,153,29.823500366470064,153.09683920001865,43.0943978,141.3611808,0.5530855726477034,1,39,surface,yes
way/767599569,23,144,23.307021853883704,144.20971829894665,43.0614239,141.3164166,0.35757920814417365,1,8,surface,yes
way/767599570,23,144,23.17366889891169,144.12212858138463,43.0607552,141.3159774,0.35757920814417365,1,17,surface,yes
way/768679461,8,191,7.624860943499497,191.44985652761537,42.9864943,141.5558105,0.08137654444952995,0,78,surface,yes
way/769012133,31,153,30.809997510020526,152.78906422335157,43.099283,141.3595957,0.5430058453388141,1,23,surface,yes
way/769012135,31,153,30.979297477485986,152.744238022963,43.1001219,141.3593641,0.5430058453388141,1,37,surface,yes
way/769365755,23,145,23.10373926971371,144.95995891539516,43.0604615,141.3202172,0.06642918713470648,0,24,surface,yes
way/769482065,23,148,23.133523245729833,147.969942750996,43.0608036,141.335441,0.2889566646732857,1,49,surface,yes
way/769649003,23,148,23.19382140369405,147.78511535663202,43.0610915,141.3345044,0.2889566646732857,1,18,surface,yes
way/769766291,23,146,22.949967592578005,146.35907046950032,43.0597871,141.3272984,0.42560984333245416,1,39,surface,customers
way/769930091,20,150,19.713428320197508,150.2849613126564,43.0439475,141.3472488,0.6923413800213315,1,35,surface,yes
way/770071790,23,146,22.97999751878632,146.1385435451514,43.0599222,141.3261821,0.42560984333245416,1,14,surface,customers
way/770071791,23,146,22.985417122257186,146.07109778235326,43.0599448,141.3258408,0.42560984333245416,1,37,surface,yes
way/772701706,23,145,22.839741576169192,144.9714872806317,43.0591496,141.3202831,0.06642918713470648,0,83,surface,yes
way/772704109,23,144,22.91926534815836,144.27012761372876,43.0594998,141.3167333,0.35757920814417365,1,24,surface,yes
way/772704110,23,145,22.60182068736079,144.570969625415,43.0579408,141.3182641,0.06642918713470648,0,11,surface,yes
way/772709576,23,144,22.852492761248516,143.74270733248702,43.0591338,141.3140675,0.35757920814417365,1,34,surface,customers
way/772811456,23,148,22.605584983411514,148.05375441509113,43.058184,141.3358801,0.2889566646732857,1,16,surface,yes
way/772815035,23,148,22.624269388137332,147.63172184280083,43.0582497,141.3337449,0.2889566646732857,1,25,surface,yes
way/772815036,23,148,22.642399418416332,147.74582132523682,43.0583472,141.3343215,0.2889566646732857,1,20,surface,yes
way/772821557,23,147,22.7982066113878,147.12211859424562,43.0590817,141.3311623,0.3190322781677118,1,31,surface,yes
way/772904539,23,147,22.585404830564844,147.40429889413028,43.0580418,141.3325957,0.3190322781677118,1,36,surface,yes
way/772907404,23,147,22.743666109949924,147.11567978584318,43.0588101,141.3311313,0.3190322781677118,1,34,surface,yes
way/773002351,23,147,22.56317936988393,147.12827587832433,43.0579135,141.3312002,0.3190322781677118,1,28,surface,yes
way/773002352,23,147,22.552936732630236,147.04338264339378,43.0578571,141.3307711,0.3190322781677118,1,7,surface,yes
way/773002353,23,147,22.508575184241362,147.21673489316314,43.0576477,141.3316492,0.3190322781677118,1,25,surface,yes
way/773778956,23,147,22.675753826370745,146.63273655172577,43.0584413,141.3286905,0.3190322781677118,1,3,surface,yes
way/773787860,23,147,22.618953727335757,146.6392543201079,43.0581593,141.3287251,0.3190322781677118,1,10,surface,yes
way/773787862,22,147,22.466184854857595,146.78964984957304,43.0574094,141.3294902,1.0493180633215058,1,25,surface,yes
way/773888605,23,146,22.598943415811632,146.02168950870524,43.05802,141.325602,0.42560984333245416,1,6,surface,yes
way/773889725,22,146,22.490916642564112,146.0609130329173,43.0574854,141.3258035,0.07810560755509002,0,63,surface,yes
way/775569742,24,150,24.08040940851194,149.89244541616088,43.0656356,141.3451379,2.2887440953646974,1,41,surface,yes
way/775857309,21,146,20.93003485724287,145.79063719294248,43.049707,141.3244813,0.3057221438971002,1,21,surface,customers
way/775857551,23,143,22.863397372808844,143.4103884125084,43.0591666,141.3123863,0.11857710411056985,0,5,surface,customers
way/776230732,22,146,22.395844996812595,145.8826956357295,43.0570012,141.3249048,0.07810560755509002,0,17,surface,yes
way/776353814,22,145,22.496679912120392,145.21759747755831,43.0574597,141.3215378,0.006436431810993205,0,65,surface,yes
way/777034385,15,158,14.58906472975916,158.36095387894184,43.0189888,141.3882449,0.17876337869890926,1,38,surface,customers
way/777379539,13,158,13.137062751551088,158.15475999142612,43.0117559,141.3872437,0.1604417941084588,1,21,surface,customers
way/777416235,26,140,25.992637732177787,140.44034284677713,43.0745343,141.2972737,0.32395432685427694,1,37,surface,yes
way/777416236,29,143,29.125332725997865,142.67117241267042,43.0902544,141.3084673,0.9864237215831333,1,23,surface,customers
way/777417251,32,136,32.4958567926388,135.61448200929652,43.1065584,141.2726773,0.32050262079994823,1,34,surface,customers
way/777418653,37,132,36.85529489272041,132.30218287238372,43.1280208,141.2557982,0.9075111098074128,1,38,surface,customers
way/777418654,37,133,36.96130029235159,132.52128839891128,43.128562,141.2569034,0.2713659935335163,1,25,surface,customers
way/777418655,37,133,37.207131667288124,133.21142886938884,43.1298288,141.2603871,0.2713659935335163,1,22,surface,customers
way/777425871,23,155,22.68438253003478,154.95940937474145,43.0590209,141.370807,0.32018959154371734,1,7,surface,customers
way/777430266,19,163,18.938335411263562,163.38397905366836,43.0409379,141.4135266,1.0539209495330777,1,26,surface,customers
way/777433581,23,163,22.9280174970364,162.97435263815998,43.0607489,141.41134,1.0056449057054389,1,7,surface,customers
way/777460214,25,149,24.866089148469936,149.18748738457728,43.0694967,141.3415496,1.134100654728421,1,22,surface,customers
way/778290225,26,144,26.28513336584301,144.24392302774362,43.0762338,141.316504,0.9959521695087344,1,35,surface,customers
way/779434128,25,144,24.96801277683066,143.90656745695537,43.0696631,141.3148355,0.47756800210329264,1,37,surface,customers
way/779718395,25,144,25.411531050450257,143.72425409588845,43.0718566,141.3139006,0.47756800210329264,1,8,surface,yes
way/779718396,25,143,24.99159876948681,143.41981450068036,43.069749,141.3123728,0.36192111018446266,1,15,surface,yes
way/779718397,25,144,24.59683733211201,143.50240599638622,43.0677915,141.3128019,0.47756800210329264,1,15,surface,yes
way/781951308,15,160,15.33792153679316,160.2452417198221,43.0228337,141.3977542,0.5278806750983005,1,24,surface,yes
way/782294849,21,150,20.530727480214555,150.2856521366945,43.0480113,141.3472288,0.7547446907104582,1,11,surface,yes
way/783521036,24,152,24.355943645510493,152.25525612745926,43.0671579,141.3570812,2.849137849029936,1,35,surface,yes
way/783521037,24,152,24.246432786977675,152.29725885143154,43.0666161,141.3572968,2.849137849029936,1,27,surface,yes
way/783521038,24,152,24.258670835464596,152.38336942454796,43.0666825,141.357732,2.849137849029936,1,23,surface,yes
way/783521040,24,153,24.288136477206343,152.53062907217733,43.0668385,141.358476,6.487324490110103,1,30,surface,yes
way/783523557,25,147,25.12392786008613,146.50159430555914,43.0706056,141.3279568,0.8618924930484838,1,36,surface,customers
way/783526592,24,144,23.689116986620103,143.54345074905197,43.0632808,141.3130356,0.4184070657368783,1,21,surface,yes
way/783526601,24,144,23.62884377290796,143.58672182561241,43.0629839,141.3132562,0.4184070657368783,1,36,surface,yes
way/783757644,25,144,24.902156353809605,144.05472860874036,43.0693452,141.3155868,0.47756800210329264,1,31,underground,yes
way/784339164,25,143,25.01639852103067,143.12179720828408,43.0698531,141.3108647,0.36192111018446266,1,36,surface,yes
way/784341525,24,144,24.25327527663017,143.67386011045647,43.0660943,141.313679,0.4184070657368783,1,23,surface,customers
way/784431026,20,151,19.980620072689234,150.61194106433504,43.0452971,141.348895,0.7129680123286545,1,36,surface,yes
way/784431027,20,151,19.984677422032586,150.69302298977257,43.0453225,141.349305,0.7129680123286545,1,39,surface,yes
way/784431028,20,151,19.943196418269988,150.7139811709014,43.0451176,141.3494122,0.7129680123286545,1,29,surface,yes
way/785016583,20,151,19.880741571058365,150.84021644936604,43.0448152,141.3500525,0.7129680123286545,1,34,surface,yes
way/785696866,18,148,18.394811135001557,148.44642656947246,43.0372726,141.3379873,0.14088012794050686,1,36,surface,customers
way/785876514,25,143,24.849331483600157,142.8904230687227,43.0690075,141.3096992,0.36192111018446266,1,33,surface,customers
way/785876515,25,143,24.737517248339273,142.75948052998874,43.0684431,141.3090401,0.36192111018446266,1,33,surface,yes
way/785898659,22,144,22.464026542362554,144.3605405994675,43.0572421,141.3172037,0.34482188172009237,1,30,surface,yes
way/786566231,7,191,6.740906648024358,191.13299340415747,42.9820787,141.5542332,0.04068124908321885,0,61,surface,customers
way/788731211,19,151,18.539200651563707,150.91744693145503,43.0381498,141.3504817,1.6465863543103583,1,28,surface,yes
way/788731212,19,151,18.524585862362972,150.8300575415943,43.0380715,141.3500401,1.6465863543103583,1,39,surface,yes
way/788731215,19,151,18.521199460780135,150.6289529955133,43.0380417,141.349023,1.6465863543103583,1,21,surface,customers
way/788731216,18,151,18.431300104795856,150.61491908365514,43.0375938,141.3489546,0.6826706323742231,1,20,surface,customers
way/789066873,22,149,22.371860352554496,148.82669643851366,43.0570717,141.3397964,0.5308177029847133,1,20,surface,customers
way/789313808,22,148,22.396287072975113,148.355764624501,43.0571628,141.3374137,0.5440504369215231,1,38,surface,yes
way/789313809,22,148,22.44909146077366,148.47130670864337,43.0574328,141.3379966,0.5440504369215231,1,21,surface,customers
way/789338060,22,148,22.283385626367764,148.3366178312919,43.0566002,141.3373201,0.5440504369215231,1,26,surface,customers
way/789710315,22,148,22.398840643102314,147.9539841750957,43.0571496,141.3353814,0.5440504369215231,1,39,surface,yes
way/789710316,22,148,22.41026114138506,148.11557370000457,43.0572168,141.3361984,0.5440504369215231,1,35,surface,yes
way/789758831,18,150,18.404892355997756,150.47845171289913,43.0374537,141.3482651,0.10084814136245289,0,83,surface,yes
way/789758833,18,150,18.40812495473593,149.98395168748002,43.0374379,141.3457638,0.10084814136245289,0,111,surface,yes
way/791274245,21,148,20.692972547099806,148.26391825097917,43.0486877,141.3369981,0.711320997299038,1,9,surface,customers
way/791274247,21,148,20.688649670465235,148.3305398876336,43.0486705,141.3373352,0.711320997299038,1,5,surface,customers
way/791562618,22,148,22.337860907139795,147.5413247678723,43.0568198,141.3332959,0.5440504369215231,1,12,surface,yes
way/791946526,22,147,22.319739085555952,147.3350554697277,43.0567164,141.3322531,1.0493180633215058,1,25,surface,customers
way/792350294,22,147,22.32216857248939,147.25314051056412,43.0567232,141.3318387,1.0493180633215058,1,7,surface,yes
way/792747480,27,139,26.549675021077256,139.34209656690945,43.0772332,141.2917027,0.5380868059784357,1,29,surface,yes
way/792748730,27,139,26.649919758950766,139.10884110856622,43.0777166,141.29052,0.5380868059784357,1,30,surface,yes
way/792755426,28,137,27.682915993447658,137.41557964869213,43.0827437,141.2819257,0.4095482786530274,1,25,surface,customers
way/792883701,28,138,27.62916545717914,137.5235174134583,43.0824834,141.2824732,0.7772337500140843,1,24,surface,customers
way/792958184,57,190,56.75403733625866,190.3355295887057,43.2307014,141.5487619,0.041659666673298235,0,96,surface,yes
way/793090642,8,193,7.854148588195746,192.77079797331604,42.9877195,141.5624853,0.05618705528459187,0,96,surface,yes
way/793170181,26,144,26.036135713101817,143.6072041030473,43.0749547,141.3132906,0.9959521695087344,1,40,surface,customers
way/793318171,1,190,1.1133454261938442,189.77741813153037,42.9540101,141.5475384,0.05745092421619733,0,87,surface,yes
way/793318172,1,190,0.9753991490190487,189.52752641230515,42.9533081,141.5462784,0.05745092421619733,0,118,surface,yes
way/793318173,1,189,0.8840128020201259,189.41720193245087,42.9528466,141.545723,0.04778426302349599,0,63,surface,yes
way/793349904,21,175,20.887766746845234,175.00266807235684,43.0513797,141.4722385,0.40577795463740235,1,29,surface,yes
way/793860237,19,175,19.167861994455418,175.48159930768608,43.0428589,141.4747104,1.2211274809639827,1,20,surface,yes
way/793861887,19,175,18.876261271753744,174.71191919304806,43.0413594,141.4708257,1.2211274809639827,1,33,surface,yes
way/793866345,20,177,20.44748840948064,176.98298435828485,43.0493182,141.4822677,2.5543622138177966,1,32,surface,yes
way/793866346,20,177,20.318843504653465,176.82853794764546,43.0486686,141.4814902,2.5543622138177966,1,32,surface,yes
way/793868197,22,177,22.12634083944828,177.37162417495864,43.0576908,141.4841852,0.63633825156505,1,32,surface,yes
way/793868198,22,177,22.24859617611852,177.18738614416836,43.0582868,141.4832498,0.63633825156505,1,33,surface,yes
way/794224037,20,177,20.493525842014304,176.8261895040256,43.049537,141.4814733,2.5543622138177966,1,28,surface,customers
way/794224042,21,177,20.532008477736685,177.0722142805285,43.0497442,141.4827166,1.5241942788174943,1,26,surface,yes
way/794224044,21,177,20.507247932980395,177.09880321566476,43.0496228,141.4828518,1.5241942788174943,1,39,surface,yes
way/794224045,20,177,20.332076956100618,177.09385358424436,43.0487515,141.4828318,2.5543622138177966,1,24,surface,yes
way/794391267,21,178,21.386977816255456,177.76016228386123,43.0540396,141.4861717,0.5333939564870573,1,25,surface,yes
way/794400052,21,177,20.75196822829353,177.07409702125145,43.050838,141.4827198,1.5241942788174943,1,32,surface,yes
way/794400055,20,176,19.779958754849776,176.166526057765,43.0459465,141.4781572,1.3828555385708803,1,36,surface,yes
way/794400056,20,176,19.849518330972604,176.25399046710115,43.046298,141.4785976,1.3828555385708803,1,34,surface,yes
way/794400058,20,176,20.06196747167674,176.21156447385516,43.0473516,141.4783769,1.3828555385708803,1,40,surface,yes
way/794400059,20,176,20.173037550803123,176.29906709318684,43.0479095,141.4788163,1.3828555385708803,1,37,surface,yes
way/794400060,20,176,20.21618950828777,176.39899497188208,43.0481305,141.4793205,1.3828555385708803,1,23,surface,yes
way/794400063,20,176,19.71579918835277,176.3094576825651,43.0456367,141.478882,1.3828555385708803,1,28,surface,yes
way/794402317,19,176,19.37733375049329,176.10016179393605,43.0439403,141.4778331,1.1935033974695497,1,31,surface,yes
way/794402321,19,176,19.450313799198376,175.94083127937117,43.0442929,141.4770251,1.1935033974695497,1,34,surface,yes
way/794406635,18,174,18.24541949649347,174.06583370721046,43.0381811,141.4675759,0.7963893788741607,1,28,surface,yes
way/794406636,18,174,18.059424456232374,173.68107165555003,43.0372315,141.4656351,0.7963893788741607,1,27,surface,yes
way/794616128,23,178,22.936063825335427,177.56268119618431,43.0617292,141.4851283,0.1871076726309653,1,32,surface,yes
way/794785791,20,176,20.158534440355993,176.42492246830847,43.0478455,141.4794533,1.3828555385708803,1,39,surface,yes
way/794785794,20,177,20.262929676888824,176.53551858548596,43.0483717,141.4800097,2.5543622138177966,1,31,surface,yes
way/794785795,20,176,19.998590475577377,175.9528044364981,43.0470198,141.4770699,1.3828555385708803,1,38,surface,yes
way/794796422,21,177,20.700869540312997,177.10158410427476,43.0505857,141.4828603,1.5241942788174943,1,24,surface,yes
way/794796431,20,177,20.432497891683596,176.72444000199096,43.049227,141.4809604,2.5543622138177966,1,33,surface,yes
way/794796432,20,176,20.407431956841133,176.33707340956914,43.0490774,141.4790018,1.3828555385708803,1,31,surface,yes
way/794796433,20,176,20.432175035414126,176.32114065054282,43.0491994,141.4789205,1.3828555385708803,1,26,surface,yes
way/794796436,20,176,20.39662522196558,176.12813713251683,43.0490102,141.4779453,1.3828555385708803,1,22,surface,yes
way/794796441,21,177,20.727244233920533,176.61225706724792,43.0506853,141.4803845,1.5241942788174943,1,40,surface,yes
way/794796442,21,177,20.576988776648744,176.79372626627043,43.0499499,141.4813067,1.5241942788174943,1,32,surface,yes
way/794796444,21,177,20.612709865481033,176.86336311695516,43.050132,141.4816579,1.5241942788174943,1,33,surface,yes
way/794800648,19,176,19.303922838408305,175.92192910691335,43.0435638,141.4769337,1.1935033974695497,1,24,surface,yes
way/794802535,20,176,19.793220498817828,176.34587991574077,43.046024,141.479064,1.3828555385708803,1,23,surface,yes
way/794802536,20,176,19.759314725096246,175.94847900441184,43.0458298,141.4770549,1.3828555385708803,1,26,surface,yes
way/794802537,20,176,19.699183006386278,175.88309246308287,43.0455266,141.4767259,1.3828555385708803,1,26,surface,yes
way/794805993,19,175,19.15528668601574,175.24463824430435,43.0427811,141.4735122,1.2211274809639827,1,30,surface,yes
way/794805999,19,176,19.04383372244502,175.54971537877776,43.0422466,141.4750585,1.1935033974695497,1,36,surface,yes
way/794806001,19,176,18.922557979328783,175.65683443092485,43.0416505,141.4756038,1.1935033974695497,1,31,surface,yes
way/794809991,21,179,20.56765111598314,178.88864948821922,43.0500385,141.4919032,0.2815813208245304,1,27,surface,yes
way/794809992,21,179,20.61967034697215,178.54501828701888,43.050275,141.4901636,0.2815813208245304,1,40,surface,yes
way/795014982,22,146,22.213405583370317,145.5758296148011,43.0560743,141.3233579,0.07810560755509002,0,76,surface,yes
way/795088331,20,176,19.643708414409495,176.0961003992447,43.0452645,141.4778049,1.3828555385708803,1,30,surface,yes
way/795088332,20,176,19.568957551666173,175.97313828982294,43.0448849,141.4771851,1.3828555385708803,1,31,surface,yes
way/795088336,19,176,19.440539763914252,175.72670124168377,43.0442305,141.4759423,1.1935033974695497,1,31,surface,yes
way/795088338,19,176,19.372796282704293,175.7272059090585,43.0438937,141.4759468,1.1935033974695497,1,33,surface,yes
way/795088339,19,176,19.242811203923512,175.50082696568853,43.0432328,141.4748055,1.1935033974695497,1,34,surface,yes
way/795088340,19,176,19.217262494820485,175.53081193979295,43.0431077,141.4749579,1.1935033974695497,1,37,surface,yes
way/795088341,19,176,19.182558668142413,175.56112052173503,43.0429371,141.4751122,1.1935033974695497,1,33,surface,yes
way/795088342,19,176,19.08029841496192,175.67214357106343,43.0424358,141.4756767,1.1935033974695497,1,30,surface,yes
way/795088344,19,176,18.971427614274482,175.77802827354648,43.0419013,141.4762154,1.1935033974695497,1,40,surface,yes
way/795088345,19,176,18.843949822235114,175.72748223822302,43.0412642,141.4759634,1.1935033974695497,1,25,surface,yes
way/795088346,19,176,18.818929242897372,175.7260351899793,43.0411397,141.4759568,1.1935033974695497,1,30,surface,yes
way/795256222,21,176,20.69158947006757,175.71212307995245,43.05045,141.4758326,0.6955202605458318,1,31,surface,yes
way/795256223,21,176,20.74438793534199,175.80485002508695,43.0507185,141.4763001,0.6955202605458318,1,31,surface,yes
way/795256224,19,175,19.468907822077636,175.2977051923952,43.0443439,141.4737716,1.2211274809639827,1,26,surface,yes
way/795262276,18,177,17.961575998573014,177.27612871314093,43.0369767,141.4838219,0.1844370183734171,1,38,surface,yes
way/795319113,27,139,26.78710841228982,139.19997176639777,43.0784046,141.290977,0.5380868059784357,1,31,surface,yes
way/795319114,27,139,26.703289355056604,138.9697824822683,43.077973,141.2898151,0.5380868059784357,1,27,surface,yes
way/795319119,27,139,26.606835089051962,139.17903837968328,43.0775069,141.2908763,0.5380868059784357,1,20,surface,yes
way/795319135,27,139,27.02896462085782,138.68563397047697,43.079574,141.2883685,0.5380868059784357,1,35,surface,yes
way/795319136,27,139,27.08050335392152,138.70642884005133,43.0798316,141.2884722,0.5380868059784357,1,31,surface,yes
way/795319137,27,139,27.05573678829667,138.64349711961754,43.0797044,141.2881546,0.5380868059784357,1,21,surface,yes
way/795332046,27,138,26.779670125145845,138.47984997176363,43.0783212,141.2873348,0.4876417838712324,1,31,surface,yes
way/795332048,27,139,26.755059689026172,138.53985182937706,43.0782027,141.287639,0.5380868059784357,1,38,surface,yes
way/795332051,27,139,26.650763661436915,138.98168233653152,43.0777126,141.2898768,0.5380868059784357,1,30,surface,yes
way/795332052,27,139,26.652231748154353,138.94600500831476,43.0777176,141.2896963,0.5380868059784357,1,40,surface,yes
way/795332055,26,139,26.465346850597697,138.89053460196538,43.0767848,141.2894211,0.021252493799529346,0,62,surface,yes
way/795369210,27,140,26.627394275950685,139.5572256383511,43.0776335,141.2927886,0.302019609410874,1,21,surface,yes
way/795858933,22,178,21.610429765694988,177.9348191095655,43.0551619,141.4870487,0.7388742899665696,1,32,surface,yes
way/795858934,22,177,21.518461436645374,177.47997136903467,43.0546753,141.4847507,0.63633825156505,1,29,surface,yes
way/795861768,24,177,23.790949608118805,177.3634295454556,43.065967,141.4840959,0.45294278016309486,1,24,surface,yes
way/795880216,26,178,25.68617679158999,178.01343872398186,43.0754323,141.4873292,0.22348685595719467,1,36,surface,yes
way/795880217,26,178,25.64864613315085,178.0368511219004,43.0752472,141.4874487,0.22348685595719467,1,26,surface,yes
way/795880218,25,178,25.169921267895322,177.95158875837149,43.0728614,141.4870312,0.46878307366888294,1,40,surface,yes
way/795880219,25,178,25.10640357279146,178.03414506076334,43.0725509,141.4874506,0.46878307366888294,1,25,surface,yes
way/795880220,25,178,25.044192062782454,178.199013191725,43.0722522,141.4882863,0.46878307366888294,1,37,surface,yes
way/795880224,25,178,25.07655046211488,178.30309083490613,43.0724198,141.4888118,0.46878307366888294,1,21,surface,yes
way/795880225,25,177,24.545214913444493,177.4977860484784,43.069726,141.4847538,0.06522858285601922,0,68,surface,yes
way/795880226,24,177,24.481683995339274,177.4975831500605,43.0694101,141.4847546,0.45294278016309486,1,34,surface,yes
way/795880227,25,177,24.507963155123544,177.4810660073111,43.0695397,141.4846703,0.06522858285601922,0,91,surface,yes
way/795880231,24,177,24.238991046495602,177.45433004125832,43.0682006,141.4845428,0.45294278016309486,1,29,surface,yes
way/795883652,23,176,23.236147201619435,175.60833734370613,43.0630953,141.4752345,0.47027701542531036,1,36,surface,yes
way/795888160,27,181,27.301716552961874,181.18543835858594,43.0836695,141.5033269,0.11945088261823528,0,63,surface,yes
way/796236248,20,149,19.641067564622936,149.01726388711995,43.043506,141.3408388,0.5812527175779042,1,24,surface,customers
way/796400718,22,177,22.11943850607614,177.09576732612535,43.0576387,141.4827901,0.63633825156505,1,30,surface,yes
way/797494954,21,177,21.236868514251395,177.49284297942637,43.053276,141.4848239,1.5241942788174943,1,21,surface,yes
way/797500719,21,177,21.144302033358482,177.41770320291104,43.0528109,141.4844465,1.5241942788174943,1,27,surface,yes
way/797500720,21,177,21.029032775524513,177.40589756219885,43.052237,141.4843901,1.5241942788174943,1,34,surface,yes
way/797721689,28,182,27.598892567255056,181.84463331417257,43.0851896,141.5066526,0.25926531636932343,1,32,surface,yes
way/797754831,23,177,23.31785175386255,177.05508957417786,43.0635948,141.4825499,0.4292397122609226,1,23,surface,yes
way/797754836,23,177,23.14995260346004,176.74051662982737,43.0627397,141.4809636,0.4292397122609226,1,37,surface,yes
way/797758168,23,176,23.41049269380676,176.31461941311508,43.0640077,141.4788019,0.47027701542531036,1,31,surface,yes
way/797758169,24,176,23.52616738830826,176.17103157979136,43.0645736,141.4780723,0.34980741130760046,1,21,surface,yes
way/797780561,23,181,22.87787915021747,181.16215500945455,43.0616719,141.5033363,0.029198297062325015,0,93,surface,yes
way/797783871,22,176,21.844520794186476,176.46182711864714,43.0562309,141.4795915,0.737188375376644,1,36,surface,yes
way/798608171,22,177,21.873041480296852,177.39100290085915,43.0564326,141.4842905,0.63633825156505,1,26,surface,yes
way/798608939,23,176,22.784025732102457,175.97646386044443,43.060871,141.4771095,0.47027701542531036,1,38,surface,yes
way/799292729,129,159,128.9797081004653,158.71871872962896,43.5877823,141.3867662,0.004143996523593909,0,98,surface,yes
way/801436083,23,133,23.153984691180735,133.31884685071896,43.059961,141.2613344,0.04573635895842097,0,116,surface,yes
way/801499021,18,148,18.294116592426388,148.03949236011658,43.0367457,141.3359319,0.14088012794050686,1,13,surface,customers
way/807912958,8,195,7.759271605398268,194.75272139314666,42.9873755,141.5725127,0.8461382742514146,1,33,surface,customers
way/807912966,8,195,7.661540823032672,194.80135485737702,42.9868927,141.5727615,0.8461382742514146,1,39,surface,customers
way/807946093,18,150,17.895852737833362,149.64585201838543,43.034869,141.3440684,0.10084814136245289,0,94,surface,yes
way/807946094,18,150,17.868722208482044,149.64892041302164,43.0347343,141.3440847,0.10084814136245289,0,91,surface,customers
way/807984857,20,149,19.51540494886193,149.02993431331515,43.042882,141.3409065,0.5812527175779042,1,6,surface,customers
way/810749510,6,193,6.242912857042219,193.36110089210746,42.9797462,141.5655174,0.2505200530784062,1,26,surface,customers
way/810752729,6,193,6.26018880813131,193.2571669401419,42.9798254,141.5649912,0.2505200530784062,1,60,surface,yes
way/810752730,6,193,6.381831681248411,193.20550610145344,42.9804269,141.5647264,0.2505200530784062,1,24,surface,yes
way/813729811,6,194,5.595638193806738,193.78408846334662,42.9765551,141.5676755,0.06671392329092383,0,69,surface,customers
way/813729812,5,194,5.499520544476714,193.75637759725058,42.9760754,141.5675381,0.030201804668239744,0,68,surface,customers
way/813842600,19,151,19.473623052752764,151.2632244969521,43.0428182,141.3522038,1.6465863543103583,1,5,surface,customers
way/815168289,20,151,20.274238335385824,150.61315504972248,43.0467571,141.3488927,0.7129680123286545,1,28,surface,permissive
way/817442930,18,151,17.964753719161383,150.73672259989132,43.0352819,141.3495841,0.6826706323742231,1,20,surface,customers
way/819084619,10,113,9.627851865542095,113.36412610292663,42.9914205,141.1607912,0.0060606619286560776,0,0,surface,yes
way/823390021,20,150,20.323096447495843,150.43425308666679,43.0469885,141.3479864,0.6923413800213315,1,22,surface,yes
way/823390023,20,150,20.244802197511724,150.33639908790673,43.0465929,141.3474937,0.6923413800213315,1,35,surface,customers
way/824481979,6,189,5.998665696089725,188.9121116213525,42.978245,141.5430212,0.009624410991397025,0,85,surface,yes
way/824765084,19,151,18.73465366802996,150.8720378585304,43.0391187,141.3502464,1.6465863543103583,1,9,surface,customers
way/828315197,20,149,20.39996638467222,148.60335268820896,43.0472527,141.3387234,0.5812527175779042,1,13,surface,customers
way/828392247,20,148,20.355235037729916,148.29790195116274,43.0470106,141.3371797,0.15896392565018058,1,10,surface,customers
way/829393012,20,148,19.64086636943045,147.93279396203482,43.0434351,141.3353535,0.15896392565018058,1,37,surface,customers
way/829474418,107,161,107.34155805922927,160.52921516445016,43.4803103,141.3965458,0.003048867733883349,0,67,surface,yes
way/829501078,160,151,159.5511455117748,150.70887929730102,43.7392726,141.3453732,0.02175269949703503,0,106,surface,yes
way/829538750,164,154,164.30474440359222,154.1324791678816,43.763129,141.3625533,0.06718365565766898,0,109,surface,yes
way/829538760,168,156,167.60646826272662,155.70484560270287,43.7796471,141.3704115,0.05346270147071793,0,70,surface,yes
way/829895585,181,184,180.76108842426297,184.26906984763323,43.8468953,141.5145127,0.0034760182077293797,0,81,surface,yes
way/831040453,19,149,19.072319573143005,148.59705287874496,43.040651,141.3387297,0.2622830884966984,1,26,surface,yes
way/831696612,23,149,22.517318128715036,149.33182788378377,43.0578275,141.3423472,0.4917276826119895,1,8,surface,customers
way/833713720,20,151,19.653854515692487,151.1586152549504,43.0437076,141.3516695,0.7129680123286545,1,16,surface,customers
way/834071908,17,149,17.355978268682158,149.1222474608622,43.0321509,141.3414355,0.04268290508561609,0,5,surface,customers
way/837516875,33,154,33.41030835361099,153.536812296594,43.1122604,141.3633031,0.8745257365291804,1,32,surface,yes
way/837516876,33,153,33.36917519606693,153.45026071898818,43.1120503,141.3628665,0.7855467294218946,1,35,surface,yes
way/837518459,33,152,33.41557818048783,152.43212851851948,43.1122154,141.3577154,1.1661572430761056,1,32,surface,customers
way/837521179,35,151,34.884546827644336,150.84697834104554,43.1194172,141.3496554,0.8302755665581856,1,9,surface,yes
way/837784532,49,84,49.421361257052844,83.82042529829982,43.1873766,141.0102137,0.8559839483558166,1,27,surface,yes
way/837810722,50,42,49.865138118695135,41.689754578263525,43.1868676,140.7971018,0.2645665591536172,1,32,surface,customers
way/837811013,50,42,49.579142210551424,41.691648333180254,43.1854457,140.7971196,0.2645665591536172,1,38,surface,yes
way/837816132,49,45,49.06163653380286,45.2697890894609,43.1831032,140.8152329,0.03188677835044467,0,117,surface,yes
way/837816470,49,44,49.05628557849995,43.875111224640946,43.1829867,140.8081787,0.06071940647327,0,65,surface,yes
way/838029273,47,44,46.76979739415936,43.65049358873686,43.1716034,140.8071083,0.12403157585290395,0,80,surface,yes
way/838031166,51,39,51.328187384712045,39.29678949900114,43.1939879,140.784956,0.09724537819291311,0,101,surface,customers
way/838033065,51,39,50.712403999683865,39.39117337228045,43.1909322,140.7854511,0.09724537819291311,0,64,surface,yes
way/838037954,54,36,54.14392139670419,36.38893939163499,43.2078008,140.770167,0.15000033305893523,1,30,surface,yes
way/842071622,16,162,15.692999269213349,162.2061559619257,43.0247256,141.4076624,0.45051491344942296,1,31,surface,yes
way/842074218,17,163,16.547954437752452,162.76332232327488,43.0290125,141.410456,1.3372238096973263,1,35,surface,customers
way/843800615,22,148,21.95458569546518,148.25983892430585,43.0549604,141.3369412,0.5440504369215231,1,30,surface,customers
way/843822489,17,149,16.712297282656632,148.72499903814145,43.0289248,141.3394447,0.04268290508561609,0,83,surface,customers
way/844107957,16,149,16.308046610664423,149.11915851975354,43.0269402,141.34145,0.061787168649375245,0,92,surface,customers
way/844163255,26,151,25.753502028835843,150.5562967763363,43.0739973,141.3484476,1.9311997042481446,1,26,surface,customers
way/844673869,74,168,74.28440309605084,168.13762442534016,43.3164347,141.4359798,0.03135844367881572,0,98,surface,yes
way/844673870,74,169,74.36079111398092,168.64627788007473,43.3168473,141.4385504,0.0031479571306083473,0,69,surface,customers
way/844673955,75,170,74.89283077436063,170.20092646290126,43.3195929,141.4463986,0.016423790793572226,0,75,surface,yes
way/844678960,8,190,7.60504563621446,190.31302181742018,42.9863225,141.5500609,0.047935434763193716,0,60,surface,yes
way/845850448,5,191,5.477915021929434,191.09602143150948,42.9757965,141.5540825,0.15405596139053365,1,25,surface,yes
way/845850449,6,191,5.5622315394118935,191.09855675066672,42.9762159,141.5540929,0.10690315762289727,0,65,surface,yes
way/845850450,5,191,5.357526825064167,191.02451946465177,42.9751933,141.5537243,0.15405596139053365,1,36,surface,yes
way/845874347,127,159,127.0767086956191,158.93202138979453,43.578334,141.3878998,0.030183553247464783,0,60,surface,yes
way/846851712,7,193,7.499358381116558,192.9411404408711,42.9859664,141.5633571,0.24349116880214722,1,27,surface,yes
way/848719959,39,90,38.67803804984253,89.68026378968015,43.1343366,141.0401619,0.2638120541101232,1,31,surface,yes
way/848719960,39,90,38.70923473654237,89.76535519352471,43.1344972,141.0405914,0.2638120541101232,1,29,surface,yes
way/848719964,39,90,38.63895239954056,90.38060773784032,43.1341874,141.0437054,0.2638120541101232,1,26,surface,yes
way/848725565,39,88,39.08908179045521,87.73965836447394,43.1362553,141.0303344,0.02227961800708078,0,119,surface,yes
way/848728288,37,90,36.760532448332064,89.6038666086022,43.1247975,141.0398306,0.009287631815361373,0,90,surface,yes
way/849365746,4,176,3.5045495541455285,175.77715568977035,42.9649972,141.4766556,0.04904466485732654,0,113,surface,yes
way/849595427,8,193,8.004810930662847,192.75342586527196,42.9884675,141.5623931,0.05618705528459187,0,74,surface,yes
way/849595428,8,193,7.665799442171118,193.11064926838927,42.9868049,141.5642097,0.05618705528459187,0,119,surface,yes
way/850040491,13,184,12.871827800715556,184.0486739588324,43.0121061,141.5182241,0.038090332590261906,0,117,surface,yes
way/851928000,14,178,14.050185522002984,177.83190833456686,43.0175644,141.4867455,0.16573317291236864,1,20,surface,yes
way/851928001,14,178,14.41130944976738,178.3288151867872,43.019392,141.4892485,0.16573317291236864,1,37,surface,yes
way/852580735,18,158,18.169059764008736,157.5454050362847,43.0367366,141.3840169,0.6734404756001892,1,40,surface,customers
way/853045833,11,191,10.988247050240894,190.6469950428562,43.0031659,141.5516529,0.04858216531547832,0,65,surface,yes
way/855447388,25,153,25.375104982266894,152.90920288047184,43.0722675,141.3603596,9.392149637547679,1,29,surface,customers
way/857048417,18,149,17.799019473052965,148.89295678682186,43.034339,141.340263,-0.006499587342141172,0,74,surface,customers
way/857375634,15,178,14.61494989141356,178.21344546301287,43.0203971,141.4886591,0.1506811842545694,1,23,surface,yes
way/857375635,15,178,14.696405286887355,178.14036230083542,43.0207974,141.4882871,0.1506811842545694,1,29,surface,yes
way/857377412,15,178,14.897073730711009,178.08669904773492,43.0217917,141.4880099,0.1506811842545694,1,24,surface,yes
way/857456576,25,142,24.698542442602783,142.10459994185945,43.0682071,141.3057288,0.3080475814105396,1,26,surface,yes
way/859507237,19,150,19.202769519208474,149.8642896214392,43.0413813,141.3451357,1.0324820439770925,1,38,surface,yes
way/859879825,7,193,7.463793245350148,192.97583316884132,42.9857918,141.5635336,0.24349116880214722,1,30,surface,yes
way/862465282,18,150,17.506191221235163,150.01146679460822,43.0329551,141.3459289,0.10084814136245289,0,7,surface,customers
way/862968439,19,151,19.222512632778738,150.6607162229066,43.0415308,141.3491635,1.6465863543103583,1,34,surface,yes
way/862968440,19,151,19.180658701443562,150.66389864532707,43.0413229,141.3491808,1.6465863543103583,1,35,surface,yes
way/862968441,19,151,19.202412314274817,150.69085078430447,43.0414328,141.3493165,1.6465863543103583,1,40,surface,yes
way/865800114,19,148,18.95102063048099,148.46858705432496,43.0400396,141.3380834,0.08492250056113772,0,73,surface,yes
way/867166649,19,146,18.58592421762015,146.2612166898236,43.038082,141.3269289,0.03258694429907207,0,96,surface,customers
way/884334856,20,149,19.569357323009108,148.7807575633694,43.0431342,141.3396446,0.5812527175779042,1,33,surface,customers
way/884399679,44,103,43.71144994475673,103.32990300180934,43.1602434,141.1090578,0.16688772129782042,1,21,surface,yes
way/885604611,40,113,40.35384278574125,113.22849182279978,43.1441868,141.1592219,0.049295672360943864,0,8,surface,yes
way/885604612,40,111,40.17476824787441,110.61411647074219,43.1431279,141.1460034,0.08134487642463653,0,83,surface,customers
way/885731677,20,150,19.613331154298564,149.61939340280864,43.0434069,141.3438852,0.6923413800213315,1,35,surface,customers
way/885731678,19,149,18.95748247507274,148.94908538200733,43.0401027,141.3405136,0.2622830884966984,1,27,surface,customers
way/885731679,19,149,18.96059078814949,149.0009807218927,43.0401215,141.340776,0.2622830884966984,1,26,surface,customers
way/885733688,20,151,19.8327871634287,150.83614798509373,43.0445765,141.3500333,0.7129680123286545,1,33,surface,customers
way/888050808,18,149,18.465858690768677,148.69836985256083,43.0376421,141.3392596,-0.006499587342141172,0,94,surface,customers
way/888050816,19,149,19.027236511084528,149.12239421318844,43.0404607,141.3413882,0.2622830884966984,1,23,surface,customers
way/889432306,21,152,20.818709881685418,151.61837425293328,43.0495291,141.3539615,0.6078531796740168,1,14,surface,customers
way/889432307,21,152,20.82335952918956,151.54981696878775,43.0495478,141.3536146,0.6078531796740168,1,10,surface,customers
way/890806320,21,151,20.966388865464243,150.90646886735857,43.0502175,141.3503564,0.9117309853715069,1,32,surface,customers
way/890806321,21,151,20.978830425964357,150.87913772487715,43.0502776,141.3502178,0.9117309853715069,1,32,surface,customers
way/894078094,19,148,18.584314270312095,147.98497376258558,43.0381851,141.3356478,0.08492250056113772,0,1,surface,customers
way/896458168,16,149,15.535022843602196,149.26205512436374,43.0231058,141.342195,0.061787168649375245,0,82,surface,customers
way/896458169,16,149,15.557800724033026,149.2487802080831,43.0232182,141.3421272,0.061787168649375245,0,94,surface,customers
way/896458173,16,149,15.523279007754132,149.22780526409346,43.0230452,141.3420221,0.061787168649375245,0,99,surface,customers
way/896458174,15,150,15.487026506838472,149.5668602441132,43.0228868,141.3437381,0.020822264900079643,0,117,surface,customers
way/899226060,20,153,19.77946657134259,153.07987070317276,43.044456,141.3613837,0.4343269490390846,1,36,surface,customers
way/901983309,21,150,20.792965851894557,150.00025342671938,43.0492968,141.3457777,0.7547446907104582,1,37,surface,customers
way/901983310,21,150,20.819209179189894,150.06562530595534,43.0494315,141.3461076,0.7547446907104582,1,5,surface,customers
way/905754570,20,149,19.887677363376802,148.74905573394716,43.0447149,141.3394751,0.5812527175779042,1,40,surface,yes
way/907924645,20,146,20.09488201479243,145.81277863006173,43.0455559,141.3246173,0.07917716021744778,0,11,surface,customers
way/909821780,10,168,9.625539408218867,168.1122796954474,42.9949378,141.4377103,0.05351830326934028,0,90,surface,yes
way/912241169,29,147,28.607433358715657,146.83200555899032,43.0879475,141.3295279,0.7053554596563559,1,39,surface,yes
way/913702141,22,148,22.44471730842576,148.39759736254277,43.0574063,141.3376239,0.5440504369215231,1,29,surface,customers
way/913831786,22,149,22.071792041146875,148.70091169829004,43.0555716,141.3391688,0.5308177029847133,1,27,surface,customers
way/914785212,27,151,26.653385734651128,151.3757758620699,43.0785245,141.3525667,0.586063106135543,1,21,surface,yes
way/914785213,27,152,26.51325648941629,151.9086631415235,43.0778621,141.3552661,1.984692977295159,1,33,surface,yes
way/914785214,27,152,26.60362209352234,152.13341321520844,43.0783259,141.3564003,1.984692977295159,1,27,surface,yes
way/914785219,28,147,27.779500881337682,146.6865741116705,43.0838215,141.3288161,0.5678889206475475,1,33,surface,yes
way/914785220,27,153,27.00268222399105,152.9045344076045,43.0803598,141.3602892,3.390391697517388,1,27,surface,yes
way/914785221,27,153,26.932009936923613,152.5724438316854,43.079987,141.3586115,3.390391697517388,1,10,surface,yes
way/914785222,27,153,26.581248899469493,152.76398335558764,43.0782553,141.3595904,3.390391697517388,1,13,surface,yes
way/914785223,26,152,26.24978626790074,151.71349439491124,43.0765395,141.3542865,7.150249807354117,1,12,surface,yes
way/914785224,26,152,26.06083586124788,151.6342877034604,43.0755949,141.3538913,7.150249807354117,1,8,surface,yes
way/914785231,26,151,26.205310475755077,151.40539586923802,43.0762985,141.3527294,1.9311997042481446,1,10,surface,yes
way/914785238,26,151,26.10917506636753,150.97877642669997,43.075793,141.3505743,1.9311997042481446,1,27,surface,yes
way/914785239,26,151,26.004645317721327,151.14075481154225,43.0752837,141.3513966,1.9311997042481446,1,25,surface,yes
way/914785240,26,151,25.903784246229726,151.06471776522855,43.0747773,141.3510149,1.9311997042481446,1,33,surface,yes
way/914785241,26,151,25.874726604421497,151.0007929052322,43.0746287,141.3506924,1.9311997042481446,1,15,surface,yes
way/914785242,26,151,25.741580859136995,150.83360851246587,43.0739559,141.3498506,1.9311997042481446,1,17,surface,yes
way/914785244,26,151,26.184528646932325,150.6130756191927,43.0761441,141.3487224,1.9311997042481446,1,13,surface,yes
way/914785245,26,150,26.2493783877009,150.2276237423116,43.0764417,141.3467709,1.437141714342997,1,20,surface,yes
way/914785246,27,150,26.806499553394655,149.97155979173147,43.0791953,141.3454597,0.33300375325667975,1,30,surface,yes
way/914785251,28,151,27.69696662960523,150.86894026544294,43.0836807,141.3499731,0.8045850417395722,1,5,surface,yes
way/914785252,28,151,28.046721779648102,150.8822169411862,43.0854206,141.3500302,0.8045850417395722,1,31,surface,yes
way/914785253,28,150,27.758076021295008,150.08007076237888,43.0839337,141.3459812,0.07365054519766213,0,12,surface,yes
way/917800778,51,45,50.783269843094466,45.309130391782595,43.191666,140.8153824,0.16571259044822842,1,35,surface,yes
way/918115649,51,42,50.996337920572074,42.36891274970044,43.1925359,140.8005045,0.18384543815773638,1,28,surface,yes
way/918116444,51,42,50.905401669825274,42.352638883465495,43.1920827,140.8004248,0.18384543815773638,1,22,surface,yes
way/918116795,51,41,50.94489459521746,41.336958488766236,43.1922136,140.7952863,0.2875122787144279,1,37,surface,customers
way/918131663,36,29,36.363384450541865,28.744293029607107,43.1189001,140.7320111,0.08379795804786735,0,120,surface,yes
way/918493056,20,149,20.433998893943023,149.28730729816004,43.047466,141.3421819,0.5812527175779042,1,26,surface,yes
way/919088999,20,149,20.38729645699654,149.2533727912698,43.0472316,141.3420116,0.5812527175779042,1,35,surface,customers
way/920161881,30,167,30.13041166636744,167.04426717537416,43.0968228,141.4317188,0.0010368047576717297,0,71,surface,yes
way/921149129,19,151,19.49943769235204,151.29029856803405,43.0429483,141.35234,1.6465863543103583,1,39,surface,customers
way/921149130,19,150,18.859389645278526,149.81844769728198,43.039671,141.3449137,1.0324820439770925,1,22,surface,yes
way/921540196,20,149,20.332225524581844,149.36697717254563,43.0469651,141.3425878,0.5812527175779042,1,32,surface,customers
way/923343872,19,151,18.925947505678806,151.04352658291546,43.0400809,141.3511083,1.6465863543103583,1,3,surface,customers
way/923343873,19,151,18.944850966302003,151.06538151677208,43.0401763,141.3512183,1.6465863543103583,1,36,surface,customers
way/924000396,18,153,17.859141006415715,152.58956301495118,43.0348762,141.3589589,0.3109167718172368,1,37,surface,customers
way/924592089,20,148,20.011192513243415,148.40867780745626,43.0453071,141.3377499,0.15896392565018058,1,33,surface,customers
way/924592090,20,148,20.151732077558915,148.40421758777381,43.0460056,141.3377233,0.15896392565018058,1,31,surface,customers
way/925353810,21,150,21.40905502326492,149.71937658695555,43.052342,141.3443393,0.7547446907104582,1,49,surface,yes
way/926136673,20,148,20.37772344970403,147.74222295006848,43.0470866,141.3343684,0.15896392565018058,1,15,surface,customers
way/927650098,20,148,20.43903977573034,147.92412351658496,43.0474032,141.3352867,0.15896392565018058,1,31,surface,customers
way/930352267,23,144,22.75888689580215,144.2162906342619,43.0586989,141.3164656,0.35757920814417365,1,20,surface,customers
way/932429459,28,150,28.45136080970257,149.595482923694,43.0873496,141.3435102,0.07365054519766213,0,10,surface,yes
way/932438583,29,149,29.267963307740796,149.3799600898477,43.091396,141.3423966,0.6157360991414209,1,37,surface,yes
way/937951657,10,147,9.837753381483202,147.11991152952598,42.9946399,141.3315237,0.05607702039134222,0,105,surface,yes
way/937951658,10,147,9.84945548371988,147.11859410362948,42.994698,141.3315167,0.05607702039134222,0,120,surface,yes
way/937951659,10,147,9.826537004937535,147.12099447046268,42.9945842,141.3315295,0.05607702039134222,0,111,surface,yes
way/937951660,10,147,9.816740659821555,147.1211364999463,42.9945355,141.3315305,0.05607702039134222,0,81,surface,yes
way/945500792,131,158,131.45191593344762,158.25090359795743,43.6000444,141.3843289,0.0053231393242771565,0,89,surface,customers
way/945500793,132,159,131.6460209380778,158.7966432462692,43.6010447,141.3870837,0.07996794777092439,0,105,surface,yes
way/945500794,132,159,131.5971064624801,158.55789402191076,43.6007861,141.3858775,0.07996794777092439,0,108,surface,yes
way/946177361,21,152,21.267443041204498,151.85295057823723,43.0517754,141.3551351,0.6078531796740168,1,36,surface,yes
way/949302631,22,149,21.814473874763813,148.76190416306164,43.0542961,141.3394847,0.5308177029847133,1,35,surface,customers
way/949593311,22,149,21.730122468300415,148.83032480949785,43.0538811,141.3398332,0.5308177029847133,1,34,surface,customers
way/952167118,21,147,20.569670384812653,147.23653775306653,43.0480084,141.3318051,0.495552766460138,1,37,surface,customers
way/952167120,20,148,20.374720587413854,147.50377419377944,43.0470563,141.3331624,0.15896392565018058,1,33,surface,customers
way/952257352,72,163,72.18864638137,163.43313685278878,43.305711,141.4122445,0.005304083242471767,0,96,surface,yes
way/952366514,63,170,63.33330392083745,169.8876058351496,43.2620967,141.4451461,0.0038471193624751232,0,79,surface,yes
way/953276882,19,153,18.52447044488136,152.86362614185538,43.038202,141.360326,1.0727727399633153,1,28,surface,customers
way/954104415,49,39,49.23691008808684,39.124565856197314,43.1835786,140.784145,0.07171044510338902,0,112,surface,yes
way/954104416,49,39,49.41521979533786,38.98823388216321,43.1844564,140.7834503,0.07171044510338902,0,114,surface,yes
way/954164108,17,167,17.3551028643872,166.7585957111875,43.0332833,141.4306411,0.22504508853586933,1,40,surface,yes
way/954515295,21,148,20.689103839825545,148.19155616840467,43.0486638,141.3366322,0.711320997299038,1,36,surface,customers
way/954762162,9,167,8.663988040733651,166.59809197829415,42.9900592,141.4300791,0.042679884219730485,0,113,surface,customers
way/954774841,52,36,51.6592655675726,35.93508400691813,43.1954174,140.7679428,0.032573339354613276,0,117,surface,yes
way/954908116,19,165,19.16206890103968,165.29317860004113,43.0421734,141.423177,0.9315359455496074,1,26,surface,customers
way/954961128,24,155,24.43018598046226,155.4567717855197,43.0677334,141.3732725,1.3544815467402789,1,31,surface,yes
way/955238795,19,164,19.460812049574578,163.72769221496233,43.0435579,141.4152501,0.4585209513169007,1,28,surface,yes
way/955607372,51,42,51.10540471413363,42.49924656038169,43.1930866,140.8011606,0.18384543815773638,1,25,surface,yes
way/957092548,21,153,21.235455403026624,152.54099810209402,43.0516607,141.3586162,0.47856963247328405,1,7,surface,customers
way/957436168,17,169,16.76555312110422,168.72966120698396,43.030479,141.4406278,0.4205633519271465,1,31,surface,customers
way/957734872,20,148,20.035179849209477,147.88475867625013,43.0453926,141.3350992,0.15896392565018058,1,21,surface,customers
way/958374261,18,169,18.271012892327448,169.0196100000754,43.0379831,141.4420511,1.1578657741465455,1,33,surface,yes
way/958397702,17,168,16.584819883567928,167.94675209080563,43.0295299,141.436673,0.23835737084802897,1,29,surface,yes
way/958594595,22,163,21.923949279832993,163.02716681544507,43.0557599,141.411636,0.9051436293521155,1,23,surface,customers
way/958600040,22,160,21.961880786954136,160.06383068911154,43.0557575,141.3966462,1.0649669940841777,1,13,surface,customers
way/958603635,22,163,21.66331170211394,163.27595974001983,43.05448,141.4129019,0.9051436293521155,1,28,surface,customers
way/958743364,17,168,17.2340721279937,168.45723780311985,43.032791,141.4392364,0.23835737084802897,1,23,surface,yes
way/959003047,22,157,21.876449927173958,156.8503891707263,43.0551256,141.3803949,1.390188239162167,1,22,surface,customers
way/959003586,23,156,22.602356515115986,156.160986879422,43.0586905,141.376887,0.7927278792438295,1,8,surface,customers
way/959718206,21,169,21.2927240804503,168.7266835482832,43.0529887,141.4404826,0.5712558311343255,1,38,surface,customers
way/959722791,22,169,22.04529062198787,168.77332865733695,43.0567336,141.4406969,0.9345711577719571,1,38,surface,yes
way/959736772,23,169,22.894524281179045,168.82856972502324,43.0609597,141.4409519,0.6974055187756634,1,38,surface,customers
way/959918071,21,170,21.295105272614755,170.10997652343195,43.0530897,141.4474793,1.2595006302615321,1,23,surface,yes
way/959919571,20,170,20.44519605629233,169.54676930973406,43.0488275,141.444655,0.5820494461246954,1,30,surface,customers
way/959919572,20,169,20.487505666253085,169.38121472810607,43.0490272,141.4438164,0.6521946701044204,1,25,surface,customers
way/960598428,24,169,23.607761387462098,169.49196791196465,43.0645488,141.4442869,0.41860256922333616,1,36,surface,yes
way/960598429,24,169,23.596743924556435,169.1674128150077,43.0644731,141.4426456,0.41860256922333616,1,24,surface,yes
way/960693320,20,161,20.311099341958084,161.49391596226008,43.0476417,141.4039271,0.7289874679769266,1,38,surface,customers
way/960694799,20,162,20.026592711004234,162.16441543664027,43.0462703,141.4073267,0.5731932540202613,1,39,surface,yes
way/960996881,18,168,18.084860811446866,168.15669859578517,43.0370019,141.4376918,0.40044011805638785,1,21,surface,yes
way/960998350,18,168,17.74096237414904,167.972440767318,43.0352801,141.4367697,0.40044011805638785,1,39,surface,yes
way/960998351,17,167,17.04052599089987,167.40294591068397,43.0317607,141.4339093,0.22504508853586933,1,24,surface,yes
way/960998352,17,167,16.936125074805528,167.27261884689466,43.0312332,141.4332531,0.22504508853586933,1,30,surface,customers
way/961199591,23,156,22.74574334152612,155.6405537299575,43.0593699,141.3742505,0.7927278792438295,1,28,surface,yes
way/961203014,22,155,22.36058284123812,155.11128442984793,43.0574207,141.3715845,0.6166538619742926,1,37,surface,yes
way/961204819,22,155,22.23498719720626,154.74023047078003,43.0567723,141.3697113,0.6166538619742926,1,7,surface,yes
way/961241953,22,154,21.538086323976938,154.36964648711051,43.0532833,141.3678569,1.1675550797989342,1,21,surface,customers
way/961245735,21,154,21.244241647061813,154.027509484682,43.0518002,141.3661348,0.6403177601571325,1,32,surface,yes
way/961439243,19,172,18.58396321254666,172.120308582474,43.039739,141.4577256,1.0549763907725829,1,27,surface,customers
way/961447082,19,173,19.47584647789321,173.04652242848817,43.0442333,141.4623848,0.9439321584792337,1,40,surface,yes
way/961447084,20,173,20.334602684315943,173.20652194617696,43.0485135,141.4631694,0.6138608290749782,1,39,surface,yes
way/961447085,20,173,20.365438732188604,173.0665444378877,43.0486578,141.4624605,0.6138608290749782,1,22,surface,customers
way/961447086,21,173,20.527338572830885,173.4994885431356,43.0494907,141.4646457,0.18653301488946136,1,26,surface,customers
way/961468256,16,172,15.955600942565711,171.8640132261367,43.0266538,141.4565048,0.15310538666082574,1,25,surface,customers
way/961871238,19,149,18.689193115295115,149.24668761450306,43.0387879,141.3420266,0.2622830884966984,1,6,surface,yes
way/961878803,21,147,20.82153616153351,147.0624470674519,43.0492495,141.3309173,0.495552766460138,1,28,surface,customers
way/962144682,16,168,15.706719850378576,167.76163301143083,43.0251519,141.4357619,0.2418428309889006,1,29,surface,yes
way/962145146,16,168,15.674575217857804,167.84120434192937,43.0249972,141.4361653,0.2418428309889006,1,23,surface,customers
way/962158766,15,174,15.333173386209781,173.5817905010505,43.0236697,141.4652113,0.38972307278514395,1,31,surface,yes
way/962162019,15,175,14.983307141118555,175.25111732859665,43.0220377,141.4736649,0.4442652947742448,1,31,surface,yes
way/962162020,15,176,14.991173226246088,175.55967998764677,43.0220967,141.4752254,0.5545004892624336,1,32,surface,yes
way/962169488,21,149,21.232157024197605,148.68870615178284,43.051396,141.3391312,0.5047082353885773,1,39,surface,customers
way/962179957,17,174,17.272918204767386,174.37066334614317,43.0333653,141.4691457,0.7830970069728087,1,36,surface,yes
way/962180669,18,177,18.407071982957902,177.2499934178853,43.0391901,141.4836769,0.1844370183734171,1,36,surface,yes
way/962192704,20,160,19.825062601728153,160.06439902085023,43.0451329,141.3967105,0.5588441698097245,1,26,multi-storey,yes
way/962192705,20,160,19.69066019020469,160.1260307351624,43.0444686,141.3970261,0.5588441698097245,1,33,surface,yes
way/962211375,14,171,14.20775687407402,171.2137740580505,43.0179213,141.4532661,0.20572902449905983,1,27,surface,customers
way/962217265,17,165,17.206267016808567,164.58713178794116,43.0324033,141.419662,0.4607547538662626,1,40,surface,customers
way/962220263,16,166,16.45198985024883,165.96481963477163,43.0287417,141.4266521,0.43857215660899534,1,25,surface,customers
way/962244991,20,154,20.35819856832008,153.55838221429693,43.0473644,141.3637874,0.37426221250883174,1,26,surface,customers
way/962252291,22,174,21.767797452475918,174.09555955366523,43.0556969,141.467625,0.5624559087679809,1,29,surface,customers
way/962254433,13,167,13.497053756186908,166.5289808229672,43.0140856,141.4295906,0.04399648732007094,0,97,surface,customers
way/962259656,10,171,9.586118371695898,171.39221142673807,42.9949532,141.4543015,0.6664714554441059,1,35,surface,customers
way/962276754,12,167,12.319276234012115,167.3204995795186,43.0082805,141.433628,0.13506852608918096,1,26,surface,customers
way/962278557,12,167,12.365176050282557,167.17432067761828,43.0084993,141.4328873,0.13506852608918096,1,28,surface,customers
way/962287537,15,164,14.764158226784165,164.45828747700486,43.0202524,141.4190805,0.2995213698520634,1,28,surface,customers
way/962319852,16,164,16.035422360988427,164.44821323998096,43.0265727,141.418993,1.5078859661666373,1,33,surface,customers
way/962320695,15,164,14.869842309495075,164.3034527868729,43.0207679,141.4182943,0.2995213698520634,1,36,surface,customers
way/962325409,13,164,13.280390306492,164.4095033544781,43.0128717,141.4188764,0.02883896215757727,0,76,surface,customers
way/962327885,14,163,14.052930241810195,162.98828590479633,43.0166213,141.4116656,0.03652074172498483,0,79,surface,customers
way/962327887,14,162,14.48731107402485,162.23864694097597,43.0187328,141.4078614,0.19833855831901284,1,26,surface,customers
way/962457869,10,171,10.15476940626823,170.79438183206395,42.9977421,141.4512613,0.6664714554441059,1,29,surface,customers
way/962458024,9,171,8.7243203345273,170.7314683015319,42.9906256,141.4509842,0.10008759709180569,0,140,surface,customers
way/962497951,15,170,15.036657395549994,169.61359843146369,43.0219396,141.4451485,0.11122482436934156,0,110,surface,customers
way/962497952,16,169,16.479012747371517,168.9581805960619,43.029069,141.4417919,0.41962492769493587,1,36,surface,customers
way/962497953,17,169,16.559948444489567,168.71263679919338,43.0294556,141.4405476,0.4205633519271465,1,34,surface,customers
way/962545919,15,164,14.835053123953264,164.4349856145535,43.0206034,141.4189606,0.2995213698520634,1,26,surface,customers
way/962566185,14,171,14.334538139502063,171.28547052195606,43.0185563,141.4536251,0.20572902449905983,1,27,surface,customers
way/962580754,16,170,16.1600291991381,169.70509464360134,43.0275311,141.445579,0.16794873308577252,1,31,surface,customers
way/962593712,16,167,16.272891432573417,167.36748432582078,43.0279416,141.433752,0.4000289652866775,1,22,rooftop,yes
way/962763443,17,170,16.61017692977654,170.43562087812228,43.0298164,141.4492611,0.35856082833463127,1,37,multi-storey,customers
way/962763444,17,170,16.70259589769115,170.34992716284927,43.0302704,141.448825,0.35856082833463127,1,25,surface,customers
way/962763447,17,171,16.756710811537012,170.9694453697314,43.0305794,141.451957,0.2586592913682674,1,26,surface,customers
way/962771831,16,171,16.461025297930142,171.1416658395222,43.0291203,141.4528366,0.10233832907458897,0,103,surface,customers
way/962885798,15,172,15.441500105984545,171.7600644364752,43.0240909,141.4559938,0.44661541401332383,1,32,surface,yes
way/963043558,18,167,18.144072548268145,167.30166636461377,43.0372412,141.4333653,0.1596003407379662,1,36,surface,customers
way/963043559,18,167,18.15577259341357,167.18259609557813,43.0372917,141.4327627,0.1596003407379662,1,40,surface,customers
way/963168519,18,167,18.101207310856964,167.33942156575947,43.0370305,141.4335575,0.1596003407379662,1,27,surface,yes
way/963212845,15,150,15.057538663960058,150.13608207097994,43.020788,141.3466296,0.020822264900079643,0,78,surface,customers
way/963530386,16,173,15.978796026629745,173.16367684340162,43.0268529,141.4630779,0.566972971177551,1,27,surface,customers
way/964155342,20,148,20.138539592070636,147.96508034146936,43.0459117,141.3355025,0.15896392565018058,1,27,surface,customers
way/964155343,20,148,20.16746479562904,147.78788397660156,43.0460441,141.3346054,0.15896392565018058,1,26,surface,customers
way/964819149,18,176,18.12627726276403,175.93374139933954,43.0377091,141.4770273,0.5382087466796822,1,12,surface,customers
way/964820556,25,153,24.728534173884256,153.1553279592558,43.0690685,141.3616231,9.392149637547679,1,29,surface,yes
way/965288461,18,176,17.981576406423528,175.5424327666853,43.0369644,141.4750522,0.5382087466796822,1,5,surface,yes
way/965415831,16,151,15.967369452339648,150.9019013615584,43.0253612,141.350477,0.03203305340029922,0,100,surface,customers
way/965523954,16,151,16.356204544203823,150.62020747107545,43.0272764,141.349041,0.03203305340029922,0,101,surface,customers
way/965825671,18,174,18.42951136372057,174.35693229615194,43.0391152,141.469043,0.7963893788741607,1,34,surface,yes
way/965840235,18,151,17.61561595731132,150.84648097591955,43.033553,141.3501493,0.6826706323742231,1,27,surface,customers
way/965840236,18,151,17.616576956639083,150.86388443813658,43.0335589,141.3502373,0.6826706323742231,1,40,surface,customers
way/966118585,16,181,15.553673133621862,180.61515734189297,43.0252194,141.5007801,0.2605120774636754,1,32,surface,yes
way/966157857,12,172,11.800191153353245,171.59296974791351,43.0059749,141.4552533,0.2913835594912301,1,26,surface,yes
way/966375824,17,151,16.878407253315622,151.12933847461127,43.0299057,141.3516012,0.2712555844983122,1,21,surface,customers
way/966508472,19,148,18.732661094821736,148.44565787318757,43.0389524,141.3379737,0.08492250056113772,0,115,surface,customers
way/966794076,18,150,17.80161788788742,149.5939132745763,43.0343971,141.3438084,0.10084814136245289,0,95,surface,customers
way/966794078,18,150,17.80833002942754,149.65482465305513,43.0344344,141.3441163,0.10084814136245289,0,61,surface,customers
way/967064433,19,154,18.953781288864363,154.17137078926763,43.0404209,141.3669283,0.5830299395084396,1,26,surface,customers
way/967152906,21,150,20.810583619080305,150.00027447106487,43.0493844,141.3457773,0.7547446907104582,1,5,surface,customers
way/967217093,23,153,22.92475133569272,152.62202944725016,43.0600654,141.3589775,2.2673271993525113,1,22,surface,yes
way/967217094,23,153,23.05782420696672,152.57763001380314,43.0607242,141.3587491,2.2673271993525113,1,32,surface,yes
way/967217096,23,153,23.28118845699234,152.50305998224647,43.06183,141.3583655,2.2673271993525113,1,35,surface,yes
way/967254533,18,167,17.921876254459413,167.37302044975215,43.036141,141.4337326,0.1596003407379662,1,21,surface,customers
way/967416906,19,162,19.312501984273105,161.7437342774264,43.0426926,141.4052194,1.3437264303601286,1,23,surface,customers
way/969656341,16,171,16.192183192704647,170.54947582179898,43.0277454,141.449849,0.10233832907458897,0,84,multi-storey,yes
way/972131871,18,148,18.22285326251152,148.10207602324743,43.0363954,141.3362505,0.14088012794050686,1,24,surface,customers
way/972242604,22,164,22.109836705199385,163.95393528608582,43.0567439,141.4163183,0.8197019865701347,1,30,surface,yes
way/972508854,22,163,22.401712584056042,163.4053625495771,43.0581598,141.4135352,0.9051436293521155,1,31,surface,customers
way/972508864,21,163,21.472381957997175,162.67300266956542,43.0534918,141.4098576,0.9862294308483059,1,27,surface,yes
way/972569937,18,165,17.82052540612789,164.92533657898397,43.0354793,141.421355,0.04954936081299943,0,98,surface,yes
way/972986956,22,159,22.357774547622682,158.63875263562187,43.0576341,141.3894267,1.1576645868348479,1,33,surface,yes
way/973075051,21,160,21.27247142549191,159.97950616218355,43.0523242,141.3962395,1.32452738026506,1,34,surface,yes
way/973092249,21,155,20.67854738402329,154.58963067079293,43.0490237,141.3689943,0.4755583274337829,1,28,surface,yes
way/973092250,22,150,22.140579665539747,149.94015890218782,43.0559935,141.345435,0.8781831816851858,1,32,surface,yes
way/973487548,19,175,18.73355275316405,175.03884298154333,43.0406709,141.4724834,1.2211274809639827,1,29,surface,yes
way/973884558,23,151,23.427091305249416,150.92747216500285,43.0624539,141.3503919,1.326877095786553,1,40,multi-storey,customers
way/974072811,14,170,14.062177058502352,170.4620648013598,43.017149,141.4494681,0.22934608643196108,1,30,surface,customers
way/974197625,16,168,15.634577332733645,167.93547980004294,43.0248044,141.4366433,0.2418428309889006,1,39,surface,customers
way/974197626,16,168,15.787037549003006,167.565314135886,43.0255386,141.4347666,0.2418428309889006,1,24,surface,customers
way/974511936,20,155,20.424760551002738,154.92742957846366,43.0477836,141.3707102,0.8614153391076836,1,32,surface,customers
way/974658439,12,151,11.964397861703,150.8550512901212,43.0054547,141.3503551,0.2661818916183191,1,21,multi-storey,customers
way/975240121,9,151,8.735154424036466,151.26103197476493,42.9894245,141.3525014,0.032749125961812627,0,72,surface,yes
way/975266867,20,146,20.379654519557594,145.8400986550943,43.0469736,141.3247473,0.07917716021744778,0,75,surface,customers
way/975322333,10,151,9.96848713092692,151.4464696709155,42.9955688,141.3534039,0.06970781650611078,0,34,surface,yes
way/975414291,19,147,19.100592416214084,146.95284548614438,43.0406856,141.3304124,0.037489888580233485,0,80,surface,customers
way/975561598,15,171,15.40296103215271,171.20344548729943,43.0238634,141.4531795,0.1582342372861384,1,24,surface,yes
way/976185908,21,161,21.44227923412488,161.22976628936647,43.0532491,141.4025585,0.6889675422013861,1,34,surface,customers
way/976185909,22,161,21.530914809666527,161.3692167869342,43.0536988,141.4032613,0.8507823414943854,1,23,surface,customers
way/976641459,17,153,17.19639975170738,152.89312821782178,43.0316005,141.3605134,0.26072109889294154,1,35,surface,customers
way/976701833,9,151,8.935168560204371,151.03132886955441,42.9904042,141.3513338,0.032749125961812627,0,114,surface,yes
way/976816365,24,147,23.77711949012485,147.03946622911266,43.0639437,141.3307161,0.9323114424315987,1,23,surface,customers
way/976825520,24,147,23.771324371518595,147.12501959477416,43.0639204,141.331149,0.9323114424315987,1,28,garage_boxes,customers
way/976827373,24,149,23.800948908510172,148.78201141944155,43.0641745,141.3395293,1.8823951978048687,1,3,surface,customers
way/977107444,22,158,21.90298529313691,157.81480439157633,43.0553197,141.3852722,1.3731406668340949,1,5,surface,customers
way/977356136,14,162,14.160750777219327,162.3536937191887,43.0171165,141.4084527,0.19833855831901284,1,39,surface,yes
way/977469212,26,151,25.598617032183583,151.2252197795499,43.0732703,141.3518355,1.9311997042481446,1,36,multi-storey,yes
way/977469213,25,151,25.33690216123222,150.97531661845733,43.0719529,141.350579,3.1845607289339797,1,35,surface,yes
way/978035971,20,150,20.16324631291154,150.33500637406473,43.0461873,141.347489,0.6923413800213315,1,24,surface,customers
way/978035972,20,150,20.08228810522291,150.36352975575758,43.0457866,141.3476356,0.6923413800213315,1,27,surface,customers
way/978102407,10,149,10.26052032805962,149.21948503032618,42.9968773,141.3421313,0.26062454778935434,1,29,surface,customers
way/978124476,20,161,20.4546812547589,161.3912929522504,43.048349,141.4034039,0.7289874679769266,1,21,surface,yes
way/978364185,18,148,18.119839649506407,148.31465561964558,43.0358969,141.3373287,0.14088012794050686,1,22,surface,customers
way/978375424,9,151,9.158735765165154,151.00316124990928,42.991514,141.3511849,0.032749125961812627,0,81,multi-storey,yes
way/978375426,9,151,9.270179828174735,150.9516599238439,42.9920648,141.3509212,0.032749125961812627,0,88,multi-storey,yes
way/978735595,25,155,24.792936077982983,155.31624886160654,43.069528,141.3725513,2.2712273267936425,1,28,surface,yes
way/979437913,11,150,11.002727138405103,150.2313044284914,43.0006329,141.3472278,0.5561141141487032,1,38,surface,customers
way/979437914,11,150,10.934350663224205,150.10377203022495,43.0002847,141.3465847,0.5561141141487032,1,36,surface,customers
way/980416795,17,148,17.431258029985653,147.83911802855835,43.0324425,141.3349432,0.045493677857042704,0,80,surface,customers
way/980416797,17,148,17.175171551461247,148.14952178625498,43.0311892,141.3365206,0.045493677857042704,0,118,surface,customers
way/981164419,29,182,28.77169949640313,182.2448691212172,43.0910468,141.5086433,0.35709911892128887,1,31,surface,yes
way/981164420,29,182,28.68388161337386,182.38521475344936,43.0906192,141.5093557,0.35709911892128887,1,27,surface,yes
way/981164421,29,183,28.716248647745406,182.53672176784153,43.0907899,141.5101211,0.28115430986185025,1,37,surface,yes
way/981185123,31,186,31.022451801246106,185.70096227580967,43.1024607,141.5260597,0.2413939757209672,1,36,surface,yes
way/981206793,25,189,25.02200547635622,189.41326265889518,43.0728647,141.5450092,0.024041339696249928,0,108,surface,yes
way/981206794,25,189,24.97004338922416,189.45460392413676,43.072609,141.5452198,0.024041339696249928,0,90,surface,yes
way/981206795,25,189,24.867060744230468,189.43517740421072,43.0720957,141.5451245,0.024041339696249928,0,117,surface,yes
way/982451838,39,47,39.286011932120125,46.91168352190756,43.1346029,140.8238187,0.039424255440868534,0,84,surface,yes
way/982539476,29,45,29.19163389058662,44.80520581841373,43.0842761,140.8134542,0.07392313058912643,0,60,surface,yes
way/983239545,18,167,17.742811685056527,167.06490829977093,43.0352308,141.4321793,0.1596003407379662,1,21,surface,customers
way/983239552,18,167,17.8214644577681,166.95513501510354,43.0356148,141.4316218,0.1596003407379662,1,39,surface,customers
way/983517794,17,148,17.125447819392853,147.96389117594174,43.03093,141.3355831,0.045493677857042704,0,108,surface,customers
way/984764511,17,148,16.87929957609305,148.4617951012999,43.0297382,141.3381086,0.045493677857042704,0,102,surface,customers
way/984764512,17,149,16.84025466093022,148.504277382635,43.0295468,141.3383246,0.04268290508561609,0,114,surface,customers
way/985778910,21,146,20.682307885116874,146.07831289535392,43.0484938,141.3259435,0.3057221438971002,1,20,surface,customers
way/985808075,21,146,20.789696558691762,146.47462887374658,43.0490533,141.327945,0.3057221438971002,1,36,carports,customers
way/986310285,19,148,18.751378192022504,147.98697106267107,43.0390159,141.3356531,0.08492250056113772,0,10,surface,customers
way/986952886,18,146,18.32620485335281,146.25920683756996,43.0367905,141.3269262,0.04064359554413904,0,13,surface,customers
way/986952887,18,146,18.30055869043034,146.22379059186414,43.0366607,141.3267478,0.04064359554413904,0,5,surface,customers
way/987559872,19,147,18.87433468202117,147.32974864539224,43.0395849,141.3323253,0.037489888580233485,0,10,surface,customers
way/987559873,19,147,18.836795135746026,147.3647069386631,43.0394005,141.3325032,0.037489888580233485,0,8,surface,customers
way/987861183,75,165,74.70822975046029,164.8277108364172,43.3183287,141.4192259,0.027118028935195007,0,99,surface,yes
way/989849697,72,171,71.99248481917819,170.57686683924695,43.3051961,141.4483835,0.007013227433796257,0,119,surface,yes
way/989851511,73,174,72.90487811009193,174.20605572652914,43.3099666,141.4667139,0.004431703045943212,0,83,surface,yes
way/989851514,73,175,73.03474869521536,174.5172888131186,43.3106324,141.4682844,0.032417029350608355,0,106,surface,yes
way/989862626,62,173,61.509220778023376,173.48643457299522,43.253259,141.4634016,0.023903781834963417,0,109,surface,yes
way/989863840,60,170,60.05764397839873,170.07313916313393,43.2458215,141.4461787,0.006277662017639626,0,90,surface,yes
way/989864380,56,171,55.553292296419905,170.5654268836526,43.2234568,141.4487982,0.03221071203405357,0,98,surface,yes
way/989864381,56,171,55.617609768371295,170.6988871206151,43.2237852,141.4494714,0.03221071203405357,0,106,surface,yes
way/989868192,67,171,67.17670252652012,170.53215885745104,43.2812483,141.4482958,0.05212576217790757,0,118,surface,yes
way/989868193,67,171,67.25383019997359,170.69983547419778,43.2816426,141.4491417,0.05212576217790757,0,104,surface,yes
way/990227185,19,153,18.826696369953968,152.71281470498337,43.039695,141.3595545,1.0727727399633153,1,35,surface,customers
way/991611071,22,144,21.7981483552092,144.4158303678363,43.0539348,141.3175025,0.34482188172009237,1,31,surface,yes
way/991612488,26,140,26.249563792484107,139.69592305660245,43.0757638,141.293501,0.32395432685427694,1,36,surface,customers
way/991621071,29,136,28.716637390119594,135.71447343936237,43.0877739,141.2732917,0.13137231760036108,1,37,surface,customers
way/991621207,27,138,27.02188691816615,138.41244513643886,43.0795212,141.2869869,0.4876417838712324,1,35,surface,customers
way/991707737,19,149,19.48428184308193,149.02139453037094,43.0427267,141.3408642,0.2622830884966984,1,33,surface,customers
way/991707738,19,149,19.475044499715008,148.95979660506217,43.0426768,141.3405529,0.2622830884966984,1,6,surface,customers
way/991832108,27,153,26.91919320259524,152.6876722859828,43.0799307,141.3591947,3.390391697517388,1,3,surface,customers
way/991832109,27,153,26.950575840253627,152.66222813134857,43.0800851,141.3590651,3.390391697517388,1,4,surface,customers
way/992120933,18,167,17.64756406951765,166.9995594315029,43.034753,141.4318515,0.1596003407379662,1,37,surface,customers
way/992120934,18,167,17.67196797971736,166.94928346413937,43.0348711,141.4315965,0.1596003407379662,1,29,surface,customers
way/992195309,24,151,24.086988960824215,150.58417195665632,43.0657129,141.3486365,3.7294350200776454,1,28,surface,customers
way/992362344,18,151,18.36379837169248,150.69606881189543,43.0372634,141.349367,0.6826706323742231,1,10,surface,customers
way/992588727,28,136,28.470055643239387,136.16203932195822,43.0865767,141.2755626,0.2741810975422896,1,3,surface,customers
way/992588728,28,136,28.48660941944802,136.17587386759482,43.0866599,141.2756321,0.2741810975422896,1,4,surface,customers
way/992591186,23,147,22.50770970601459,146.96855144972443,43.0576274,141.3303939,0.3190322781677118,1,2,surface,customers
way/992623557,15,150,15.444028919110783,149.94063335044933,43.0226971,141.3456299,0.020822264900079643,0,85,surface,customers
way/993192878,25,145,24.86248415201256,145.1478488577613,43.0692184,141.321117,0.920131556458408,1,6,surface,customers
way/993537815,21,154,20.879139580110376,154.0655487722208,43.0499873,141.3663377,0.6403177601571325,1,1,surface,customers
way/993784993,21,145,21.487756942244022,144.50924130753796,43.0523975,141.3179839,0.13584649365148022,1,13,surface,customers
way/993809191,18,154,18.30400993440664,153.85917979283877,43.03717,141.3653679,0.6200237122418663,1,28,surface,customers
way/993852658,18,148,17.77956339945861,148.39864414330358,43.0342104,141.3377633,0.14088012794050686,1,33,surface,customers
way/994835895,18,149,18.029155141350365,149.06555592951295,43.0354944,141.3411294,-0.006499587342141172,0,110,surface,customers
way/998388051,19,151,19.02247644767438,150.95417892097413,43.0405551,141.3506536,1.6465863543103583,1,5,surface,customers
way/1004655303,23,147,23.390222755295095,146.85668406019587,43.0620082,141.3298027,0.3190322781677118,1,6,surface,customers
way/1005712397,42,126,42.21767879148237,125.54836760902866,43.1542482,141.2214829,0.21145500538383294,1,39,surface,yes
way/1005712404,42,126,42.4533246041807,125.59844101516538,43.1554231,141.2217294,0.21145500538383294,1,38,surface,yes
way/1006323832,7,193,6.834759983962916,192.63240409015108,42.982642,141.5618146,0.24349116880214722,1,27,multi-storey,yes
way/1006448805,18,149,18.048612554710083,148.94848702260234,43.0355836,141.3405367,-0.006499587342141172,0,69,surface,customers
way/1008259948,21,147,20.785347371425047,146.61309619523115,43.0490406,141.3286455,0.495552766460138,1,4,surface,customers
way/1008261144,21,145,21.234162042295576,145.31318909981638,43.0511884,141.3220576,0.13584649365148022,1,2,surface,customers
way/1008261990,21,148,20.672048780741076,148.31103095357744,43.0485867,141.337237,0.711320997299038,1,3,surface,customers
way/1008312888,32,140,32.21927755578549,139.682440877977,43.1054454,141.2932612,0.5913387809169611,1,7,surface,customers
way/1008318021,31,140,31.41698507468566,139.75597454781877,43.101461,141.2936562,0.3163569006529003,1,6,surface,customers
way/1009111438,21,148,20.69436343794599,147.91924803899343,43.0486724,141.3352547,0.711320997299038,1,3,surface,customers
way/1009566722,21,150,20.911641155488486,150.08287642507761,43.0498922,141.3461922,0.7547446907104582,1,5,surface,customers
way/1009775571,18,153,18.346559089020317,153.00336089812828,43.0373264,141.3610379,0.3109167718172368,1,24,surface,customers
way/1010216632,17,151,17.420716411125316,150.80575332084504,43.0325813,141.3499489,0.2712555844983122,1,39,surface,customers
way/1010216633,17,151,17.425961813817253,150.8867233755618,43.0326126,141.3503583,0.2712555844983122,1,37,surface,customers
way/1011963971,19,150,18.862368901932573,150.48381953001154,43.0397287,141.3482791,1.0324820439770925,1,30,surface,customers
way/1013677805,15,162,14.736548119856016,162.13081188161334,43.0199651,141.4073088,0.30499939218833216,1,27,surface,customers
way/1014262398,16,156,16.08368859137445,155.68570775188485,43.0262479,141.3746704,1.1811473753592332,1,22,surface,customers
way/1014276009,50,139,49.661517910923905,138.50653328285702,43.1920955,141.286812,0.0230013628049806,0,116,surface,yes
way/1014276013,55,142,54.771123323297694,142.03986586751873,43.2177291,141.3045369,0.029410135120353613,0,102,surface,yes
way/1014968456,17,150,17.020485779684467,149.8844490981561,43.0305319,141.3453004,0.0009643580196202465,0,49,surface,customers
way/1016225554,20,146,19.84681739570964,146.24906692562897,43.0443506,141.3268312,0.07917716021744778,0,90,surface,customers
way/1018944499,18,149,17.94393591206278,148.92476068648384,43.0350616,141.3404197,-0.006499587342141172,0,62,surface,customers
way/1018944500,18,149,17.992823171118907,148.96857306743007,43.0353075,141.3406399,-0.006499587342141172,0,115,surface,customers
way/1018944503,18,149,18.061111377656875,148.80037849445657,43.0356362,141.3397872,-0.006499587342141172,0,71,surface,customers
way/1018944504,18,149,18.05893012826915,148.76385006703603,43.035623,141.3396025,-0.006499587342141172,0,111,surface,customers
way/1019797685,18,148,18.19314751614115,148.29759516410567,43.0362603,141.3372403,0.14088012794050686,1,6,surface,customers
way/1020262555,19,148,18.50258593368912,148.0527371211101,43.0377831,141.3359929,0.08492250056113772,0,109,surface,customers
way/1021042279,16,173,15.988926150378871,173.28983037898425,43.0269114,141.4637157,0.566972971177551,1,25,surface,customers
way/1021882188,4,128,3.8865534114647358,127.64457496277143,42.9637942,141.2331875,0.03803939843869633,0,95,surface,yes
way/1026340489,22,150,21.919815007556227,149.6342217557399,43.0548761,141.3438939,0.8781831816851858,1,38,surface,customers
way/1027691481,22,150,21.65828148225085,149.63097582493077,43.0535755,141.343885,0.8781831816851858,1,28,surface,customers
way/1028390492,17,150,17.232798431588805,149.5298468408622,43.0315647,141.3435007,0.0009643580196202465,0,86,surface,customers
way/1030730431,18,148,17.86667531905825,148.35930175475895,43.034641,141.3375618,0.14088012794050686,1,45,surface,customers
way/1031549897,20,154,20.283845097842974,153.8717563106412,43.0470149,141.3653746,0.37426221250883174,1,29,surface,customers
way/1031549899,20,154,20.31550173354205,153.93377820721656,43.0471763,141.3656874,0.37426221250883174,1,24,surface,customers
way/1031549903,20,154,20.00438967752267,153.8174798325155,43.0456219,141.3651081,0.37426221250883174,1,22,surface,customers
way/1034135045,20,150,20.418356790269687,149.9509521237168,43.047431,141.3455391,0.6923413800213315,1,30,surface,customers
way/1034139440,24,152,23.73452905546286,151.66853558440394,43.0640303,141.3541314,2.849137849029936,1,35,multi-storey,yes
way/1034139443,24,151,23.977076401483018,151.46392566828658,43.0652231,141.3530895,3.7294350200776454,1,22,multi-storey,yes
way/1034139445,24,151,24.008536396984102,151.2913304548886,43.0653684,141.3522156,3.7294350200776454,1,27,multi-storey,yes
way/1034182633,24,151,23.928029270127322,151.1842113067403,43.0649612,141.3516761,3.7294350200776454,1,29,multi-storey,yes
way/1034182634,24,151,23.512986550404545,151.34968390998324,43.0629082,141.352525,3.7294350200776454,1,40,surface,yes
way/1035036067,19,149,19.340657361914662,148.6556552136588,43.041989,141.3390184,0.2622830884966984,1,31,surface,customers
way/1035037595,19,149,19.39807096693461,148.8112586650129,43.0422845,141.3398038,0.2622830884966984,1,38,surface,customers
way/1035861974,18,148,17.915054232519047,148.39113035076855,43.0348836,141.3377214,0.14088012794050686,1,26,surface,customers
way/1037516480,5,115,4.536472063014425,114.60123116358238,42.966185,141.1671949,0.10934511791758236,0,80,surface,customers
way/1037882024,4,128,3.5081909166032057,128.0927165229866,42.9619418,141.2354651,0.03803939843869633,0,60,surface,yes
way/1039220018,182,184,182.2420041115375,184.02124139059097,43.8542427,141.5132166,0.023982072862484972,0,92,surface,yes
way/1039220020,182,183,182.3193218495484,183.3876620772912,43.8545863,141.5100097,0.017980333883770072,0,114,surface,yes
way/1039264906,16,150,16.177796555316164,149.6889540736919,43.0263293,141.3443358,0.007454488781587574,0,75,surface,customers
way/1039264907,16,150,16.203228399553826,149.78899871956756,43.0264622,141.3448411,0.007454488781587574,0,69,surface,customers
way/1040744672,21,151,21.201317348666436,150.90017262882765,43.0513852,141.3503178,0.9117309853715069,1,28,surface,customers
way/1040744674,21,151,21.199870393989713,150.87681549777517,43.0513765,141.3501997,0.9117309853715069,1,32,surface,customers
way/1042518773,60,85,59.5909007904634,84.74288218947999,43.2380008,141.0145872,0.09774658973325895,0,103,surface,yes
way/1044610332,53,38,52.52647470970932,37.88346809408411,43.1998549,140.7777729,0.08118919325953693,0,117,surface,yes
way/1047015737,21,151,20.68624702870877,151.23405483124748,43.0488457,141.3520214,0.9117309853715069,1,13,surface,customers
way/1050473735,20,148,19.73826760246619,148.11592767175077,43.0439312,141.336277,0.15896392565018058,1,36,surface,customers
way/1050473736,20,148,19.718403818185696,148.0983376984734,43.0438313,141.3361886,0.15896392565018058,1,36,surface,customers
way/1053527601,20,150,20.369838953746637,149.72659804498196,43.0471753,141.3444057,0.6923413800213315,1,32,surface,customers
way/1053527602,20,150,20.35366105885243,149.72875993386162,43.047095,141.3444171,0.6923413800213315,1,35,surface,customers
way/1055302297,28,150,28.17635847131685,149.81827514292002,43.0859966,141.344645,0.07365054519766213,0,12,surface,customers
way/1057796177,33,147,33.443075955494955,147.34760049218877,43.1120244,141.3319968,0.49885998821227295,1,35,surface,yes
way/1057796434,35,145,35.06680553287805,144.78194423171433,43.1199325,141.3189729,0.2614078176257276,1,36,surface,yes
way/1062229479,27,159,26.65646678555112,159.16228831904596,43.0790417,141.3919512,0.8874780640577685,1,30,surface,customers
way/1064734542,17,148,16.994492868490234,147.75802845309343,43.0302656,141.3345456,0.045493677857042704,0,92,surface,customers
way/1064739770,25,154,24.52924852444723,153.94631842908814,43.0681286,141.3656297,3.9750639207522,1,23,multi-storey,yes
way/1064741597,25,154,25.29693701893559,153.94969287161882,43.0719459,141.3656247,3.9750639207522,1,32,surface,customers
way/1067937570,54,186,54.10932452033036,186.31223692908938,43.2172921,141.5284879,0.03961631700697392,0,69,surface,yes
way/1067937575,54,187,53.64942180275757,186.57160148965013,43.2150221,141.529813,0.12275464583115851,0,98,surface,customers
way/1069268487,23,146,22.591680196028392,146.3554723668536,43.0580054,141.3272905,0.42560984333245416,1,37,surface,customers
way/1069458716,21,148,21.114502067810584,147.95643179290283,43.0507638,141.3354307,0.711320997299038,1,29,surface,customers
way/1069458717,21,148,21.063942199991157,148.08819131915376,43.0505209,141.3360986,0.711320997299038,1,34,surface,customers
way/1073472283,6,172,6.137423282058141,172.19462762016113,42.9778574,141.4584593,0.03213117155043087,0,90,surface,yes
way/1076070985,51,82,50.82507423852442,81.81424828030795,43.1942268,141.000026,1.2695803533340266,1,29,surface,customers
way/1076070986,51,82,50.66253399005719,81.78754384987465,43.1934169,140.9998956,1.2695803533340266,1,31,surface,yes
way/1077022006,20,150,19.72414573532416,150.44338356893113,43.044011,141.3480498,0.6923413800213315,1,10,surface,customers
way/1079442848,26,144,26.33782086042542,143.77892479969506,43.0764658,141.3141505,0.9959521695087344,1,28,surface,customers
way/1079481690,27,143,26.61525120539846,143.07250173273823,43.0777997,141.3105694,0.8808384232303978,1,37,surface,customers
way/1079733629,29,144,28.554195222614897,143.88436306612923,43.0874928,141.3146201,2.3718507901782613,1,36,surface,customers
way/1080036100,27,142,26.908551720997515,142.16579529600295,43.0791996,141.3059748,0.750572267910251,1,48,surface,yes
way/1080036104,27,142,26.86000962746319,142.07208424767728,43.0789522,141.3055022,0.750572267910251,1,14,surface,yes
way/1080036105,27,142,27.012085079214415,142.2342754452295,43.0797188,141.3063182,0.750572267910251,1,9,surface,yes
way/1080159134,41,89,40.75821053181617,89.22748023071048,43.1446504,141.0378119,0.005774256174480057,0,72,surface,yes
way/1080159135,41,89,40.51524508783455,89.19438758724513,43.1434402,141.0376515,0.005774256174480057,0,114,surface,yes
way/1081315803,18,148,17.87947118281673,147.70422113088378,43.0346624,141.334248,0.14088012794050686,1,7,surface,customers
way/1081728510,27,144,26.720472002995123,143.7787863583617,43.0783684,141.3141388,0.6935270385426048,1,9,surface,yes
way/1081728511,27,143,26.842723636784896,143.47226804082652,43.0789565,141.3125849,0.8808384232303978,1,20,surface,yes
way/1081729283,26,143,26.484800796556357,143.1085333972723,43.0771534,141.3107554,0.3326719629861893,1,20,surface,customers
way/1081976761,19,150,18.739577107050312,150.13229494524555,43.0390955,141.3465046,1.0324820439770925,1,28,surface,customers
way/1083018563,38,129,37.99481153193902,128.71864091385626,43.1334557,141.2376397,0.26249274436692854,1,33,surface,yes
way/1084435913,24,142,24.468740713759043,142.49890073077339,43.0670899,141.3077298,0.0881181765367304,0,64,surface,customers
way/1084446994,26,143,25.53945759317972,142.7782728848677,43.0724317,141.3091121,0.3326719629861893,1,22,surface,customers
way/1084534780,26,142,25.66729335201658,141.88428745520156,43.0730097,141.3045866,0.3841736611459669,1,15,surface,yes
way/1084534781,26,142,25.629458935400404,141.9497498851001,43.0728258,141.3049188,0.3841736611459669,1,10,surface,yes
way/1084534782,26,142,25.91920625902944,141.77172269416735,43.074255,141.30401,0.3841736611459669,1,6,surface,yes
way/1084540054,26,141,25.533888085842833,141.47957933818353,43.0723203,141.3025434,0.44197489280881763,1,38,surface,yes
way/1084540055,26,142,25.57817615223576,141.53530693573816,43.0725441,141.302824,0.3841736611459669,1,4,surface,yes
way/1084540056,26,142,26.2274293500023,141.97280013270677,43.0758005,141.3050182,0.3841736611459669,1,4,surface,yes
way/1084550815,25,143,24.793261083216926,142.96631951161925,43.0687336,141.3100847,0.36192111018446266,1,15,surface,yes
way/1084550816,25,142,25.09233683606279,141.74132179706857,43.0701417,141.30388,0.3080475814105396,1,13,surface,yes
way/1084551647,26,141,25.91382638934159,141.35514839743445,43.0742014,141.3019031,0.44197489280881763,1,37,surface,yes
way/1084556908,28,143,27.538808034049328,142.92065449928361,43.082382,141.3097748,1.5850301515234717,1,6,surface,yes
way/1084556909,28,143,27.554056543796186,142.8769298315426,43.082455,141.3095532,1.5850301515234717,1,7,surface,yes
way/1084564451,26,141,25.796113173778448,140.76700032620212,43.0735782,141.2989316,0.44197489280881763,1,10,surface,yes
way/1085804986,28,142,28.140462998259654,142.20023794709726,43.0853271,141.3061136,0.5263581923748084,1,26,surface,customers
way/1085830138,33,143,33.464776762482714,142.78007646584174,43.1118379,141.3088934,0.27518705924086395,1,20,surface,customers
way/1085834718,27,143,27.29922637863494,142.9213094833818,43.0811908,141.309785,0.8808384232303978,1,73,surface,yes
way/1085834720,27,142,26.53048352377064,141.79067700186184,43.0772956,141.3040883,0.750572267910251,1,6,surface,yes
way/1085834721,25,141,25.39117618195278,140.89294991141028,43.0715729,141.2995803,0.5929256594046949,1,10,surface,yes
way/1085834722,25,142,25.15843183709529,141.6662929151467,43.0704655,141.3034986,0.3080475814105396,1,38,surface,yes
way/1085834723,25,141,25.206989026180384,141.34614910958445,43.0706863,141.3018779,0.5929256594046949,1,7,surface,yes
way/1085925490,27,142,27.126618264653768,142.04997375707268,43.0802764,141.3053827,0.750572267910251,1,7,surface,yes
way/1085925491,27,142,27.232319711731797,141.75882187670283,43.0807832,141.303907,0.750572267910251,1,9,surface,yes
way/1085925492,27,142,27.090737117248263,141.78789038536058,43.0800811,141.3040581,0.750572267910251,1,6,surface,yes
way/1085925493,27,142,26.969453765322456,141.638052787424,43.0794684,141.3033037,0.750572267910251,1,9,surface,yes
way/1085925494,27,142,26.690350735218843,141.91032692133288,43.0780982,141.3046889,0.750572267910251,1,13,surface,yes
way/1085925497,27,142,26.504049936962165,141.73532766214413,43.0771606,141.3038091,0.750572267910251,1,23,surface,yes
way/1085925498,27,141,26.526896812662006,141.34437813140664,43.077249,141.301831,0.32049346108501725,1,30,surface,yes
way/1085925500,26,141,26.444539217920426,141.2791618317113,43.0768353,141.3015035,0.44197489280881763,1,9,surface,yes
way/1085928191,25,140,24.561808686341664,140.03128602630065,43.0673936,141.2952458,0.03525621144777937,0,11,surface,yes
way/1085931466,33,149,33.06122005793384,148.71063955597458,43.1102136,141.3389021,0.9936427470248053,1,35,surface,yes
way/1085931467,32,149,32.262693465423695,148.84740077371984,43.106252,141.3396168,0.38316924804141467,1,30,surface,yes
way/1085931468,32,149,32.26127055834845,148.80201949219506,43.106242,141.3393873,0.38316924804141467,1,37,surface,yes
way/1085931469,33,149,32.69673471334045,148.7879860135292,43.1084063,141.3393038,0.9936427470248053,1,13,surface,yes
way/1085934281,29,142,29.41875083073168,142.4814817446545,43.0917011,141.3074994,0.20814407301774976,1,31,surface,customers
way/1087413544,51,83,51.017700457368775,82.79987215354997,43.1952481,141.0050058,0.3205706002726672,1,30,surface,yes
way/1087415738,51,83,51.25653940922074,82.68584915809657,43.1964283,141.0044222,0.3205706002726672,1,21,surface,yes
way/1087415739,51,83,51.19989519672697,82.81221631212433,43.1961548,141.005063,0.3205706002726672,1,27,surface,yes
way/1087415742,51,83,51.091306221552976,82.85291942534231,43.1956175,141.005272,0.3205706002726672,1,27,surface,yes
way/1087415743,51,83,51.04289109958992,82.93093527289777,43.1953818,141.005668,0.3205706002726672,1,39,surface,yes
way/1087802355,27,143,27.272147608027204,142.56354759347195,43.0810331,141.3079762,0.8808384232303978,1,24,surface,yes
way/1088521877,20,156,20.237542437684816,155.60047878375286,43.0468961,141.3741199,0.6516783082803138,1,21,rooftop,yes
way/1088752019,17,179,16.77674703228606,178.90018080592355,43.0311902,141.4920705,0.07289821675758923,0,106,surface,yes
way/1088752020,17,179,16.852421885230516,179.06822480457868,43.0315773,141.4929183,0.07289821675758923,0,114,surface,yes
way/1088752021,17,179,16.59455268745492,178.945210510716,43.0302872,141.4923035,0.07289821675758923,0,82,surface,yes
way/1088752022,17,179,16.608582132457475,179.0839602166521,43.0303659,141.4930049,0.07289821675758923,0,99,surface,yes
way/1088839224,10,168,10.252200129262635,167.8629968125615,42.9980376,141.4364314,0.05351830326934028,0,75,surface,yes
way/1088839225,11,168,10.618446498774075,167.66221364079266,42.9998457,141.4354053,0.300464254029074,1,36,surface,yes
way/1088839226,11,168,10.73683893731749,168.02264946868786,43.0004576,141.437225,0.300464254029074,1,35,surface,customers
way/1088839228,11,167,10.738208718103053,167.19399839228288,43.000411,141.4330336,0.19951740317733196,1,24,surface,yes
way/1088839230,11,167,10.79907661044286,167.34222732495232,43.0007232,141.4337816,0.19951740317733196,1,34,surface,yes
way/1088839232,10,168,10.428428736679823,167.72430032694257,42.9989049,141.4357248,0.05351830326934028,0,64,surface,yes
way/1088839233,10,168,9.804535383236868,168.0471252605322,42.9958236,141.4373756,0.05351830326934028,0,112,surface,yes
way/1089070239,6,172,6.114967751722048,172.4902264693601,42.9777648,141.4599551,0.03213117155043087,0,89,surface,yes
way/1089070240,8,172,7.622396994921912,171.60117535681968,42.9852027,141.4554149,0.05399745853488546,0,89,surface,yes
way/1089577500,35,158,35.37835864296297,157.5009218099738,43.1223014,141.3832972,0.5660824909205021,1,40,surface,yes
way/1089787513,27,141,26.676789566497803,141.15055033651836,43.0779818,141.3008463,0.32049346108501725,1,20,surface,customers
way/1089787515,27,141,26.921305167371596,140.8577160647203,43.0791787,141.2993581,0.32049346108501725,1,28,surface,customers
way/1090179500,27,141,26.636001098959902,141.18479819943263,43.0777812,141.3010207,0.32049346108501725,1,40,surface,customers
way/1090520628,10,172,9.679095020107884,171.9414885920537,42.9954509,141.4570771,0.3515926770557214,1,21,surface,yes
way/1091253547,24,162,24.018819591876277,161.90600792556612,43.0661037,141.4059049,0.8282006690326453,1,32,surface,customers
way/1091485555,29,153,28.634844827976917,153.48478114250727,43.0885126,141.3631772,0.9335822621154566,1,26,surface,yes
way/1091485556,29,154,28.567664493935833,153.50235091326988,43.0881797,141.363268,0.5200110025538847,1,15,surface,yes
way/1091485559,29,153,28.634168101730996,153.27944134831452,43.088496,141.3621386,0.9335822621154566,1,27,surface,yes
way/1091485561,29,153,29.05692396683981,153.18299169915818,43.0905918,141.3616386,0.9335822621154566,1,36,surface,yes
way/1091485562,29,153,28.86821464940219,153.2186131819543,43.0896558,141.3618242,0.9335822621154566,1,37,surface,yes
way/1091485563,29,153,28.53296996061013,153.30697980138507,43.0879946,141.3622808,0.9335822621154566,1,22,surface,yes
way/1091809965,9,171,8.712553527062392,171.12564407590486,42.9905925,141.4529783,0.10008759709180569,0,103,surface,yes
way/1092320837,31,139,31.358453879780964,139.41817999982982,43.1011482,141.2919493,0.6454220688599949,1,27,surface,customers
way/1092356041,8,192,8.00935555371338,191.63642097206525,42.9884181,141.5567431,0.0846904308786319,0,116,surface,yes
way/1092359380,41,143,40.78098024449227,143.14539748065175,43.1482389,141.3105309,0.0725035530196236,0,61,surface,customers
way/1092523501,14,178,13.997819611020752,178.16039339677377,43.0173252,141.4884085,0.16573317291236864,1,37,surface,yes
way/1093033776,50,170,49.5690999116533,170.16141315503842,43.1936763,141.4469267,0.04725042172629879,0,91,surface,customers
way/1093351948,36,135,36.44862819109723,134.77861228103333,43.1261584,141.2683358,0.6013985996827116,1,27,surface,customers
way/1093480889,36,135,36.068526297381815,135.2057872732573,43.124296,141.2705074,0.6013985996827116,1,23,surface,customers
way/1095097050,21,150,21.363578708573154,149.55982757578852,43.0521056,141.3435336,0.7547446907104582,1,22,surface,customers
way/1095104406,32,139,31.563149353416883,139.4665551824181,43.1021691,141.2921881,0.5528587110763741,1,25,surface,customers
way/1095106088,31,140,31.02854779737342,139.62842227557576,43.0995214,141.2930222,0.3163569006529003,1,21,surface,customers
way/1095106090,31,140,31.098168185524482,139.63362216624162,43.0998679,141.2930465,0.3163569006529003,1,32,surface,customers
way/1095361294,18,176,18.33849977810257,175.62953352020378,43.0387447,141.4754825,0.5382087466796822,1,26,multi-storey,yes
way/1095524289,24,162,24.221419730335924,162.3146086648897,43.0671374,141.4079658,0.8282006690326453,1,24,surface,customers
way/1095920328,31,134,30.86135932326825,133.81027266136184,43.0983151,141.2635985,0.27369422617653455,1,31,surface,customers
way/1095920335,31,134,31.02239996918213,133.96351925321275,43.0991257,141.264369,0.27369422617653455,1,20,surface,customers
way/1096242124,34,135,33.96794386710638,135.4271207405578,43.1138658,141.2716873,0.31852366712525076,1,29,surface,customers
way/1096304409,34,135,34.21612289249977,135.25506522955692,43.1150887,141.2708099,0.31852366712525076,1,22,surface,customers
way/1096445614,47,161,47.226828796060495,160.65223316610002,43.1814172,141.3988961,0.040765049543715876,0,107,surface,yes
way/1096486607,60,84,59.627300968640114,83.68962035296289,43.2381139,141.0092587,0.0691085297448786,0,10,surface,yes
way/1096487863,60,83,59.50401045009524,83.41225191145858,43.237483,141.0078593,0.0032931365447657302,0,77,surface,yes
way/1096487864,59,83,59.460108968137774,83.26619530093458,43.2372553,141.0071218,0.28905493584855174,1,24,surface,yes
way/1096828739,74,193,73.91834872112793,192.75610714512996,43.3162014,141.5605119,0.03318333420483685,0,112,surface,yes
way/1096972516,9,168,9.064318274491535,168.33864489156394,42.9921619,141.4388714,0.09803395343283866,0,77,rooftop,yes
way/1097245164,37,128,37.036127962184814,128.4121279833999,43.1286692,141.2361169,0.32473038322457487,1,28,surface,customers
way/1097245165,37,128,37.19011645070509,128.27935486093557,43.1294263,141.2354409,0.32473038322457487,1,31,surface,customers
way/1097411069,41,138,40.96783494857983,137.57447293859008,43.1488089,141.2823475,0.32576752075406623,1,29,surface,customers
way/1097479100,48,143,48.28225691231506,142.78437572312436,43.1855133,141.3084892,0.07793372234874527,0,117,surface,customers
way/1097479101,48,143,47.88472191408723,142.98318196238074,43.1835495,141.3095062,0.07793372234874527,0,61,surface,customers
way/1097479102,48,143,48.167165260228934,143.41358856224704,43.1849816,141.3116751,0.07793372234874527,0,113,surface,customers
way/1097490394,50,147,49.916800455104,146.62986506666238,43.1938884,141.3278929,0.1908118200516856,1,32,surface,customers
way/1097494654,53,148,52.88201985852373,147.62911106970836,43.2086964,141.3328619,0.11953783219079447,0,64,surface,customers
way/1097499975,56,150,55.63909745168938,149.84032882573862,43.2225476,141.3439671,0.13261893566816035,1,29,surface,customers
way/1097608223,29,143,28.79570786459149,143.31585227025434,43.088657,141.3117376,0.9864237215831333,1,22,surface,customers
way/1097608224,29,143,28.92254360648441,143.1397659281572,43.0892763,141.3108433,0.9864237215831333,1,22,surface,customers
way/1097608225,29,143,29.27700688939503,142.88759168834798,43.0910225,141.3095576,0.9864237215831333,1,28,surface,customers
way/1097608226,30,142,29.514181168706457,142.3527648626757,43.0921673,141.3068456,0.5696312059928444,1,36,surface,customers
way/1097608309,30,142,29.61470250895829,142.22694363014807,43.092659,141.3062063,0.5696312059928444,1,36,surface,customers
way/1097611225,36,182,36.33695274507777,181.8170902630028,43.128635,141.5062621,0.03590924367983232,0,114,surface,customers
way/1098210333,8,192,7.876473249706753,191.6288845026193,42.9877569,141.5567088,0.0846904308786319,0,73,surface,yes
way/1098227888,21,157,20.507614357638662,156.6997681974366,43.0483098,141.3796724,0.7541529504786991,1,24,surface,customers
way/1098227889,21,157,20.51994942029497,156.7147847648428,43.0483721,141.379748,0.7541529504786991,1,23,surface,customers
way/1099477751,49,86,48.815142257589685,86.06272578635962,43.1845069,141.0215728,0.520606876928781,1,34,multi-storey,yes
way/1099793252,18,175,18.118988971454126,175.39287917489042,43.037638,141.4742918,0.6957124821679875,1,28,surface,yes
way/1099842379,14,158,14.390360452061005,158.29412737016133,43.0179965,141.3879126,0.37746318193642125,1,38,multi-storey,yes
way/1099842387,15,158,14.579284302799458,158.17369185360417,43.0189281,141.387298,0.17876337869890926,1,28,rooftop,yes
way/1100615055,5,174,4.975084700966877,174.47609608654648,42.9722251,141.4700325,0.040483919749701724,0,79,multi-storey,yes
way/1101862907,24,147,24.316836546110853,147.17183235314022,43.0666358,141.3313701,0.9323114424315987,1,3,surface,customers
way/1101891330,25,151,24.880029197956596,150.96682849972686,43.0696807,141.3505492,3.1845607289339797,1,230,underground,yes
way/1101898670,13,154,13.129436696401598,154.1739750276598,43.0114614,141.3671089,0.23278869611938577,1,33,surface,yes
way/1102276269,17,160,17.381965723680448,159.603741543952,43.0329557,141.3944507,0.37918211570692834,1,39,surface,customers
way/1102550456,28,137,28.307774811535317,136.6660940074016,43.0858023,141.2781168,0.4095482786530274,1,40,surface,customers
way/1102552135,27,135,27.0398260820685,134.6439819919003,43.0793675,141.2679253,0.2916857456934399,1,15,surface,customers
way/1102634407,26,137,25.772196203478455,137.15703628798195,43.0732266,141.2806729,0.4293501620344069,1,29,surface,customers
way/1102636811,26,138,26.499597829743994,137.85412474933824,43.0768883,141.2841779,0.4712161052355546,1,36,surface,customers
way/1102636812,26,138,26.49330735194233,137.88635438194615,43.0768591,141.2843411,0.4712161052355546,1,28,surface,customers
way/1102636813,26,138,26.478216730292566,137.91169342362105,43.0767857,141.2844697,0.4712161052355546,1,30,surface,customers
way/1102636815,26,138,26.45080972872276,137.95625843256238,43.0766523,141.2846959,0.4712161052355546,1,3,surface,customers
way/1103235800,32,191,32.07858929938936,191.1993354294677,43.1080664,141.5538404,0.33793956841977457,1,25,surface,yes
way/1103532344,25,145,24.753904709684512,144.9070009719939,43.068663,141.3199019,0.920131556458408,1,20,surface,yes
way/1103844295,50,40,50.18232363171649,39.9288036624465,43.1883312,140.7881857,0.15488962889123037,1,20,surface,yes
way/1107660027,20,148,20.284186318054424,148.43701826623345,43.0466663,141.3378854,0.15896392565018058,1,21,surface,customers
way/1108085375,37,132,36.89736458837042,132.04653296270905,43.1282135,141.2545039,0.9075111098074128,1,21,surface,permissive
way/1108085376,37,132,36.800035956881096,132.2580772636941,43.1277432,141.2555767,0.9075111098074128,1,26,surface,customers
way/1108095945,37,132,36.94335239271588,131.78341231808068,43.1284252,141.2531717,0.9075111098074128,1,39,surface,customers
way/1108095946,37,132,36.98295362893103,131.7368011733085,43.1286191,141.2529348,0.9075111098074128,1,28,surface,customers
way/1108096893,37,132,36.583712313642316,131.84692722336294,43.1266411,141.2535033,0.9075111098074128,1,28,surface,customers
way/1108097550,36,132,36.48347322929505,131.65774739657795,43.1261305,141.2525493,0.8808015931988601,1,25,surface,customers
way/1108097551,36,132,36.47770947380673,131.80759446094422,43.1261115,141.2533074,0.8808015931988601,1,31,surface,customers
way/1108113238,48,145,47.89390047013713,144.98554629287483,43.1837242,141.319634,0.05560286600108319,0,116,surface,yes
way/1108113239,48,145,47.68323630650734,145.32313555696516,43.1826985,141.3213476,0.05560286600108319,0,71,surface,yes
way/1108260949,37,131,37.26599107578652,131.47751881831906,43.1300097,141.2516152,0.7040167138336744,1,22,surface,customers
way/1108262344,37,133,37.21967420688837,132.87532333075728,43.1298695,141.2586867,0.2713659935335163,1,23,surface,customers
way/1109043227,23,144,22.55356000282475,143.5231182357501,43.0576333,141.3129654,0.35757920814417365,1,22,surface,customers
way/1109965566,22,148,22.225583993592235,148.04028607423857,43.0562937,141.3358229,0.5440504369215231,1,20,surface,customers
way/1110234873,6,177,5.763682288572431,176.7498307366383,42.9762927,141.4815105,0.5088762218145464,1,27,surface,yes
way/1110263285,24,147,24.27489316429279,147.4239440692066,43.0664435,141.3326465,0.9323114424315987,1,29,surface,customers
way/1110297680,26,151,25.85276495756843,151.48480699979066,43.0745507,141.3531412,1.9311997042481446,1,28,surface,yes
way/1110372933,21,174,20.56457728227852,173.87094978863271,43.0496998,141.4665235,0.2895813389123632,1,25,surface,yes
way/1110372934,19,173,19.14593326045296,172.79963219747088,43.042577,141.4611455,0.9439321584792337,1,35,surface,yes
way/1110372936,17,176,16.8628740160026,175.9409342843715,43.0314277,141.4771,0.5403913739818836,1,33,surface,yes
way/1110372937,17,176,17.010651507024733,176.00492097478747,43.0321666,141.4774194,0.5403913739818836,1,28,surface,yes
way/1110372938,18,169,17.97864173351958,168.57000917730025,43.0365004,141.4397854,1.1578657741465455,1,27,surface,yes
way/1110372976,32,189,31.799306988813132,189.1892676498964,43.1065482,141.5436814,0.7970381759152524,1,34,surface,yes
way/1110373163,33,195,32.555919570947125,194.94348824920166,43.1106811,141.5727648,0.36486289080955003,1,28,surface,yes
way/1110642238,25,155,24.968170065132817,155.2341099957751,43.070394,141.3721308,2.2712273267936425,1,22,surface,customers
way/1111757983,18,147,17.62179940792661,147.36428652406383,43.0333593,141.332536,-0.0002515613508269106,0,3,surface,customers
way/1112239966,26,161,26.29625660998512,160.53112452152757,43.0773389,141.3988852,0.3143339110933511,1,35,surface,customers
way/1112262744,24,155,23.936796873099357,155.405846444024,43.0652769,141.3730291,1.3544815467402789,1,24,surface,customers
way/1112300089,29,160,28.567837980918398,159.55675726168118,43.0885708,141.3938915,0.8567469331488725,1,20,surface,customers
way/1112478045,12,167,11.898516511336979,167.0085227383071,43.0061683,141.4320621,0.13506852608918096,1,28,surface,yes
way/1112478049,12,167,11.74015641811627,167.04101503729126,43.005383,141.432231,0.13506852608918096,1,38,rooftop,yes
way/1112478050,12,167,11.744234959081453,166.92963170134306,43.0053961,141.4316675,0.13506852608918096,1,38,surface,yes
way/1112591979,23,163,22.944870597915063,162.78512653909797,43.0608205,141.4103824,1.0056449057054389,1,37,surface,customers
way/1114902877,25,155,25.166058624107336,155.09856148871904,43.0713692,141.3714395,2.2712273267936425,1,28,multi-storey,yes
way/1115390278,24,142,24.363222447853207,142.36943721683605,43.0665569,141.307078,0.0881181765367304,0,114,surface,customers
way/1115391401,24,143,24.456604701270724,142.87346211525303,43.0670537,141.3096247,0.49042622399610714,1,29,surface,customers
way/1115621485,27,143,27.121288560577305,143.07860025351405,43.0803162,141.3105857,0.8808384232303978,1,22,surface,customers
way/1115621598,27,144,26.632860165744848,144.23059691355985,43.0779619,141.3164266,0.6935270385426048,1,26,surface,customers
way/1116309843,28,153,28.345359773033877,153.37882700481848,43.0870664,141.3626496,1.2291570046647933,1,35,surface,customers
way/1116397502,31,143,31.18096095742879,142.97454835759999,43.1004949,141.3099427,0.5094618185200046,1,33,surface,customers
way/1116398219,29,146,29.414469412955082,145.93486168248543,43.0919024,141.3249669,0.3125063789930717,1,38,surface,customers
way/1116399047,31,146,30.66098770400472,145.7190736150108,43.0980864,141.3238396,0.5262009293476327,1,23,street_side,customers
way/1116400693,31,146,30.79439654463494,146.12660892743872,43.098776,141.3258971,0.5262009293476327,1,39,surface,customers
way/1116400694,31,146,30.76330991230386,146.1555936758377,43.0986233,141.3260446,0.5262009293476327,1,35,surface,customers
way/1116400695,31,146,30.75884825954486,146.23447220604282,43.0986062,141.3264437,0.5262009293476327,1,38,surface,customers
way/1117282601,27,145,27.10525077465275,145.08841312805745,43.080366,141.3207519,0.8773211676987788,1,35,surface,customers
way/1117283092,28,146,28.101967848214173,145.88970015040542,43.0853735,141.3247762,1.2773388119640006,1,30,surface,customers
way/1117283624,28,146,28.427954423734754,146.22229275928203,43.0870158,141.3264491,1.2773388119640006,1,32,surface,customers
way/1117284244,28,145,27.652085652389975,145.36830730058045,43.083103,141.3221519,1.3215790925037312,1,34,surface,customers
way/1117288031,19,149,19.41556055409455,148.50311689494978,43.0423516,141.3382447,0.2622830884966984,1,38,surface,customers
way/1117517377,15,159,14.908645176848806,158.63230075075242,43.0205953,141.3896082,0.15109715231045823,1,40,surface,yes
way/1117582524,21,149,21.36891725768496,149.39623762847287,43.0521216,141.342706,0.5047082353885773,1,40,surface,customers
way/1118196849,19,168,18.84556958232403,167.71021597303132,43.0407555,141.4354116,0.7487234961325981,1,26,surface,yes
way/1118500243,19,161,19.261037186732644,161.1788766701162,43.0424003,141.4023638,0.5076325213185359,1,18,surface,customers
way/1118769065,25,140,24.808636543103063,139.75246237793942,43.0686029,141.2938284,0.03525621144777937,0,67,surface,customers
way/1118887810,22,154,21.68243625424438,154.33189470560356,43.0539986,141.3676618,1.1675550797989342,1,39,surface,customers
way/1118903631,22,158,21.673186899251878,157.5805035748748,43.054162,141.3840937,1.3731406668340949,1,23,surface,customers
way/1118904109,24,145,24.451388044651694,145.1407478162818,43.0671739,141.3210929,0.4305340694440149,1,38,surface,customers
way/1119083474,28,162,28.216227560429004,161.63213955695747,43.0869563,141.404399,0.8153311467413024,1,32,surface,customers
way/1119272984,26,139,26.41864800951618,139.45208622754149,43.0765888,141.2922628,0.021252493799529346,0,89,surface,customers
way/1119272985,26,139,26.40218944202625,139.399877769363,43.0765036,141.2919992,0.021252493799529346,0,111,surface,customers
way/1120031991,16,154,16.43264772586146,153.6193652571934,43.0278498,141.3642087,0.7135715799797034,1,32,surface,yes
way/1120279563,16,149,16.34334208876022,149.17973808308705,43.0271196,141.3417554,0.061787168649375245,0,22,surface,customers
way/1120633664,25,152,25.264451270263343,151.6104656867766,43.0716336,141.3537937,5.7809547072218885,1,38,multi-storey,yes
way/1121990560,17,149,17.114410118792552,148.68503488287647,43.0309216,141.339231,0.04268290508561609,0,94,surface,customers
way/1122571202,74,164,74.27134059658563,164.0890552147732,43.3161088,141.4155023,0.03759921041163619,0,102,surface,yes
way/1122571209,75,165,74.6116372931748,164.67372337420974,43.3178385,141.4184498,0.027118028935195007,0,71,surface,yes
way/1123282716,15,167,15.20662626061024,167.38700744384994,43.0226412,141.4338814,0.2916788164013479,1,28,surface,customers
way/1124765002,24,146,24.24126222683079,146.23115953480666,43.0661994,141.3266143,1.522860471573842,1,3,surface,customers
way/1124871053,15,161,14.670191843963664,161.2718434318853,43.0195798,141.402966,0.14462529332389898,1,27,multi-storey,yes
way/1124956554,34,154,33.862898043889075,154.35357136471177,43.1145634,141.3674213,0.3061312230676039,1,40,surface,yes
way/1124956556,34,154,33.64060596865944,154.35784375084725,43.1134584,141.3674493,0.3061312230676039,1,33,surface,yes
way/1127652133,7,174,6.504202671279195,173.69037001284548,42.9797775,141.4660143,0.08193485449854407,0,86,surface,yes
way/1128133583,23,152,23.089350980401715,151.70792892792684,43.0608249,141.3543492,1.1144881857630178,1,366,underground,yes
way/1128197938,19,175,18.804132564850075,175.10035458139546,43.0410258,141.4727925,1.2211274809639827,1,31,surface,yes
way/1128438744,34,142,34.0313958493171,142.21798030619496,43.114619,141.306034,0.2447327221932783,1,27,surface,customers
way/1128465160,19,175,18.77478954563703,175.4819948494174,43.0409045,141.4747237,1.2211274809639827,1,28,surface,yes
way/1132088380,25,162,25.25828530498242,162.27926026105388,43.0722906,141.4077572,0.3480836433888648,1,28,surface,yes
way/1132088904,24,135,24.24443090409798,135.15903063915852,43.0655015,141.2706108,0.08607885262830764,0,111,surface,customers
way/1132088905,24,135,24.282497714723913,135.05547186275587,43.0656841,141.2700859,0.08607885262830764,0,87,surface,customers
way/1132280210,19,170,19.141244331514777,170.49747442883734,43.0424053,141.4495012,1.6651494816521897,1,34,surface,yes
way/1132280211,19,171,19.094080176567378,171.13836224682746,43.0422121,141.4527442,1.2738885044114785,1,33,surface,yes
way/1132469266,45,92,45.04332638747906,91.5244079031497,43.1661048,141.0493067,0.2796057805608201,1,28,surface,yes
way/1132788637,44,131,43.511562517757106,131.3443719761488,43.1610552,141.2507622,0.044019675814639676,0,100,surface,customers
way/1133969056,43,161,42.62622754713617,160.78411204991252,43.1585507,141.3996954,0.029669058509791704,0,107,surface,customers
way/1134405053,16,167,16.384746447522456,167.3680607144163,43.0284978,141.4337517,0.4000289652866775,1,27,multi-storey,yes
way/1134527238,24,156,24.1324174157964,155.9324173639311,43.0662835,141.3756869,0.8378685938295319,1,40,surface,customers
way/1134822689,24,155,24.042223607126235,154.56649781931304,43.065747,141.3687806,1.3544815467402789,1,38,surface,customers
way/1134824402,22,153,22.02814667920227,153.11192670724463,43.0556389,141.3614812,1.2103227210934202,1,35,surface,customers
way/1135081362,26,153,26.059527886915618,153.46352187115417,43.0757063,141.3631437,9.572676198285254,1,33,surface,customers
way/1135450109,74,164,74.24190607268795,164.42190147919987,43.3159839,141.4171867,0.03759921041163619,0,72,surface,customers
way/1135454774,60,155,59.98657915069792,155.26355715878574,43.2445136,141.3712731,0.04884351598298505,0,64,surface,customers
way/1135662688,26,157,26.12502120505895,156.56421779597503,43.0762318,141.3788253,1.84506415670126,1,33,surface,customers
way/1135675833,26,158,26.26852551995496,157.80029141061564,43.077025,141.3850733,1.308601899950804,1,27,surface,customers
way/1135695968,29,153,29.265466758861116,153.12385724093133,43.0916249,141.3613335,0.9335822621154566,1,37,surface,customers
way/1135705534,29,154,28.950668480838793,154.44000625141098,43.0901445,141.3679997,0.5200110025538847,1,25,surface,customers
way/1135830186,29,156,29.229480194826163,156.14815673438716,43.0916409,141.3766316,0.5035052488435107,1,29,surface,customers
way/1135830727,31,153,31.34945066194655,153.37775072509206,43.1020032,141.3625578,0.5430058453388141,1,38,surface,customers
way/1135836555,32,150,31.754647443050835,150.25914880565657,43.1038169,141.3467721,0.4984564600677156,1,33,surface,customers
way/1135836672,33,152,32.794158233099424,152.25851160739697,43.1091144,141.3568551,1.1661572430761056,1,32,surface,customers
way/1135839154,33,156,32.526853432614665,155.95234754901838,43.1080234,141.3755464,1.4707579288791932,1,37,surface,customers
way/1135839336,32,156,32.4375341109207,155.96028190941846,43.1075798,141.3755891,0.5023897234202814,1,38,surface,customers
way/1135841971,29,159,29.13294162571762,159.49943175275425,43.0913769,141.3935853,0.7170568599708722,1,29,surface,customers
way/1135843396,29,161,28.975973708174678,161.30801081089302,43.090713,141.4027377,0.4435558400271881,1,24,surface,customers
way/1135843397,29,161,29.162062038894216,161.14566558470395,43.0916278,141.4019112,0.4435558400271881,1,34,surface,customers
way/1135843399,29,161,29.226356940692412,161.19553620861288,43.0919507,141.4021616,0.4435558400271881,1,31,surface,customers
way/1135844781,32,160,31.628350876010533,160.22839482523793,43.1038315,141.3972007,0.631698761006141,1,21,surface,customers
way/1135846434,29,164,28.852038098996225,164.14300262037725,43.0902795,141.4170808,0.7808182081010985,1,31,surface,customers
way/1135846601,33,166,32.667050873159,165.50804718310278,43.1093364,141.4238756,0.5365061561037189,1,33,surface,customers
way/1135910075,36,163,35.97224749116952,163.0626221279039,43.1256128,141.4114115,0.27964633628917956,1,39,surface,customers
way/1135911016,39,155,38.62388849804587,154.78513277591287,43.1382637,141.3694673,0.4111889578338098,1,34,surface,customers
way/1136105514,19,160,19.379484441876496,159.50886728526936,43.0428816,141.3939134,0.3563892502707189,1,40,surface,yes
way/1136151405,17,149,17.302503211370322,148.58369290468283,43.0318503,141.338713,0.04268290508561609,0,103,surface,customers
way/1136456289,26,137,26.072352633121085,137.31481012558703,43.0747292,141.2814623,0.4293501620344069,1,36,surface,customers
way/1136717660,12,167,12.040953084351976,166.86237844705207,43.0068671,141.4313188,0.13506852608918096,1,38,surface,yes
way/1137750982,9,145,8.961533135491951,144.7744261772962,42.990132,141.3196853,0.04352981066131763,0,62,surface,customers
way/1137751732,26,145,25.57519267614556,144.5736135422016,43.0727251,141.318192,0.8638016438187004,1,34,surface,customers
way/1137752628,28,139,27.87098732808176,139.34213268239967,43.083803,141.2916649,0.9367168292886832,1,27,surface,customers
way/1137827935,26,134,26.069331977778166,134.05547524740481,43.0745041,141.2649765,0.16066598059717932,1,25,surface,yes
way/1137828924,30,136,30.2637268986825,135.79977759692292,43.0954718,141.2736787,0.21077354031687237,1,29,surface,customers
way/1137829743,33,137,33.006042067602024,136.83500431726017,43.1091738,141.2788361,0.752628429521587,1,27,surface,customers
way/1137831189,32,135,31.987584228765915,134.98180551759614,43.1039904,141.2694918,0.8929842596969009,1,36,surface,customers
way/1137832073,33,131,33.454073892673186,130.8014526730427,43.1110126,141.2483052,0.03172272042382625,0,97,surface,customers
way/1137833286,37,127,36.51158297556479,126.55548874987291,43.1259414,141.226741,0.3068942286181836,1,37,surface,customers
way/1137834978,37,124,37.329536282392354,123.54241463470181,43.1298142,141.2114772,0.03930454703195979,0,88,surface,customers
way/1137949807,29,136,28.838069603467098,135.56115172256426,43.0883678,141.2725127,0.13137231760036108,1,20,surface,yes
way/1141068606,51,82,51.17573941820409,82.32050642955355,43.196003,141.0025766,1.2695803533340266,1,35,surface,yes
way/1142168429,182,183,181.66144318191542,183.04306076973938,43.851293,141.5082856,0.017980333883770072,0,118,surface,yes
way/1143910411,34,155,33.55970372472387,154.6582112102361,43.1130755,141.3689709,0.29431213373791204,1,38,surface,customers
way/1143988312,22,147,22.16022962861012,147.24676352548985,43.0559176,141.3318111,1.0493180633215058,1,40,surface,yes
way/1143988313,22,148,22.100235127589148,147.50280582540242,43.0556358,141.3331079,0.5440504369215231,1,22,surface,yes
way/1144356059,12,149,12.477002827514058,148.72081788081417,43.0078659,141.3395453,0.3255015543863456,1,26,surface,customers
way/1144356062,12,149,12.496158624826412,148.8333613269785,43.0079684,141.340114,0.3255015543863456,1,35,surface,customers
way/1144539946,14,150,13.68729116698455,149.94854163340875,43.0139628,141.3457204,0.023394194229475015,0,65,surface,customers
way/1144539949,13,150,13.499864313305354,150.1319150168244,43.0130427,141.3466533,0.5117011294831759,1,27,surface,customers
way/1146139535,21,151,20.882340419451253,151.3580031173648,43.0498287,141.3526427,0.9117309853715069,1,26,surface,yes
way/1146179489,54,68,53.923113059928376,67.60908855591742,43.2087152,140.9280865,0.08685511574106622,0,118,surface,yes
way/1146461936,15,157,14.973167946585864,157.36911788448847,43.0208347,141.3832171,0.5750980791610031,1,28,surface,customers
way/1146852528,43,87,43.45797281833083,86.9081305934381,43.1579246,141.0260029,0.052576000770649174,0,84,surface,yes
way/1146852534,44,88,43.72838607366098,88.19363986498104,43.159352,141.0324973,0.05279401295966625,0,90,surface,yes
way/1147051080,27,154,26.977076898615802,153.9504436732483,43.0802999,141.3655802,1.2983962815919272,1,34,surface,customers
way/1147238036,21,151,21.059104883454932,151.38741785811928,43.0507095,141.3527864,0.9117309853715069,1,21,surface,customers
way/1147238037,21,151,20.913410685877626,151.47146440600608,43.0499905,141.3532157,0.9117309853715069,1,28,surface,yes
way/1147271784,11,168,10.626320991017336,168.041495266033,42.9999093,141.4373235,0.300464254029074,1,29,surface,yes
way/1147302078,26,153,26.35469610576709,152.70751645893156,43.0771252,141.3593113,9.572676198285254,1,35,surface,customers
way/1147500839,23,148,23.234905458891767,147.76219764447984,43.0612943,141.3343873,0.2889566646732857,1,7,surface,yes
way/1147503914,23,142,23.450507589565145,142.13018761086408,43.0620033,141.3058941,0.13225767098913369,1,37,surface,customers
way/1147504190,24,142,23.528419108398314,142.01708867699062,43.0623834,141.3053198,0.0881181765367304,0,87,surface,yes
way/1149044083,6,173,5.841265738961561,172.69804007358047,42.9764173,141.4610141,0.12838273762041222,1,26,surface,yes
way/1149044085,7,171,6.507195624688107,171.48912476493044,42.9796505,141.4548802,0.025839127563545054,0,87,surface,yes
way/1149341746,12,158,12.09329885474259,157.54624431526594,43.0065269,141.3841958,0.338718842532308,1,39,surface,customers
way/1149341747,12,157,12.02504512240899,157.47130202554138,43.0061827,141.3838187,0.11789888693788679,0,116,surface,customers
way/1149409497,26,177,25.672413127249534,177.2196360348575,43.0753127,141.4833145,0.04677086409274928,0,105,surface,yes
way/1149409500,26,177,26.110647976708076,177.42938031522,43.0775052,141.4843628,0.04677086409274928,0,81,surface,yes
way/1149427318,11,158,11.429016459395125,157.59634352319324,43.0032272,141.3844683,0.18121858660486767,1,33,surface,customers
way/1149427319,12,158,11.62886120430442,157.64811142663658,43.0042242,141.3847244,0.338718842532308,1,37,surface,customers
way/1149432473,11,157,10.87749277769145,157.1366894943745,43.0004553,141.3821592,0.37080957737962356,1,28,surface,customers
way/1149432474,11,157,10.821781000114514,157.10114191919152,43.000176,141.381981,0.37080957737962356,1,25,surface,yes
way/1149541463,11,157,10.771338337885267,156.93373558275286,42.9999144,141.3811357,0.37080957737962356,1,35,surface,customers
way/1149541464,11,157,10.653472497861843,157.10827149617094,42.9993396,141.3820219,0.37080957737962356,1,33,surface,customers
way/1149548186,10,157,10.297508436909675,156.53602899335715,42.9975328,141.3791377,0.09657116230301648,0,67,surface,customers
way/1149630524,8,177,7.9931010852788225,176.93037201550592,42.9873894,141.4823596,0.6494717952238453,1,22,surface,yes
way/1149630525,8,177,8.071618318486983,176.82484860841785,42.987773,141.4818236,0.6494717952238453,1,39,surface,yes
way/1149655211,10,156,9.792483042648264,156.16329313125803,42.9949977,141.3772669,0.028013878313790604,0,95,surface,customers
way/1149659101,12,157,12.410535991731848,156.8006251924887,43.0080562,141.3804153,0.11789888693788679,0,80,surface,yes
way/1149725361,15,157,15.074165639347157,157.4873656292066,43.0213445,141.3838123,0.5750980791610031,1,20,surface,yes
way/1150120225,50,140,50.30854848840852,139.53437941223612,43.1953789,141.2919923,0.13558377815555883,1,33,surface,yes
way/1150855066,25,148,24.995586945421664,147.9542899295674,43.0700611,141.3353083,1.1516825350791944,1,30,surface,yes
way/1150912765,19,147,19.008777645890213,147.3999663275885,43.0402579,141.3326766,0.037489888580233485,0,70,surface,customers
way/1150941225,19,148,18.964664183489568,148.08788562599239,43.0400829,141.3361574,0.08492250056113772,0,112,surface,customers
way/1150958397,13,156,12.786524489048347,155.9801924679554,43.0098728,141.3762547,0.3922169061136207,1,26,surface,customers
way/1151099738,13,156,13.394961613992916,155.83968191286644,43.012889,141.3755265,0.3922169061136207,1,29,surface,customers
way/1151099739,13,156,13.412244845889262,155.91981094062143,43.0129801,141.3759313,0.3922169061136207,1,29,surface,customers
way/1151102540,14,161,14.319843868175278,160.69457161014452,43.0178006,141.4000562,0.16450827808438445,1,36,surface,customers
way/1151102542,13,160,13.492951991905226,160.04531579531144,43.0136473,141.396796,0.2097137186459465,1,24,surface,customers
way/1151102546,14,160,13.643413824694301,160.27768293839247,43.0144104,141.397967,0.3778951868866148,1,24,surface,customers
way/1151102547,14,160,13.567089199415785,160.22027071447954,43.0140272,141.3976788,0.3778951868866148,1,38,surface,customers
way/1151107144,13,160,13.31474327879483,159.89924716058187,43.0127518,141.3960623,0.2097137186459465,1,37,surface,customers
way/1151169206,14,160,13.794380946941219,160.1592262248122,43.0151534,141.3973635,0.3778951868866148,1,28,surface,customers
way/1151192983,13,157,12.542831215506578,156.69675181009129,43.0087073,141.3798861,0.5607389969882919,1,27,surface,customers
way/1151196333,14,155,13.837335941387705,154.54167571998403,43.0150049,141.3689484,0.6458073186926913,1,27,surface,customers
way/1151200236,13,158,13.374426867508902,158.21656704307665,43.0129401,141.3875495,0.1604417941084588,1,20,surface,customers
way/1151200237,13,158,13.30202332317985,158.2352340449757,43.0125813,141.387646,0.1604417941084588,1,32,surface,customers
way/1151241617,15,159,15.401145011185807,159.0853916389134,43.0230733,141.3918858,0.15109715231045823,1,39,surface,customers
way/1151241618,15,159,15.455495568963219,158.9684024157144,43.023336,141.3912925,0.15109715231045823,1,28,surface,customers
way/1151942679,11,173,11.329440878418941,172.65034662603844,43.0037024,141.4606151,0.7805464375567207,1,36,surface,yes
way/1151942680,12,173,11.522328951749572,172.73143411902126,43.0046667,141.4610197,0.34242811831277964,1,28,surface,yes
way/1151942684,11,172,11.019606025417424,172.44483144547678,43.0021486,141.4595845,0.3964799434976372,1,20,surface,yes
way/1152422592,17,159,16.510484350085946,159.294363227943,43.0286026,141.3929109,0.802419086574315,1,34,surface,customers
way/1153623454,31,145,31.052790733885303,144.9183035191079,43.0999829,141.319778,0.24539890189776406,1,23,surface,customers
way/1153623456,31,145,30.684879622416425,144.8937731217393,43.098152,141.3196645,0.24539890189776406,1,25,surface,yes
way/1153638550,29,157,29.13574901748739,157.37766268033909,43.0912541,141.3828532,1.089299439314946,1,37,surface,yes
way/1154488590,8,191,8.386452336567498,190.80806659364,42.9902397,141.5525424,0.08137654444952995,0,108,multi-storey,yes
way/1155352820,48,87,48.366818889578816,87.01754237764202,43.1823393,141.0264152,0.05124295387729607,0,76,multi-storey,yes
way/1155381524,49,85,48.92166379672924,85.34216427882106,43.1849901,141.0179251,0.3930215557898083,1,22,surface,customers
way/1155381525,49,85,48.99749826107254,85.20932262618388,43.1853586,141.017251,0.3930215557898083,1,25,surface,customers
way/1156242446,38,147,38.15413993899602,146.86912089016454,43.1354178,141.3294412,0.1919804569592717,1,28,surface,customers
way/1156273769,11,166,10.607163290477073,166.0719920295629,42.9996871,141.4273622,0.04299125985468429,0,100,surface,yes
way/1156923977,21,159,21.109031994547564,159.05094753493952,43.0514517,141.3915475,0.6125980678706748,1,21,surface,customers
way/1156923978,21,159,21.124422330767796,159.03041441723795,43.0515269,141.3914432,0.6125980678706748,1,40,surface,customers
way/1156941593,21,146,21.355925123351657,146.473260146367,43.0518686,141.3279218,0.3057221438971002,1,33,surface,customers
way/1157294105,9,151,8.960072285665973,150.89129787594243,42.990519,141.3506248,0.032749125961812627,0,35,surface,yes
way/1157433960,21,150,21.411871350325526,149.99548700036357,43.0523738,141.3457358,0.7547446907104582,1,12,surface,yes
way/1157435956,21,151,21.180799983886335,150.6863176318538,43.0512694,141.3492367,0.9117309853715069,1,28,surface,customers
way/1157875876,28,159,27.649445718682635,159.04490012312016,43.0839714,141.3913289,0.6105236151791402,1,34,surface,yes
way/1157875877,28,159,27.615445968416918,158.9960715741473,43.0837992,141.3910829,0.6105236151791402,1,26,surface,yes
way/1157875878,28,159,27.684128158207663,158.86419756657412,43.0841322,141.3904139,0.6105236151791402,1,30,surface,yes
way/1157875880,24,154,24.336093210937495,154.47230101611504,43.0672021,141.3682957,2.58444355695025,1,21,surface,yes
way/1158566656,27,165,26.995588620596724,164.79762892148796,43.0810911,141.4204453,0.48120120337444217,1,31,surface,customers
way/1158567546,26,163,25.554602353629573,163.11332001158297,43.0738177,141.4119674,0.96207697712114,1,39,surface,customers
way/1158567547,25,163,25.432970279077402,162.61803126724374,43.073181,141.4094657,0.5175668714808773,1,27,surface,customers
way/1158568113,25,162,25.34676420724553,162.4525173466845,43.0727417,141.408631,0.3480836433888648,1,37,surface,customers
way/1158905252,22,149,22.31628552367279,149.35462738662557,43.0568294,141.3424683,0.5308177029847133,1,22,multi-storey,yes
way/1159685987,3,173,3.392285956705786,172.90064793619854,42.9642536,141.4621093,0.037528776081714926,0,80,surface,yes
way/1159685988,3,173,3.463276621989689,172.94753173414932,42.9646096,141.4623444,0.037528776081714926,0,91,surface,yes
way/1159844964,39,150,39.11052281274075,149.6942778913398,43.1403552,141.3437035,0.3405190757145086,1,36,surface,customers
way/1159844965,39,150,39.12006773980208,149.62819996474073,43.1403984,141.343369,0.3405190757145086,1,30,surface,customers
way/1159844966,39,150,39.12394217117839,149.5604884044298,43.1404133,141.3430264,0.3405190757145086,1,34,surface,customers
way/1159844967,39,150,39.092989336536654,149.78239401552918,43.1402737,141.3441497,0.3405190757145086,1,21,surface,customers
way/1159849447,25,154,25.37569700797461,154.317258067761,43.0723612,141.3674816,3.9750639207522,1,31,surface,yes
way/1159851265,25,153,24.940423671877994,153.05522836746803,43.0701156,141.3611107,9.392149637547679,1,33,surface,permissive
way/1159851266,25,153,24.856007911903184,153.07586345784105,43.0696972,141.3612175,9.392149637547679,1,26,surface,permissive
way/1161324665,27,155,26.523043748297624,154.50637865026803,43.0780782,141.3684052,1.1301003953339577,1,40,surface,yes
way/1161733668,7,172,7.369395423988995,171.89546395533728,42.9839637,141.4569107,0.04240799708643397,0,119,surface,yes
way/1161996795,13,172,12.748417895594313,171.99867093494984,43.0107158,141.4572781,0.3844495967506483,1,39,surface,yes
way/1161996819,13,172,12.781120497266452,171.50060177887272,43.0108463,141.4547579,0.3844495967506483,1,32,surface,yes
way/1161996820,13,172,12.846616829867116,171.5074389497394,43.0111724,141.4547906,0.3844495967506483,1,31,surface,yes
way/1162303809,29,186,28.985656000643058,186.06257377022882,43.0923567,141.5279473,0.10737604049292392,0,18,surface,yes
way/1162303810,29,186,29.024051702285604,186.00035688491778,43.0925436,141.5276315,0.10737604049292392,0,34,surface,yes
way/1162303818,29,186,28.73889254771676,185.86943747696316,43.0911173,141.5269775,0.10737604049292392,0,30,surface,yes
way/1162303820,29,186,28.838926150306467,185.70521924840983,43.0916041,141.526144,0.10737604049292392,0,30,surface,yes
way/1162303826,29,186,29.222859385253365,186.41759553016567,43.093559,141.5297362,0.10737604049292392,0,107,surface,customers
way/1162303827,29,186,29.256687436680807,186.27022110546366,43.0937177,141.5289898,0.10737604049292392,0,95,surface,customers
way/1162303828,29,186,28.963689060650136,185.98846788309783,43.0922427,141.5275731,0.10737604049292392,0,80,surface,customers
way/1162305123,29,187,29.21452345268107,186.61847529165254,43.0935305,141.5307525,0.09366708802081565,0,87,surface,customers
way/1162320311,29,186,28.679148195556774,186.3978587604734,43.0908543,141.529652,0.10737604049292392,0,92,surface,customers
way/1162324981,29,186,28.719834207120098,186.32962490271333,43.0910522,141.5293057,0.10737604049292392,0,77,surface,customers
way/1162324982,29,186,28.792620886380547,186.27829928619312,43.0914108,141.529044,0.10737604049292392,0,77,surface,customers
way/1162384729,29,186,28.937872819810718,186.48436188509103,43.0921463,141.5300821,0.10737604049292392,0,112,surface,customers
way/1162392893,28,182,27.738359960244882,181.969426237477,43.0858911,141.5072798,0.25926531636932343,1,31,surface,customers
way/1162395217,32,188,31.87988381899489,187.8869316692033,43.1068649,141.5370918,0.8025682544444261,1,26,surface,customers
way/1162396236,34,190,33.62753108532816,190.1332978822334,43.1156993,141.5484038,0.5190104326702997,1,39,surface,customers
way/1162679167,23,177,22.56780223959183,177.45192985165218,43.059891,141.4845787,0.4292397122609226,1,28,surface,customers
way/1162679951,24,177,24.32787415903354,176.80205429483476,43.0686005,141.481241,0.45294278016309486,1,30,surface,customers
way/1162680407,25,179,24.70447929717038,179.4465752908858,43.0706435,141.4946063,0.2203013077524671,1,34,surface,customers
way/1162680986,26,180,26.32012753189001,179.93392565358775,43.0787082,141.4970249,0.18806193336730295,1,34,surface,customers
way/1162683213,27,181,27.222828641907064,181.22646843401265,43.0832799,141.5035367,0.11945088261823528,0,73,surface,customers
way/1162706108,27,182,26.73284725907073,181.81096512063473,43.0808813,141.5065072,0.5302663500389176,1,37,surface,customers
way/1162722495,30,190,30.4476983467074,190.39066808175423,43.0999052,141.549797,0.15382362908068178,1,33,surface,customers
way/1162722496,30,190,30.484258508838405,190.324209887184,43.1000827,141.5494598,0.15382362908068178,1,35,surface,customers
way/1162722734,31,193,30.97513896425663,192.66934390956374,43.1026746,141.5613075,0.03354890769906865,0,61,surface,customers
way/1162724191,33,194,32.752094590475764,193.92391386777675,43.1115908,141.5676021,0.452496430318637,1,31,surface,customers
way/1162797407,30,184,29.9937380506707,183.72200463478805,43.0972182,141.5160796,0.15626848599268534,1,27,surface,customers
way/1162798616,31,185,31.400776867573708,184.57151084462183,43.104269,141.520336,0.3153801296465021,1,21,surface,customers
way/1162798617,31,185,31.42122196922208,184.6404479939549,43.1043751,141.5206841,0.3153801296465021,1,23,surface,customers
way/1162799394,30,187,30.46181748280968,186.57866845503958,43.0997297,141.5305153,0.1981530362425569,1,25,surface,customers
way/1162800877,34,185,33.58723926002087,184.75184753244366,43.1151521,141.5211853,0.21302827074393155,1,24,surface,customers
way/1162814417,22,178,21.9234097181771,177.5889739381373,43.0566958,141.4852904,0.7388742899665696,1,37,surface,yes
way/1162884086,26,174,25.743270522394475,173.66343268852918,43.0754358,141.465325,0.051958739348127364,0,104,surface,yes
way/1163007101,21,163,21.32291948616112,162.95154931058505,43.0527666,141.4112708,0.9862294308483059,1,39,surface,yes
way/1163007106,21,163,21.247357894706553,163.07575282507452,43.0523989,141.4119012,0.9862294308483059,1,20,rooftop,yes
way/1163037882,24,152,24.228523575235133,152.09630901406197,43.0665141,141.3562809,2.849137849029936,1,27,surface,customers
way/1163039754,25,152,24.60299055122721,152.30240899011355,43.0683893,141.3573126,5.7809547072218885,1,28,surface,customers
way/1163326064,18,159,18.02094664321664,159.131695878746,43.0361024,141.3920447,0.5410396575593283,1,23,surface,customers
way/1163334470,18,160,17.72058486545516,159.5157104296673,43.0346337,141.3939957,0.18735168577217864,1,39,surface,customers
way/1163348983,12,171,12.326339645271066,170.8978652063338,43.0085462,141.4517223,0.6819083879979051,1,40,surface,customers
way/1163603814,10,175,10.141965234345534,175.12087548892623,42.9979573,141.4731453,0.2497324189660695,1,24,surface,yes
way/1163603815,10,175,9.97014079220655,175.1447899708984,42.9971045,141.4732712,0.2497324189660695,1,20,surface,yes
way/1163631111,11,167,11.193636456371777,167.462914504399,43.0026928,141.4343807,0.19951740317733196,1,35,surface,yes
way/1163631113,11,167,10.97257284973297,167.33208258107004,43.0015852,141.4337253,0.19951740317733196,1,33,surface,customers
way/1163645814,25,153,25.392625391085424,153.09049867566014,43.0723663,141.3612761,9.392149637547679,1,29,surface,customers
way/1163648003,26,153,26.25613446863229,152.73801569374322,43.0766371,141.3594684,9.572676198285254,1,23,surface,customers
way/1163677110,16,171,15.894059937772267,171.26503385883575,43.0263092,141.4534769,0.10233832907458897,0,650,multi-storey,yes
way/1164354513,183,184,182.5356228115673,183.89054690106232,43.8556942,141.5125471,0.03605641101486132,0,98,surface,yes
way/1164370716,182,183,182.07031555483007,183.27290289244746,43.8533408,141.5094364,0.017980333883770072,0,65,surface,yes
way/1171569430,46,45,45.88399891952182,45.49435280870475,43.1673179,140.8164601,0.036651015036085186,0,83,surface,yes
way/1171569431,46,46,45.97749763922509,45.51309277454136,43.167784,140.8165522,0.05380733706081747,0,116,surface,yes
way/1171569432,46,45,45.98953250774553,45.39612007664588,43.1678363,140.8159602,0.036651015036085186,0,87,surface,yes
way/1175465342,20,160,20.104819181669424,159.6967163842084,43.0465002,141.3948427,0.5588441698097245,1,30,surface,yes
way/1175795287,20,158,20.151309825577883,157.56252271280823,43.0465938,141.3840465,0.44277797178710676,1,38,surface,yes
way/1176276406,17,160,16.70266490965131,159.71860249166616,43.0295855,141.3950512,0.37918211570692834,1,8,surface,customers
way/1178701130,9,190,8.779107626303045,190.02222803505535,42.9921414,141.5485563,0.09003666088920358,0,119,surface,yes
way/1178708638,9,190,8.878454387849517,190.12975081037695,42.9926423,141.5490973,0.09003666088920358,0,88,surface,yes
way/1178708639,9,191,8.756412360408156,190.51473925603082,42.9920603,141.5510481,0.06158382675058874,0,73,surface,yes
way/1178708640,9,191,8.5922974232551,190.85929525532123,42.9912665,141.5527956,0.06158382675058874,0,94,surface,yes
way/1178708642,8,191,8.433019485654007,190.99672391441706,42.9904834,141.5534953,0.08137654444952995,0,75,surface,yes
way/1178708643,8,191,8.476120383199081,190.7266869738953,42.9906803,141.5521282,0.08137654444952995,0,96,surface,yes
way/1178708958,9,190,8.6489543485213,190.39683043435676,42.9915184,141.5504548,0.09003666088920358,0,100,surface,yes
way/1180163999,8,191,7.942276743122638,190.74010202603463,42.9880268,141.5522114,0.08137654444952995,0,88,surface,yes
way/1180672224,9,190,9.070877441763914,190.25136509379277,42.9936069,141.5497069,0.09003666088920358,0,60,surface,yes
way/1180677789,8,189,8.354127369003445,189.4788535697389,42.9899933,141.5458201,0.03727033978801515,0,100,surface,yes
way/1181211282,129,159,128.59945224656056,158.7559403875692,43.585894,141.3869654,0.004143996523593909,0,85,surface,yes
way/1184127229,27,145,26.59470650782433,145.4998014672747,43.077854,141.3228474,0.8773211676987788,1,24,surface,yes
way/1184144948,12,151,11.963853487515031,151.03047144570758,43.0054633,141.3512424,0.2661818916183191,1,31,surface,yes
way/1184144949,12,151,11.903551906077984,151.02783536396473,43.0051633,141.3512308,0.2661818916183191,1,20,surface,yes
way/1184144950,12,151,11.845028689635072,151.04005700100484,43.0048731,141.3512943,0.2661818916183191,1,38,surface,yes
way/1184144951,12,151,11.786292282553084,151.03304077347016,43.0045806,141.3512605,0.2661818916183191,1,34,surface,yes
way/1184144952,12,151,11.72791410085955,151.0371771185799,43.0042906,141.3512831,0.2661818916183191,1,23,surface,yes
way/1184744120,19,155,18.94555921304488,155.15316440961257,43.0404433,141.3718945,0.5023144253338354,1,31,surface,customers
way/1189282094,41,137,40.72394828996643,137.44643733353823,43.147588,141.2817069,0.12034177086932775,0,69,surface,yes
way/1189692981,20,158,19.933344174254476,157.95758273503634,43.0455355,141.386051,0.44277797178710676,1,24,surface,customers
way/1191581398,50,41,50.05610982375337,40.69146317585883,43.1877528,140.7920469,0.4071636408262726,1,39,surface,yes
way/1196889148,22,149,21.780341041820726,148.98088544451423,43.0541405,141.3405933,0.5308177029847133,1,37,surface,customers
way/1202262327,26,142,26.18698180133251,141.99160920759562,43.0756006,141.3051145,0.3841736611459669,1,38,surface,yes
way/1202262328,26,142,26.14800362245787,142.00411985805394,43.0754076,141.3051789,0.3841736611459669,1,36,surface,yes
way/1205663261,9,191,8.516483860136827,191.13636249776474,42.9909074,141.5541992,0.06158382675058874,0,93,surface,yes
way/1206976302,15,153,14.548578343908579,153.2458499964978,43.0184578,141.3623736,0.2837427888824958,1,35,surface,customers
way/1207665875,50,144,49.582588866195685,144.3485705620524,43.1920796,141.3163636,0.18073493393451445,1,38,surface,yes
way/1210284306,26,178,26.16353125533987,178.23544553811865,43.0778201,141.4884384,0.22348685595719467,1,38,surface,customers
way/1212864818,8,189,8.300088406708674,189.33908566152382,42.9897156,141.5451147,0.03727033978801515,0,120,surface,yes
way/1213187544,8,190,8.115435509572915,189.9414700680688,42.9888363,141.5481669,0.047935434763193716,0,64,surface,yes
way/1222586066,4,114,4.314465402215676,114.33059699159263,42.9650637,141.1658324,0.0514343623962661,0,101,surface,customers
way/1223173541,22,149,21.78742299752877,149.09859944266205,43.0541833,141.3411885,0.5308177029847133,1,32,surface,customers
way/1233542834,19,175,18.547334953550966,174.53628729153522,43.0397126,141.4699468,1.2211274809639827,1,21,surface,yes
way/1233542835,19,175,18.551988478637615,174.5791365447412,43.0397385,141.4701634,1.2211274809639827,1,39,surface,yes
way/1233542839,19,175,18.862999898599746,175.10347677333635,43.0413187,141.4728066,1.2211274809639827,1,36,surface,yes
way/1235508106,21,146,21.435633080770934,146.37207323615658,43.0522584,141.3274077,0.3057221438971002,1,26,surface,yes
way/1237524341,36,131,36.07058086382486,130.5806195676597,43.1240081,141.247113,1.4752595734323266,1,37,surface,yes
way/1243958922,26,152,26.26102262530095,151.8024066798142,43.0766011,141.3547359,7.150249807354117,1,11,surface,yes
way/1251180371,36,131,35.63168590509859,131.30923665309976,43.1218728,141.250811,1.4752595734323266,1,31,surface,yes
way/1251515843,34,132,34.00980577224775,132.48794667751287,43.1138845,141.2568196,0.2459086380534491,1,35,surface,yes
way/1251517143,34,133,34.11353772478713,132.9925839685949,43.1144328,141.2593691,0.36065461373040464,1,39,surface,yes
way/1252981558,34,133,33.986164182020445,132.7369595934716,43.113783,141.2580798,0.36065461373040464,1,27,surface,yes
way/1253571544,41,140,40.825587122357355,139.736927951325,43.148241,141.2932894,0.11026181571403107,0,108,surface,yes
way/1257351705,16,161,16.19646796275053,161.26387091663162,43.0271682,141.4028818,0.35906835785381075,1,29,surface,customers
way/1263615254,47,168,46.82094984115788,167.94415683612766,43.1798691,141.4357907,0.07085880525408161,0,103,surface,yes
way/1263985499,23,156,22.59514387685783,155.84080290638755,43.058634,141.3752677,0.7927278792438295,1,26,surface,yes
way/1264443466,45,137,44.51100606877693,136.8876181846483,43.1663819,141.2787715,0.07009878153588349,0,87,surface,yes
way/1264679356,20,154,19.947011154122514,154.11375010565962,43.0453557,141.3666083,0.37426221250883174,1,23,surface,yes
way/1266007516,20,160,20.227869622770356,159.8622815368745,43.0471227,141.3956766,0.5588441698097245,1,15,surface,yes
way/1267091663,31,137,30.582115957467714,136.69983794506976,43.0971129,141.2782221,0.8196506359030663,1,33,surface,customers
way/1269268736,7,173,7.130368898540623,173.42493185768961,42.9828738,141.4646537,0.10665015769421363,0,63,surface,yes
way/1271036666,16,155,16.114921191542127,154.77353805627698,43.0263444,141.3700557,0.30179954747482096,1,13,surface,customers
way/1272629414,16,154,15.935889257922364,154.38223201610083,43.025429,141.3680816,0.7135715799797034,1,12,surface,yes
way/1272629420,16,154,16.04976182154975,154.44903112555232,43.0259995,141.3684162,0.7135715799797034,1,40,surface,yes
way/1272629421,16,154,16.125693946231436,154.45294226688483,43.0263773,141.3684338,0.7135715799797034,1,19,surface,yes
way/1273557087,15,154,15.343174757653642,154.2888485889466,43.0224759,141.3676263,0.1782747040258364,1,23,surface,yes
way/1273964130,51,81,51.438851515555406,81.01665745360825,43.1972272,140.9959741,0.6644509685719311,1,23,surface,yes
way/1273987875,16,154,15.766775605279122,154.08222299494807,43.0245688,141.366569,0.7135715799797034,1,27,surface,yes
way/1273994970,20,162,19.51833626891571,161.59565691837446,43.0437065,141.4044645,0.5731932540202613,1,22,surface,customers
way/1273994976,19,162,19.4710015026781,161.72686143047508,43.0434796,141.4051295,1.3437264303601286,1,10,surface,customers
way/1273994998,19,161,19.291623846451696,160.857998078987,43.0425317,141.4007399,0.5076325213185359,1,40,surface,yes
way/1274089898,16,154,16.248836502314962,154.495041450051,43.0269923,141.3686432,0.7135715799797034,1,26,surface,yes
way/1274089899,16,155,15.956785442718097,154.58393033602368,43.0255459,141.3691012,0.30179954747482096,1,32,surface,yes
way/1274089900,16,155,16.395588002432905,154.88175522095122,43.0277469,141.370595,0.30179954747482096,1,22,surface,yes
way/1274089901,16,155,16.412666348992357,154.8877043362106,43.0278322,141.3706246,0.30179954747482096,1,25,surface,yes
way/1274089906,16,155,15.976131752345948,155.31477608230148,43.0256892,141.3727973,0.30179954747482096,1,33,surface,customers
way/1274420840,24,190,24.029204851829263,189.73875568011508,43.0679493,141.5466841,0.004210827795979463,0,67,surface,yes
way/1274420841,24,189,24.48019732490565,189.4887512171119,43.0701756,141.5454066,0.2998127327422533,1,23,surface,yes
way/1274420842,24,189,24.361048820385154,189.0842427475582,43.0695571,141.543364,0.2998127327422533,1,39,surface,yes
way/1274465339,31,142,31.261829899739443,141.98634680046655,43.1008333,141.304942,0.31707780544637876,1,21,surface,yes
way/1274474212,32,142,31.62725241877351,141.83670511427067,43.1026406,141.3041746,0.8088282138172194,1,40,surface,yes
way/1274555811,16,154,15.761064100824997,153.75639320303523,43.0245194,141.3649211,0.7135715799797034,1,30,surface,yes
way/1274555812,16,154,15.834784576755743,153.7633561955827,43.0248864,141.3649542,0.7135715799797034,1,37,surface,yes
way/1274555813,16,154,15.861476750197422,153.76617690532254,43.0250193,141.3649677,0.7135715799797034,1,32,surface,yes
way/1274555819,16,154,16.496125815606387,154.14028210566198,43.028199,141.3668417,0.7135715799797034,1,36,surface,yes
way/1274555823,16,154,15.578299937166197,154.32478316069566,43.0236473,141.3678013,0.7135715799797034,1,35,surface,yes
way/1274555825,16,154,16.43585936842976,154.3381779511583,43.0279121,141.3678444,0.7135715799797034,1,11,surface,yes
way/1276671327,12,154,12.266979053817595,153.61686488015997,43.0071372,141.3643158,0.2810118357896122,1,26,surface,yes
way/1276671330,13,154,12.761369785739753,153.68050831685417,43.0095995,141.3646235,0.23278869611938577,1,28,surface,yes
way/1276671345,13,154,12.830757026114158,153.75023764840913,43.009949,141.3649742,0.23278869611938577,1,23,surface,yes
way/1276671346,13,154,12.821967810416837,153.79370246910213,43.0099081,141.3651943,0.23278869611938577,1,30,surface,yes
way/1276671347,13,154,12.871510995726362,153.785364116895,43.0101539,141.3651507,0.23278869611938577,1,36,surface,yes
way/1278173642,13,154,13.088277339866096,153.53557058385763,43.0112156,141.363881,0.23278869611938577,1,38,surface,yes
way/1278173647,13,154,13.135569831035903,153.79394265213136,43.0114674,141.3651865,0.23278869611938577,1,28,surface,yes
way/1278173654,13,153,13.015118170366327,153.43721196674778,43.0108455,141.3633856,0.1567234060573037,1,35,surface,yes
way/1279241701,13,153,13.283252583064929,153.39824594918738,43.0121762,141.3631808,0.1567234060573037,1,39,surface,yes
way/1279241708,13,153,13.294267485595533,153.3041023303734,43.0122249,141.3627043,0.1567234060573037,1,30,surface,yes
way/1279241709,13,153,13.297933382555517,153.26644067688136,43.0122407,141.3625137,0.1567234060573037,1,30,surface,yes
way/1279811132,13,154,13.320023774043676,153.97488232221082,43.0123962,141.3660964,0.23278869611938577,1,27,surface,yes
way/1279811144,13,154,13.442740642449444,153.8465775323136,43.0129981,141.3654439,0.23278869611938577,1,20,surface,yes
way/1279811149,14,154,13.5127734119759,153.8990904660517,43.0133497,141.3657075,0.9177196290876355,1,15,surface,customers
way/1280509739,13,153,13.367360946772497,153.25238304827306,43.012585,141.3624406,0.1567234060573037,1,27,surface,yes
way/1281859640,14,154,13.726961098271925,154.04680682149603,43.0144242,141.3664485,0.9177196290876355,1,33,surface,yes
way/1284407211,14,154,13.816488159542345,153.5667156295412,43.0148384,141.3640176,0.9177196290876355,1,37,surface,yes
way/1285071310,12,149,11.95447246998084,149.34471003489875,43.005308,141.342716,0.3255015543863456,1,28,surface,yes
way/1285088180,14,154,14.02052046314088,153.65383713544966,43.0158585,141.3644524,0.9177196290876355,1,20,surface,yes
way/1285088184,14,154,13.982155123260137,153.95418932675952,43.0156871,141.3659727,0.9177196290876355,1,26,surface,customers
way/1287033005,14,154,14.202080927764436,153.77716902503312,43.0167692,141.365071,0.9177196290876355,1,37,surface,yes
way/1287612842,34,175,33.961570921454175,174.8093766522822,43.1163725,141.470885,0.041820899637017954,0,104,surface,yes
way/1288205898,13,153,13.22254469607143,152.76757927694163,43.0118337,141.3599926,0.1567234060573037,1,32,surface,yes
way/1290162310,20,160,19.788162387879588,160.21294221299834,43.044959,141.3974629,0.5588441698097245,1,36,surface,yes
way/1290162311,20,160,19.74945695867705,160.18579488034217,43.0447648,141.3973267,0.5588441698097245,1,20,surface,yes
way/1290162312,20,160,19.761819007634756,160.15063418569758,43.044824,141.3971485,0.5588441698097245,1,32,surface,yes
way/1290162313,20,160,19.83559959042301,160.23984261367906,43.0451966,141.3975976,0.5588441698097245,1,26,surface,yes
way/1290386039,19,159,19.27448462942535,159.483695869259,43.0423579,141.3937891,0.8018861755714632,1,32,surface,customers
way/1290386045,19,159,19.333984780128564,159.3573251757923,43.0426456,141.3931482,0.8018861755714632,1,34,surface,customers
way/1292543023,19,160,18.798905641146707,160.36900280304337,43.0400503,141.3982807,0.3563892502707189,1,23,surface,customers
way/1293310058,14,153,14.00228781144024,153.21563999692862,43.0157396,141.3622365,0.817768505243993,1,28,surface,yes
way/1296663049,22,143,21.826032685757173,143.1025781880519,43.0539888,141.3108592,0.1390599830885715,1,21,surface,yes
way/1297214882,22,158,22.331793643467226,158.16371864463872,43.0574743,141.3870247,1.3731406668340949,1,32,rooftop,customers
way/1297453209,23,150,23.494271349462085,150.11091898471548,43.0627353,141.3462598,0.5699761119995308,1,38,surface,customers
way/1297453225,24,150,23.74180512453708,150.33927083670258,43.0639808,141.3474077,2.2887440953646974,1,39,surface,customers
way/1297453226,24,150,23.600886820035285,150.33726396504613,43.06328,141.3474016,2.2887440953646974,1,5,surface,customers
way/1297453227,24,150,23.543952777536557,150.4239303977593,43.0630025,141.3478416,2.2887440953646974,1,49,surface,customers
way/1297453232,24,150,23.74979195268655,150.1808362585856,43.0640103,141.3466061,2.2887440953646974,1,28,surface,yes
way/1297478006,24,150,24.091308203993698,150.19977977218113,43.0657096,141.3466921,2.2887440953646974,1,3,surface,customers
way/1299495640,20,161,19.709075078420106,161.0512938448341,43.0446198,141.4017056,0.7289874679769266,1,10,surface,customers
way/1299530528,22,144,21.929501420894905,143.81369661780164,43.0545491,141.3144531,0.34482188172009237,1,23,surface,yes
way/1299530537,22,143,21.919836192764702,143.37707049514026,43.0544729,141.3122449,0.1390599830885715,1,24,surface,yes
way/1299615353,19,155,18.74943293834908,155.02089257494276,43.0394596,141.3712311,0.5023144253338354,1,31,surface,customers
way/1300029398,14,153,14.275309536803073,152.79655544170072,43.0170701,141.3601089,0.817768505243993,1,34,surface,yes
way/1300661229,35,176,34.573466311965014,175.79530743905397,43.1194785,141.4758543,0.15379073243226124,1,20,surface,yes
way/1300875415,29,168,28.966485291588263,168.18222325692122,43.0911089,141.4375081,0.4944014376990115,1,36,surface,yes
way/1300875435,28,168,27.967721481918513,168.2369853146355,43.0861464,141.4378138,0.2643928533022291,1,39,surface,yes
way/1300908241,23,152,22.70313044887221,152.24095970470165,43.0589389,141.3570564,1.1144881857630178,1,38,surface,yes
way/1300908242,23,152,22.57945497721608,151.58369977784753,43.0582816,141.3537355,1.1144881857630178,1,30,surface,yes
way/1301276488,14,152,13.693793518809946,151.8563682078249,43.0141181,141.3553701,0.922663927185089,1,37,surface,yes
way/1301657345,24,200,24.39385476204933,199.73945903115046,43.070407,141.5972577,0.06272705651188637,0,89,surface,yes
way/1301657346,24,200,24.362177418917593,199.84659303198396,43.0702564,141.5978005,0.06272705651188637,0,103,surface,yes
way/1301689982,15,153,14.521263209151247,153.07543159718622,43.018311,141.3615124,0.2837427888824958,1,23,surface,yes
way/1301689983,14,153,14.468408165199119,153.03361325276168,43.0180455,141.3613024,0.817768505243993,1,24,surface,yes
way/1302234455,27,162,26.50558441767221,161.74104027656483,43.0784577,141.404999,0.6495404834930205,1,24,surface,yes
way/1302508806,16,156,16.370636558369434,155.96410515178536,43.0276926,141.3760703,1.1811473753592332,1,25,surface,yes
way/1302780861,14,154,14.381265182723762,153.9845118448235,43.0176735,141.3661146,0.9177196290876355,1,21,surface,yes
way/1302780868,15,154,14.560691980625434,154.02730654402583,43.0185684,141.3663259,0.1782747040258364,1,36,surface,yes
way/1302780869,15,154,14.54112613381125,154.07051241388294,43.0184739,141.366545,0.1782747040258364,1,23,surface,yes
way/1302979736,23,153,23.013111203776113,153.19233590909175,43.0605415,141.3618596,2.2673271993525113,1,40,surface,yes
way/1303222131,21,180,21.094968069148557,179.89535283401764,43.0527253,141.49698,0.21253314646572796,1,34,surface,yes
way/1303234238,18,175,17.60083613477329,174.8862820356092,43.035029,141.4717443,0.6957124821679875,1,29,surface,yes
way/1303255820,22,156,21.806372489959003,155.9526692508829,43.0547193,141.3758562,1.1557326822814729,1,21,surface,yes
way/1303255821,22,156,21.771821710617473,155.9882376437236,43.0545498,141.3760371,1.1557326822814729,1,26,surface,yes
way/1303255837,22,156,21.984087811874055,155.79547606852555,43.0555928,141.375056,1.1557326822814729,1,30,surface,yes
way/1303283635,22,148,21.955504286086583,147.77163252302128,43.0549335,141.3344718,0.5440504369215231,1,31,surface,yes
way/1303412011,15,154,14.691262146756236,153.96341898866163,43.0192135,141.365999,0.1782747040258364,1,37,surface,yes
way/1303423132,21,151,20.582384407511785,151.45006966173116,43.0483432,141.353117,0.9117309853715069,1,35,surface,yes
way/1304011248,27,78,27.467522389706815,77.60611869202583,43.0778177,140.9794125,0.007416437399695389,0,100,surface,customers
way/1304011262,27,78,27.426225627486552,78.034863330165,43.07764,140.9815823,0.007416437399695389,0,108,surface,customers
way/1304011265,27,78,27.26635331322895,78.29881952484344,43.0768621,140.982922,0.007416437399695389,0,87,surface,customers
way/1304011266,27,79,27.050333751546926,78.75630593439563,43.0758175,140.9852422,0.029686002067414473,0,104,surface,customers
way/1304011271,27,78,27.03391813016857,78.48668202394985,43.0757185,140.9838789,0.007416437399695389,0,86,surface,customers
way/1304011290,26,80,25.687926714575656,79.59608291073111,43.0690975,140.989529,0.04659263337928354,0,92,surface,customers
way/1304018872,52,53,51.86762652758896,53.25400074296441,43.1975697,140.8555368,0.06326267294470829,0,117,surface,customers
way/1304030444,48,84,48.1438548061966,83.56423510832869,43.1810081,141.0089546,0.12205341479481775,0,81,surface,customers
way/1304048922,27,99,26.589737074260068,98.57890765617397,43.074805,141.0855192,0.12364822160563546,0,115,surface,customers
way/1304109043,38,122,37.62492038067261,121.9691986817586,43.1311815,141.2035113,0.020908038172635268,0,118,surface,customers
way/1304198870,24,145,23.613569384091505,145.30492482383926,43.0630187,141.3219474,0.4305340694440149,1,35,surface,customers
way/1304206363,24,146,23.781438176790452,146.36654401760265,43.0639218,141.3273123,1.522860471573842,1,30,surface,customers
way/1305540593,19,160,19.28195951728327,159.88294338325272,43.0424208,141.3958083,0.3563892502707189,1,23,surface,yes
way/1305558330,22,163,21.830415490665036,163.45019747278812,43.0553221,141.4137784,0.9051436293521155,1,30,surface,yes
way/1305572651,22,151,21.63790217802029,150.7671076081923,43.0535474,141.3496322,1.5479449420273734,1,38,surface,yes
way/1305572667,21,151,20.7798384702237,150.8981133569233,43.0492894,141.3503195,0.9117309853715069,1,29,surface,yes
way/1305572668,21,151,20.681502973682935,150.97477788994505,43.0488054,141.3507101,0.9117309853715069,1,21,surface,yes
way/1305746956,25,144,24.96377936861579,144.257963239449,43.0696647,141.316613,0.47756800210329264,1,34,surface,permissive
way/1305746958,25,144,24.95291928184934,144.153988006089,43.069604,141.3160874,0.47756800210329264,1,28,surface,permissive
way/1305746959,25,144,24.947735445531915,144.2032462899848,43.0695814,141.3163367,0.47756800210329264,1,26,surface,permissive
way/1305746960,25,144,25.05329617972133,144.01758875910096,43.0700943,141.3153946,0.47756800210329264,1,25,surface,permissive
way/1305934687,22,156,22.05216172807509,155.7151797217203,43.0559261,141.3746479,1.1557326822814729,1,25,surface,yes
way/1305934696,22,157,21.811990548918423,156.71236115211434,43.0547962,141.3796986,1.390188239162167,1,30,surface,customers
way/1308458447,20,159,20.384329229438165,159.31857377564012,43.0478656,141.392922,0.49128096961000894,1,40,surface,customers
way/1308836130,25,154,24.73802428549599,154.22294693633287,43.0691845,141.3670229,3.9750639207522,1,30,surface,yes
way/1316834387,34,152,33.90681744207035,152.05313309256866,43.1146335,141.3557843,0.4274108614654789,1,34,surface,yes
way/1318042597,40,153,39.63752972020164,153.22586431461212,43.1432032,141.3615513,0.2625335592721603,1,35,surface,yes
way/1319818135,42,157,42.29066350824163,157.0215480405514,43.1566397,141.3806738,0.28436287988761055,1,29,surface,yes
way/1319818136,42,157,42.255782260357705,157.02520504048405,43.1564665,141.3806933,0.28436287988761055,1,23,surface,customers
way/1319818137,42,157,42.401798243426,157.02648960622582,43.1571926,141.3806956,0.28436287988761055,1,26,surface,yes
way/1319819646,37,155,36.69964035621304,154.92633044664808,43.1287051,141.3702368,0.3112068638879617,1,40,surface,customers
way/1323143610,31,182,31.00106704920892,181.68000463469883,43.1020952,141.5057221,0.08009677699996175,0,74,surface,yes
way/1323143611,31,182,30.856529229481406,181.8920516818399,43.1013902,141.5067988,0.08009677699996175,0,76,surface,yes
way/1323876189,17,165,17.14695413832383,164.59355619374873,43.0321088,141.4196962,0.4607547538662626,1,40,surface,yes
way/1323876190,17,165,17.094404621552954,164.5452351059337,43.0318444,141.4194533,0.4607547538662626,1,23,surface,yes
way/1323876191,17,164,16.899384417376396,164.3540140597983,43.0308624,141.4184917,0.29235864576114495,1,20,surface,yes
way/1323876192,17,164,17.106098429478035,164.32735206612787,43.0318885,141.4183509,0.29235864576114495,1,36,surface,yes
way/1323876193,17,164,17.124699541112125,164.27168532663237,43.0319774,141.4180688,0.29235864576114495,1,38,surface,yes
way/1323876194,17,165,17.33759557905275,164.74090148454346,43.0330662,141.420436,0.4607547538662626,1,21,surface,yes
way/1323876195,17,165,17.29886767688372,164.9063182582668,43.0328843,141.4212738,0.4607547538662626,1,40,surface,yes
way/1323876196,17,165,17.27904470237245,164.81110970961814,43.0327796,141.4207928,0.4607547538662626,1,23,surface,yes
way/1323876197,17,165,17.24695777541874,164.96535437753852,43.03263,141.4215739,0.4607547538662626,1,35,surface,yes
way/1323876198,17,165,17.268771901203387,165.09934410513185,43.0327471,141.422251,0.4607547538662626,1,22,surface,yes
way/1323876199,17,165,17.154581099929295,164.95624900026021,43.0321701,141.4215305,0.4607547538662626,1,23,surface,yes
way/1324116426,30,181,30.095548734578053,181.24243895098962,43.0975646,141.5035349,0.039503846194605195,0,75,surface,yes
way/1324116427,30,181,29.968033600784473,181.29717037763012,43.0969341,141.5038154,0.039503846194605195,0,74,surface,yes
way/1324340147,24,170,24.31578019999437,169.81631267546572,43.0680901,141.4459071,0.3558327676180773,1,27,surface,yes
way/1324340148,24,170,24.233027469082216,169.83432774669888,43.0676798,141.4460006,0.3558327676180773,1,25,surface,yes
way/1324340149,24,169,24.34950177381926,169.1387928881884,43.0682141,141.4424792,0.41860256922333616,1,38,surface,yes
way/1324340150,24,169,24.238783182473437,169.17001385020342,43.0676656,141.4426403,0.41860256922333616,1,28,surface,yes
way/1324340151,24,169,24.145675620705397,169.3088268652718,43.0672116,141.4433451,0.41860256922333616,1,39,surface,yes
way/1324340152,24,169,24.230439242518774,169.44598175520701,43.0676419,141.4440364,0.41860256922333616,1,35,surface,yes
way/1324340153,24,170,24.25586858596931,169.68119698939597,43.0677835,141.4452254,0.3558327676180773,1,31,surface,yes
way/1324340154,24,170,24.241823252891624,169.78259891304276,43.0677202,141.4457387,0.3558327676180773,1,37,surface,yes
way/1327497320,18,161,17.881790287493093,161.1813384729818,43.0355426,141.4024159,0.33101678247370797,1,31,surface,yes
way/1327497321,18,161,17.961345824076208,161.40685746947696,43.0359527,141.4035543,0.33101678247370797,1,32,surface,yes
way/1327497322,17,161,17.425805735882935,161.0313977960302,43.0332657,141.4016706,0.5506772444086216,1,29,surface,yes
way/1327497323,16,161,16.38700636323124,160.61705620502568,43.0280739,141.3996047,0.35906835785381075,1,35,surface,yes
way/1327497324,17,161,16.518082904063515,160.9950609727335,43.02875,141.4015129,0.5506772444086216,1,28,surface,yes
way/1327497325,16,161,16.360469017127937,161.07083503912762,43.0279712,141.4019007,0.35906835785381075,1,27,surface,yes
way/1327497326,16,161,16.289865594017243,161.1088873177081,43.0276226,141.4020952,0.35906835785381075,1,36,surface,yes
way/1327497327,16,161,16.16451530610253,160.93300868725984,43.026988,141.4012092,0.35906835785381075,1,24,surface,yes
way/1327497328,16,161,16.113552474057464,161.06172127325186,43.0267429,141.4018617,0.35906835785381075,1,29,surface,yes
way/1327497329,16,161,16.017794971839578,160.92555173647847,43.026258,141.4011757,0.35906835785381075,1,29,surface,yes
way/1327497330,16,161,16.111489433357413,161.26896323082283,43.026746,141.40291,0.35906835785381075,1,34,surface,yes
way/1327497331,16,161,16.023594667417346,161.14683586225706,43.0263011,141.4022948,0.35906835785381075,1,39,surface,yes
way/1327497332,16,161,15.985682667927371,161.2027684918021,43.0261162,141.4025788,0.35906835785381075,1,31,surface,yes
way/1327497333,16,161,16.088470730395212,161.344256696556,43.0266364,141.4032915,0.35906835785381075,1,36,surface,yes
way/1327497335,16,161,16.366718532440974,161.27138251379662,43.0280152,141.4029149,0.35906835785381075,1,22,surface,yes
way/1327497336,17,161,16.502867089107045,161.27053510268482,43.0286921,141.4029067,0.5506772444086216,1,31,surface,yes
way/1327497339,16,161,16.42906977134133,161.46963912846033,43.028338,141.4039159,0.35906835785381075,1,26,surface,yes
way/1327497340,17,160,17.36472663825737,160.22147029638614,43.0329098,141.3975757,0.37918211570692834,1,26,surface,yes
way/1327497346,17,160,17.157541151429957,160.15107644574476,43.0318751,141.3972256,0.37918211570692834,1,40,surface,yes
way/1327497347,17,160,17.122823894076717,160.23672245558845,43.031708,141.3976598,0.37918211570692834,1,25,surface,yes
way/1327497348,17,160,17.032785670567133,160.2861509158446,43.0312635,141.3979124,0.37918211570692834,1,24,surface,yes
way/1330624729,51,82,51.2293561671985,82.19651429478414,43.1962616,141.0019479,1.2695803533340266,1,34,surface,customers
way/1331552738,17,167,16.811442801737236,167.33222990537809,43.0306171,141.4335582,0.22504508853586933,1,27,surface,customers
way/1332904407,33,186,33.03717329108187,185.600887302765,43.1124718,141.5254956,0.11121308578118923,0,66,surface,yes
way/1332905727,33,186,33.10285947073583,185.69392473745654,43.1128044,141.5259643,0.11121308578118923,0,109,surface,yes
way/1332944401,31,188,30.899002525163223,187.85612997513465,43.1019858,141.5369642,0.8637586397563328,1,36,surface,yes
way/1333097157,31,187,31.462431796811945,187.10103627330392,43.1047386,141.5331287,0.9298435859962285,1,37,surface,yes
way/1339066358,17,161,17.203512643677147,160.94421205041684,43.0321548,141.401236,0.5506772444086216,1,34,surface,customers
way/1340205544,40,113,40.302555372389115,113.20692733378425,43.1439304,141.1591143,0.049295672360943864,0,110,surface,yes
way/1340205549,40,113,40.28901732859478,113.4770927464675,43.1438805,141.1604812,0.049295672360943864,0,8,surface,yes
way/1340205550,40,114,40.19317051415387,113.6472461357045,43.1434149,141.1613446,0.04230973402033886,0,93,surface,customers
way/1345042600,40,114,39.80419445428597,113.82500594179466,43.1414923,141.1622549,0.04230973402033886,0,85,surface,yes
way/1349634026,28,165,27.650013809050282,164.90130760487168,43.0843517,141.4209509,0.2230260477864393,1,24,surface,yes
way/1349634032,28,166,28.12940723583009,166.25994924952715,43.0868229,141.4278092,0.6633387260576507,1,20,surface,yes
way/1349975897,29,169,28.714953465311794,168.65170621229944,43.0898885,141.43989,0.3956838973270858,1,40,surface,yes
way/1350315213,25,155,24.887583584659254,155.05243600990377,43.0699816,141.3712142,2.2712273267936425,1,40,surface,yes
way/1350649924,17,160,17.211827576100514,160.2934752308993,43.0321542,141.3979443,0.37918211570692834,1,5,surface,customers
way/1350659041,53,184,52.62859685728605,184.32230793672227,43.2098014,141.5184653,0.017224188588029113,0,100,surface,customers
way/1351956347,24,155,24.27907164084006,155.16613740246538,43.0669633,141.3718068,1.3544815467402789,1,37,surface,yes
way/1352274332,23,154,23.20128456802839,153.63867553834072,43.0615059,141.3641118,1.029301848398822,1,38,surface,yes
way/1352274333,23,154,23.149802827838013,153.5002270135045,43.061241,141.363413,1.029301848398822,1,25,surface,yes
way/1352274334,23,153,23.056921956799826,153.4074502041534,43.0607732,141.3629464,2.2673271993525113,1,34,surface,yes
way/1352274335,23,154,23.047026981807743,153.52690637050864,43.0607317,141.3635509,1.029301848398822,1,26,surface,yes
way/1352274336,23,154,23.35698302963097,153.60826378090087,43.0622781,141.3639535,1.029301848398822,1,28,surface,yes
way/1352274337,23,153,23.34087039299706,153.44714185077876,43.0621876,141.363139,2.2673271993525113,1,27,surface,yes
way/1352274338,23,153,23.41399979021084,153.4686723095954,43.0625526,141.3632458,2.2673271993525113,1,22,surface,yes
way/1352814749,17,152,16.50632497394655,152.2659229785489,43.0281289,141.3573608,0.7524424902989972,1,29,surface,customers
way/1353553690,16,152,16.197373817967055,152.48095017380757,43.0266066,141.3584573,0.6427682403676719,1,29,surface,yes
way/1353553701,16,153,16.225904519952202,152.62741368973312,43.0267579,141.3591973,0.47714948176717004,1,34,surface,yes
way/1353553702,16,153,16.291622059252354,152.72578932556374,43.027091,141.359693,0.47714948176717004,1,34,surface,yes
way/1353553703,16,153,16.35909930394924,152.73961672515173,43.0274274,141.359761,0.47714948176717004,1,34,surface,yes
way/1353840555,16,152,16.18339776650808,152.2574052887671,43.0265227,141.357327,0.6427682403676719,1,33,surface,yes
way/1353922202,17,160,16.784022888330224,159.75077667957714,43.0299921,141.3952116,0.37918211570692834,1,23,surface,customers
way/1354125192,16,152,16.16244388829364,152.187377872894,43.026414,141.3569734,0.6427682403676719,1,26,surface,yes
way/1354125207,16,152,16.209399455029136,152.03732996185835,43.0266378,141.3562131,0.6427682403676719,1,28,surface,yes
way/1354789111,16,152,15.867790382986282,152.06743642021053,43.0249412,141.3563752,0.6427682403676719,1,37,surface,customers
way/1354944178,54,148,54.235399982250726,148.19780910476302,43.2154623,141.3356995,0.043391942017223094,0,105,surface,yes
way/1355911610,40,114,40.313163088926025,114.48311119488818,43.1440654,141.165569,0.04230973402033886,0,73,surface,yes
way/1357073342,21,151,20.67147948025575,151.2236111850321,43.0487716,141.351969,0.9117309853715069,1,1,surface,customers
way/1357073345,21,151,20.78475384633724,151.35207094469462,43.0493431,141.3526155,0.9117309853715069,1,2,surface,yes
way/1357073352,21,151,20.875831150698815,151.0937142187396,43.0497793,141.3513061,0.9117309853715069,1,12,surface,yes
way/1359019082,26,152,25.606045447492786,152.42550656465335,43.0733846,141.3579064,7.150249807354117,1,27,surface,yes
way/1359019083,26,153,25.618958243227727,152.55110257165907,43.0734569,141.3585413,9.572676198285254,1,33,surface,yes
way/1359019085,25,152,24.973643658539096,151.92458666574538,43.0702079,141.3553909,5.7809547072218885,1,32,surface,yes
way/1359019086,25,152,25.002040599860972,152.04878788886356,43.0703571,141.3560183,5.7809547072218885,1,20,surface,yes
way/1359021963,25,152,25.3450544128312,152.32766208860176,43.0720806,141.357419,5.7809547072218885,1,28,surface,yes
way/1359021964,25,153,25.406358428129625,152.57257102602023,43.0724012,141.358656,9.392149637547679,1,23,surface,yes
way/1359021965,25,153,25.398218136129707,152.52408714735387,43.0723576,141.358411,9.392149637547679,1,35,surface,yes
way/1359021966,25,152,25.396164508527992,152.47771375852713,43.0723444,141.3581765,5.7809547072218885,1,31,surface,yes
way/1359021972,25,153,25.316210618246423,152.66768838554606,43.0719591,141.3591397,9.392149637547679,1,35,surface,yes
way/1359021973,25,153,25.29229391465776,152.67107160198964,43.0718404,141.3591575,9.392149637547679,1,32,surface,yes
way/1359021974,25,152,25.25462116306274,152.49444572617492,43.0716417,141.3582652,5.7809547072218885,1,28,surface,yes
way/1359021975,25,152,25.2812466366599,152.45897068502805,43.0717718,141.358085,5.7809547072218885,1,28,surface,yes
way/1359021976,25,153,25.29073455754311,152.5136503751013,43.0718225,141.3583613,9.392149637547679,1,22,surface,yes
way/1359021977,25,153,25.24554457360548,152.52284382674856,43.0715984,141.3584091,9.392149637547679,1,28,surface,yes
way/1359025130,25,153,24.973576068417596,153.25940833804373,43.0702936,141.3621425,9.392149637547679,1,37,surface,yes
way/1359718280,28,158,27.82688238517241,158.2731012148408,43.0848039,141.38742,0.6640772116963357,1,29,surface,customers
way/1359727504,27,145,26.647078889732096,144.88689867266038,43.0780749,141.3197458,0.8773211676987788,1,40,surface,yes
way/1359965052,29,142,29.159370729701916,141.83426501354504,43.0903697,141.3042332,0.20814407301774976,1,32,surface,customers
way/1360082065,25,152,25.32161327790006,151.86149969570815,43.071934,141.3550618,5.7809547072218885,1,36,surface,yes
way/1360082072,25,152,25.433778307339605,152.24309405970814,43.0725163,141.3569887,5.7809547072218885,1,33,surface,yes
way/1360082079,25,153,25.4263716604167,152.62827928637054,43.0725043,141.3589372,9.392149637547679,1,30,surface,yes
way/1360082080,25,153,25.35229431043722,152.6535005667543,43.0721376,141.3590669,9.392149637547679,1,30,surface,yes
way/1360958044,24,147,23.72264765653312,146.82138508755236,43.0636588,141.3296146,0.9323114424315987,1,29,surface,yes
way/1360958045,24,147,23.871893643260805,146.69451614884272,43.0643927,141.3289686,0.9323114424315987,1,30,surface,yes
way/1364898632,17,153,17.398931805427193,153.10839328834444,43.0326214,141.3615964,0.26072109889294154,1,13,surface,customers
way/1366524989,42,127,41.909908019889464,126.77543134632177,43.152797,141.2276983,0.1382383545444351,1,33,surface,customers
way/1366524991,42,127,41.828527858640854,126.59913041359826,43.152381,141.2268089,0.1382383545444351,1,37,surface,customers
way/1369693095,22,144,22.31074504002979,144.12382770180037,43.0564647,141.3160108,0.34482188172009237,1,27,surface,customers
way/1369693096,22,144,22.278613957928947,144.12012595180963,43.0563047,141.315993,0.34482188172009237,1,35,surface,yes
way/1374341607,46,160,45.76734189155211,159.75899319051314,43.1741028,141.39442,0.08992687994488029,0,75,surface,yes
way/1374341611,46,160,46.07373014586864,159.52291566525815,43.175611,141.3932171,0.08992687994488029,0,68,surface,yes
way/1375458933,18,153,18.069824099797163,152.58718192714602,43.0359236,141.3589408,0.3109167718172368,1,21,surface,yes
way/1376001211,16,153,15.941937643982667,152.5565637008368,43.0253414,141.3588471,0.47714948176717004,1,28,surface,yes
way/1376001228,16,152,15.848000007239111,152.4056755176578,43.0248646,141.3580866,0.6427682403676719,1,24,surface,yes
way/1377393627,16,152,15.582906653582725,152.4381147976298,43.0235486,141.3582583,0.6427682403676719,1,29,surface,yes
way/1377393640,16,152,15.562191817323761,152.30310325389956,43.0234369,141.357576,0.6427682403676719,1,33,surface,yes
way/1379126868,21,150,20.53669362372439,150.4041110707029,43.0480486,141.3478278,0.7547446907104582,1,27,surface,customers
way/1379257613,15,153,14.630897579338908,153.08595967474608,43.0188568,141.3615625,0.2837427888824958,1,34,surface,yes
way/1381163796,24,153,24.383761813068606,153.37825746032132,43.0673686,141.3627606,6.487324490110103,1,25,surface,yes
way/1381164490,32,187,31.75838850396674,186.8039471494435,43.106191,141.5316175,0.23917588173173696,1,34,surface,yes
way/1385103842,53,78,53.09973577808288,78.22387188760042,43.2053054,140.9818003,-0.006106071680470783,0,5,surface,customers
way/1385103844,53,78,53.10916966619708,78.27341095222397,43.2053555,140.9820506,-0.006106071680470783,0,102,surface,customers
way/1387430635,16,163,16.03771521622444,162.7726208773368,43.0264761,141.4105177,0.4757615650847222,1,27,surface,yes
way/1388419929,19,138,18.810771700179878,138.34436791654375,43.0386897,141.2868786,0.37346117137612284,1,38,surface,yes
way/1388419930,19,138,18.777664309159974,138.3089290372764,43.0385228,141.2867003,0.37346117137612284,1,38,surface,yes
way/1388419931,19,138,18.74865789794215,138.3062137978758,43.0383784,141.2866874,0.37346117137612284,1,20,surface,yes
way/1388423113,24,156,24.442052835673127,155.65839901905517,43.0678054,141.374292,0.8378685938295319,1,39,surface,yes
way/1389456300,17,163,16.680560623578316,163.32741530911795,43.0297082,141.4133054,1.3372238096973263,1,29,surface,yes
way/1389456301,17,163,16.642848761222012,163.22051960667764,43.0295138,141.4127658,1.3372238096973263,1,24,surface,yes
way/1389456302,17,163,16.662555366628766,163.38986670114463,43.0296227,141.4136218,1.3372238096973263,1,29,surface,yes
way/1389456303,17,164,16.713681001577594,163.5604401919304,43.0298879,141.4144831,0.29235864576114495,1,33,surface,yes
way/1389456304,17,163,16.715043578499916,163.39637292770087,43.0298841,141.4136532,1.3372238096973263,1,33,surface,yes
way/1389456305,17,163,16.69952954898082,163.25733799812662,43.029798,141.4129504,1.3372238096973263,1,33,surface,yes
way/1389456306,17,164,16.61028657972761,163.68138156402983,43.0293816,141.4150978,0.29235864576114495,1,24,surface,yes
way/1389456307,17,164,16.637607287024046,163.6574366494796,43.0295159,141.4149759,0.29235864576114495,1,25,surface,yes
way/1389456308,17,164,16.578454659744555,163.6918371602055,43.029224,141.4151516,0.29235864576114495,1,37,surface,yes
way/1389470360,17,163,16.544580706142796,163.10270255473526,43.0290176,141.4121727,1.3372238096973263,1,33,surface,yes
way/1389470361,16,163,16.458669117646483,163.20614758096946,43.0285971,141.4126984,0.4757615650847222,1,28,surface,yes
way/1389470362,16,163,16.44917062033327,163.3477686809312,43.028559,141.413415,0.4757615650847222,1,21,surface,yes
way/1389471488,17,166,16.682916571845983,166.1772409700788,43.0299036,141.4277199,0.4041393638285114,1,36,surface,yes
way/1389555777,21,169,20.58761354394556,169.4005458281846,43.0495262,141.4439113,0.5712558311343255,1,39,surface,customers
way/1389831387,15,164,15.064431215849257,164.10904865225163,43.0217229,141.4173054,0.2995213698520634,1,38,surface,yes
way/1390313865,16,139,16.344081443387733,138.6890840107014,43.0264471,141.2886931,0.007872045005873162,0,71,surface,yes
way/1390624234,23,164,22.845859167085713,163.96582876295443,43.0604043,141.4163573,0.47100296443052236,1,26,surface,yes
way/1390671873,21,165,21.2709471691288,165.40931463974528,43.0526666,141.4237038,1.2723561121105809,1,20,surface,yes
way/1390847869,36,131,35.95544187145605,131.01799941047682,43.1234638,141.2493286,1.4752595734323266,1,33,surface,yes
way/1390900740,22,150,22.237475958516168,149.76506886358882,43.056464,141.3445466,0.8781831816851858,1,37,surface,yes
way/1391386296,50,42,49.5460440475182,41.923901470395315,43.1852961,140.7982953,0.2645665591536172,1,26,surface,customers
way/1391709615,50,83,49.569115535794495,82.51625681281995,43.1880272,141.0036129,0.8026393864706511,1,35,surface,customers
way/1391709618,49,82,49.44345252203612,82.41259787808261,43.1873957,141.0030922,0.26033433470587647,1,29,rooftop,customers
way/1391801551,51,80,50.84212632707835,80.266101070765,43.1942118,140.9921949,0.11447160737463026,0,90,rooftop,customers
way/1392248801,2,148,1.5339557080374904,148.4828071546909,42.9534398,141.338656,0.048865891598440396,0,91,surface,yes
way/1392248802,2,148,1.695146501923878,148.42122883316472,42.9542373,141.3383399,0.048865891598440396,0,67,surface,yes
way/1392256577,2,150,1.813116937745542,149.57443774764664,42.9548982,141.3441695,0.14568550351340862,1,20,surface,yes
way/1392353059,49,43,49.089345695176846,42.77697124276043,43.1830803,140.8026233,0.10126562616383142,0,66,surface,customers
way/1392353060,49,43,49.08014496409816,43.04921743282142,43.1830521,140.8040006,0.10126562616383142,0,62,surface,customers
way/1392509946,50,41,50.2012642194876,41.24016698030366,43.1885099,140.7948181,0.4071636408262726,1,37,surface,yes
way/1411392071,33,193,33.29806587988596,193.0664879238025,43.1142502,141.5632495,0.3400323436700217,1,26,surface,yes
way/1412130331,52,81,52.16558788807609,80.95364721174903,43.2008366,140.9956345,0.48551466079985395,1,35,surface,customers
way/1412130332,52,82,51.58507803749777,82.04428685910764,43.1980205,141.0011677,1.4786785885070457,1,27,surface,customers
way/1412130333,52,82,51.657714167316534,82.0325012974719,43.1983809,141.001106,1.4786785885070457,1,35,surface,yes
way/1412130334,52,82,51.70664118445645,82.00498210184718,43.1986224,141.0009654,1.4786785885070457,1,28,surface,yes
way/1412130335,52,82,51.6998412347525,82.13857196304313,43.1985972,141.0016413,1.4786785885070457,1,26,surface,yes
way/1412130336,52,82,51.787993466798945,81.9615738069742,43.1990241,141.0007435,1.4786785885070457,1,25,surface,yes
way/1414243621,21,148,21.11159584830174,147.5243517471725,43.0507215,141.3332453,0.711320997299038,1,32,surface,customers
way/1419119257,20,148,19.77228186343617,148.1264016200145,43.044101,141.336329,0.15896392565018058,1,39,surface,customers
way/1419635181,16,159,16.39383308055694,158.78099305375767,43.0279895,141.3903176,0.24253118118969663,1,27,surface,yes
way/1419635182,24,149,24.468239610269652,149.34384466881272,43.0675286,141.3423519,1.8823951978048687,1,39,surface,yes
way/1419635183,25,150,24.568301603147848,149.60874433273145,43.0680432,141.3436889,1.4885317780089575,1,32,surface,yes
way/1419635184,25,151,25.455402510280393,151.23278852870976,43.0725587,141.3518779,3.1845607289339797,1,38,surface,yes
way/1419635185,25,153,24.97229044382161,153.49045834198415,43.0703021,141.3633112,9.392149637547679,1,30,surface,yes
way/1419635187,25,153,24.530274103466997,153.27143999741406,43.0680902,141.3622161,9.392149637547679,1,34,surface,yes
way/1419635188,24,153,24.12107032833345,152.95856007922487,43.0660354,141.3606453,6.487324490110103,1,33,surface,yes
way/1419635189,23,151,22.634264833772384,150.9379127984828,43.0585125,141.3504675,1.326877095786553,1,36,surface,yes
way/1419635190,22,153,21.894029027842173,152.78234227150227,43.0549508,141.359818,1.2103227210934202,1,40,surface,yes
way/1419635191,22,153,21.906122728819014,152.8656248491604,43.0550163,141.3602389,1.2103227210934202,1,37,surface,yes
way/1419635192,22,153,21.647397758634252,152.8598247208897,43.0537295,141.360217,1.2103227210934202,1,36,surface,yes
way/1419635193,22,153,21.661958020459924,152.78851635659726,43.0537973,141.3598559,1.2103227210934202,1,24,surface,yes
way/1419635194,22,152,21.69788819268545,152.07249627450926,43.0539298,141.3562332,1.3012842808790708,1,30,surface,yes
way/1419635195,26,153,26.20849065340162,153.30885406276036,43.076437,141.3623571,9.572676198285254,1,40,surface,yes
way/1419635196,26,153,26.172392002177098,153.07751251282932,43.0762426,141.361188,9.572676198285254,1,33,surface,yes
way/1419635197,26,153,26.116159729672816,153.08521973562316,43.0759635,141.3612286,9.572676198285254,1,33,surface,yes
way/1419635198,26,153,26.15364996939812,153.13784427887134,43.0761533,141.3614937,9.572676198285254,1,36,surface,yes
way/1419635199,26,153,26.126425244833936,153.2117892202326,43.0760227,141.3618685,9.572676198285254,1,26,surface,yes
way/1419635200,28,154,28.11454151381875,153.50246448420847,43.0859267,141.3632816,0.690619355364024,1,31,surface,yes
way/1419635201,28,153,28.10992344867661,153.4646371281625,43.0859013,141.3630904,1.2291570046647933,1,24,surface,yes
way/1419635202,28,153,28.014917902303143,153.43491599599162,43.085427,141.3629428,1.2291570046647933,1,22,surface,yes
way/1419635203,28,153,27.889298434546024,153.4520152493841,43.0848035,141.3630329,1.2291570046647933,1,34,surface,yes
way/1419635205,27,154,27.219450680765814,153.71578167874654,43.0814899,141.3643863,1.2983962815919272,1,26,surface,yes
way/1419635206,27,152,27.285974091811706,152.39911133073042,43.0817358,141.3577246,1.984692977295159,1,24,surface,yes
way/1419635207,27,152,27.277518289722156,152.32531947622232,43.081689,141.3573516,1.984692977295159,1,37,surface,yes
way/1419635208,27,152,27.37929372427446,152.27186523723086,43.0821916,141.3570783,1.984692977295159,1,30,surface,yes
way/1419635209,27,152,27.407826123533003,152.38096260238515,43.0823405,141.3576293,1.984692977295159,1,31,surface,yes
way/1419635210,27,152,27.36749538014461,152.4031728594104,43.0821414,141.3577428,1.984692977295159,1,29,surface,yes
way/1419635211,27,153,27.387744904275035,152.64699834433472,43.0822578,141.3589755,3.390391697517388,1,24,surface,yes
way/1419635212,27,153,27.26810070331025,153.10455798818643,43.0816924,141.3612933,3.390391697517388,1,25,surface,yes
way/1419635213,27,153,27.359553110347296,152.92431646271683,43.0821355,141.360379,3.390391697517388,1,39,surface,yes
way/1419635214,27,152,27.180074421800676,152.37664335297592,43.0812078,141.357614,1.984692977295159,1,29,surface,yes
way/1419635215,27,152,26.869658023507736,152.143070591349,43.0796493,141.3564415,1.984692977295159,1,25,surface,yes
way/1419635216,27,152,26.874913215892427,152.1813958297336,43.0796779,141.3566352,1.984692977295159,1,36,surface,yes
way/1419635217,23,151,23.390499466459207,150.64419082622948,43.0622537,141.3489601,1.326877095786553,1,37,surface,yes
way/1419635218,23,150,23.414973853429068,150.40850793009423,43.0623602,141.3477673,0.5699761119995308,1,29,surface,yes
way/1419635219,22,153,22.019641077113203,152.76271235767564,43.0555741,141.3597151,1.2103227210934202,1,27,surface,yes
way/1419635220,22,153,22.095058640961703,152.80011172582473,43.0559515,141.3599021,1.2103227210934202,1,35,surface,yes
way/1419635221,22,152,21.915816093267978,151.937892015154,43.0550047,141.3555461,1.3012842808790708,1,39,surface,yes
way/1419635222,25,154,25.285085862636933,153.73133992215836,43.0718729,141.3645206,3.9750639207522,1,36,surface,yes
way/1419635223,25,154,25.23744336056094,153.69700466353947,43.0716338,141.3643483,3.9750639207522,1,40,surface,yes
way/1419635224,25,154,25.17731792072249,153.75059675757424,43.0713383,141.3646211,3.9750639207522,1,35,surface,yes
way/1419635225,25,154,25.029603784746428,153.72826677642473,43.0706024,141.3645124,3.9750639207522,1,33,surface,yes
way/1419635226,25,154,25.015312067006604,153.57561694988803,43.0705215,141.3637407,3.9750639207522,1,26,surface,yes
way/1419635227,25,154,25.01287533455463,153.61464975044402,43.0705119,141.3639382,3.9750639207522,1,36,surface,yes
way/1419635228,25,153,24.783548915784348,153.27102099858186,43.0693495,141.3622067,9.392149637547679,1,21,surface,yes
way/1419635229,25,153,24.77487753912242,153.4651966693266,43.0693189,141.3631891,9.392149637547679,1,37,surface,yes
way/1419635230,23,151,23.212751095142128,150.5029487988119,43.0613608,141.3482508,1.326877095786553,1,20,surface,yes
way/1419635231,27,153,26.58285205249294,153.16315795813327,43.078289,141.3616094,3.390391697517388,1,30,surface,yes
way/1419635232,26,153,26.4667280247581,152.88527667283685,43.0776937,141.3602072,9.572676198285254,1,25,surface,yes
way/1419635233,21,147,21.469104825649712,146.96120555577428,43.0524628,141.3303866,0.495552766460138,1,35,surface,yes
way/1419635234,22,146,22.116708974579733,146.14200016348866,43.05563,141.3262244,0.07810560755509002,0,80,surface,yes
way/1419635235,22,146,22.103339416715524,146.10283799093222,43.055561,141.3260267,0.07810560755509002,0,67,surface,yes
way/1419635236,22,146,22.101035116726262,146.05563281834446,43.0555465,141.325788,0.07810560755509002,0,95,surface,yes
way/1419635237,22,146,22.046928087051807,146.01730672915704,43.055275,141.3255957,0.07810560755509002,0,91,surface,yes
way/1419635238,22,146,22.021680407415218,146.16370185457959,43.0551589,141.3263369,0.07810560755509002,0,88,surface,yes
way/1419635239,22,146,22.216753578789888,146.13052853469648,43.0561267,141.3261635,0.07810560755509002,0,100,surface,yes
way/1419635240,23,149,23.45413969325381,149.31876555114061,43.0624847,141.3422542,0.4917276826119895,1,38,surface,yes
way/1419635241,23,149,23.40109033114147,149.30745191480128,43.0622202,141.3421985,0.4917276826119895,1,40,surface,yes
way/1419635242,23,149,23.395914420639816,149.27076807478454,43.0621921,141.3420131,0.4917276826119895,1,29,surface,yes
way/1419635243,23,149,23.218530558209483,149.10916455005878,43.0612997,141.3412008,0.4917276826119895,1,31,surface,yes
way/1419635244,23,151,23.106700117295883,150.69694667563192,43.060846,141.3492351,1.326877095786553,1,101,surface,yes
way/1419635245,23,153,23.288648837614886,152.99961759451506,43.0618991,141.3608769,2.2673271993525113,1,20,surface,yes
way/1419635246,23,153,23.30718728028582,153.1008290612409,43.0619978,141.3613883,2.2673271993525113,1,26,surface,yes
way/1419635247,23,153,23.346088635258276,153.1407887623955,43.0621938,141.3615893,2.2673271993525113,1,24,surface,yes
way/1419635248,23,153,23.34564261095788,153.02315201880995,43.062184,141.3609943,2.2673271993525113,1,21,surface,yes
way/1419635249,23,153,23.3523994693497,152.93167298239104,43.0622117,141.3605314,2.2673271993525113,1,36,surface,yes
way/1419635250,23,154,22.897754041750666,153.57672969193428,43.0599927,141.3638072,1.029301848398822,1,22,surface,yes
way/1419635251,23,154,22.842397334506266,153.57119568576846,43.0597171,141.3637808,1.029301848398822,1,32,surface,yes
way/1419635252,23,154,22.68237339019699,153.61878315647678,43.0589245,141.3640261,1.029301848398822,1,33,surface,yes
way/1419635253,24,149,24.319183203331946,149.14114119598563,43.0667744,141.3413309,1.8823951978048687,1,32,surface,yes
way/1419635254,24,149,24.323660110727758,149.0595344296514,43.0667914,141.340918,1.8823951978048687,1,30,surface,yes
way/1419635255,24,149,24.342464892300512,148.8237006890094,43.0668697,141.3397246,1.8823951978048687,1,25,surface,yes
way/1419635256,24,149,24.32592557994016,148.66291243172438,43.0667771,141.3389118,1.8823951978048687,1,37,surface,yes
way/1419635257,24,149,24.172631665645643,148.60247284249343,43.066011,141.3386105,1.8823951978048687,1,20,surface,yes
way/1419635258,24,148,23.88257455891981,148.43514796060822,43.064558,141.3377725,0.9835700058142836,1,39,surface,yes
way/1419635259,23,149,22.95685882716364,148.9552274239029,43.0599887,141.3404297,0.4917276826119895,1,32,surface,yes
way/1419635260,23,149,22.957235939492,148.80357040493163,43.0599808,141.3396626,0.4917276826119895,1,39,surface,yes
way/1419635261,23,149,22.940716692450554,149.25096100598068,43.0599275,141.341926,0.4917276826119895,1,27,surface,yes
way/1419635262,22,149,22.15150715037384,149.11270883100934,43.0559945,141.3412494,0.5308177029847133,1,21,surface,yes
way/1419635263,22,148,21.64788321066641,148.44103187993963,43.0534471,141.3378665,0.5440504369215231,1,36,surface,yes
way/1419635264,22,148,21.67601196308807,148.4075028869186,43.0535848,141.3376961,0.5440504369215231,1,25,surface,yes
way/1419635265,22,148,21.600223831304753,148.3397339934854,43.0532036,141.3373555,0.5440504369215231,1,34,surface,yes
way/1419635266,22,148,21.557586711167144,148.3211051527137,43.0529904,141.3372625,0.5440504369215231,1,36,surface,yes
way/1419635267,22,148,21.567187947334318,148.20724235580155,43.0530308,141.3366863,0.5440504369215231,1,29,surface,yes
way/1419635268,22,148,21.624574407545,148.24082240309858,43.0533183,141.3368545,0.5440504369215231,1,40,surface,yes
way/1419635269,22,148,21.665113605518957,148.20718600764437,43.0535177,141.3366832,0.5440504369215231,1,36,surface,yes
way/1419635270,22,148,21.672673963306046,148.3298848793948,43.0535632,141.3373036,0.5440504369215231,1,26,surface,yes
way/1419635271,22,148,21.760596865575806,148.46225350368294,43.0540089,141.3379706,0.5440504369215231,1,21,surface,yes
way/1419635272,22,149,21.703051743835513,148.59761109475,43.0537315,141.3386569,0.5308177029847133,1,20,surface,yes
way/1419635273,18,149,17.518294073247777,148.8264944906577,43.0329389,141.3399349,-0.006499587342141172,0,92,surface,yes
way/1419635274,18,149,17.515144054907733,148.7623016905871,43.0329191,141.3396103,-0.006499587342141172,0,70,surface,yes
way/1419635275,18,149,17.501551514975787,148.71706872100793,43.0328486,141.3393819,-0.006499587342141172,0,65,surface,yes
way/1419635276,18,149,17.53027358774062,148.71379189649844,43.0329912,141.3393645,-0.006499587342141172,0,67,surface,yes
way/1419635277,17,148,17.155374697265604,148.41534166931606,43.0311079,141.3378657,0.045493677857042704,0,83,surface,yes
way/1419635278,17,148,17.23961556863845,148.31510973218445,43.0315203,141.3373563,0.045493677857042704,0,72,surface,yes
way/1419635279,18,149,17.508531355436844,148.63166048160608,43.0328778,141.3389497,-0.006499587342141172,0,96,surface,yes
way/1419635280,17,149,17.472361758292077,148.63540901181,43.0326982,141.3389697,0.04268290508561609,0,62,surface,yes
way/1419635281,17,149,17.421095962905817,148.56097844832283,43.0324385,141.3385947,0.04268290508561609,0,69,surface,yes
way/1419635282,17,149,17.43156690197089,148.5165544329776,43.0324877,141.3383697,0.04268290508561609,0,75,surface,yes
way/1419635283,17,148,17.410965108531663,148.39609458676094,43.0323775,141.337761,0.045493677857042704,0,78,surface,yes
way/1419635284,17,148,17.38252396115801,148.39476649176518,43.032236,141.3377551,0.045493677857042704,0,83,surface,yes
way/1419635285,17,149,17.336452308952772,148.7652006909392,43.0320308,141.3396301,0.04268290508561609,0,66,surface,yes
way/1419635286,17,149,17.32478463001575,148.8042008001768,43.0319753,141.3398277,0.04268290508561609,0,108,surface,yes
way/1419635287,17,149,17.247745434615076,148.8236322747275,43.0315935,141.3399282,0.04268290508561609,0,84,surface,yes
way/1419635288,17,149,17.209961309708,148.81074467630296,43.0314048,141.3398641,0.04268290508561609,0,63,surface,yes
way/1419635289,17,149,17.366852719217974,148.9830857172315,43.032196,141.3407313,0.04268290508561609,0,120,surface,yes
way/1419635290,18,149,17.575421625192366,149.40599464723948,43.0332603,141.3428644,-0.006499587342141172,0,108,surface,yes
way/1419635291,17,149,17.48569909804463,149.43727562376466,43.0328162,141.3430252,0.04268290508561609,0,103,surface,yes
way/1419635292,18,150,17.87765459621217,150.0319248961365,43.0348034,141.3460217,0.10084814136245289,0,64,surface,yes
way/1419635293,19,150,19.10502251266834,150.17171825264,43.0409151,141.3466935,1.0324820439770925,1,34,surface,yes
way/1419635294,19,150,19.10063243001452,150.07906871987788,43.0408873,141.346225,1.0324820439770925,1,33,surface,yes
way/1419635295,19,150,19.08490491887845,150.0185608252756,43.0408052,141.3459194,1.0324820439770925,1,27,surface,yes
way/1419635296,19,150,19.079301520457367,149.93262635171533,43.0407718,141.3454849,1.0324820439770925,1,28,surface,yes
way/1419635297,19,150,19.026424737055923,149.9421319855644,43.0405095,141.3455345,1.0324820439770925,1,27,surface,yes
way/1419635298,19,150,18.8884423271624,150.17287959848719,43.0398383,141.3467056,1.0324820439770925,1,31,surface,yes
way/1419635299,19,150,18.888046901168956,150.1444276660804,43.0398345,141.3465617,1.0324820439770925,1,33,surface,yes
way/1419635300,19,150,18.83632500081315,150.092770074881,43.039574,141.3463019,1.0324820439770925,1,24,surface,yes
way/1419635301,19,150,18.67521923489733,150.16020093440193,43.0387773,141.3466476,1.0324820439770925,1,29,surface,yes
way/1419635302,19,150,18.670926090052586,150.07403666187395,43.0387504,141.3462119,1.0324820439770925,1,34,surface,yes
way/1419635303,25,146,25.369524327482825,145.5451313053246,43.0717651,141.3231119,0.9122585475384087,1,36,surface,yes
way/1419635304,25,145,25.367048770039748,145.46769613336807,43.0717478,141.3227203,0.920131556458408,1,36,surface,yes
way/1419635305,25,145,25.302230777076357,145.34957492509062,43.0714179,141.3221247,0.920131556458408,1,37,surface,yes
way/1419635306,25,145,25.084808648987387,145.31949416667857,43.0703349,141.3219788,0.920131556458408,1,35,surface,yes
way/1419635307,25,145,25.081062312019,145.38663311178016,43.0703206,141.3223185,0.920131556458408,1,25,surface,yes
way/1419635308,25,145,25.09726589394002,145.48798947255347,43.0704077,141.3228307,0.920131556458408,1,22,surface,yes
way/1419635309,22,149,21.849468715028017,148.94341789253465,43.0544818,141.3404018,0.5308177029847133,1,31,surface,yes
way/1419635310,22,149,21.671848651581293,148.99086581919863,43.0536017,141.3406469,0.5308177029847133,1,33,surface,yes
way/1419635311,22,149,21.70774264365512,149.09526011286357,43.0537869,141.3411739,0.5308177029847133,1,40,surface,yes
way/1419635312,22,149,21.604431676875258,149.08099181582494,43.0532723,141.3411047,0.5308177029847133,1,35,surface,yes
way/1419635313,22,149,21.57057994865336,149.13400172307942,43.0531074,141.3413738,0.5308177029847133,1,36,surface,yes
way/1419635314,22,149,21.539397636716146,149.22156578660346,43.052958,141.3418176,0.5308177029847133,1,35,surface,yes
way/1419635315,21,149,21.47761191677379,149.23412475021217,43.0526516,141.3418829,0.5047082353885773,1,38,surface,yes
way/1419635316,21,149,21.43670391640035,149.2139834114061,43.0524469,141.3417822,0.5047082353885773,1,36,surface,yes
way/1419635317,21,150,21.049713536499087,149.51162277277425,43.0505419,141.3432988,0.7547446907104582,1,36,surface,yes
way/1419635318,21,149,21.059475766068147,149.43188469658045,43.0505853,141.3428952,0.5047082353885773,1,30,surface,yes
way/1419635319,21,149,21.09371607102635,149.4512961752833,43.0507568,141.3429924,0.5047082353885773,1,24,surface,yes
way/1419635320,21,149,20.97341181573732,149.48967887574165,43.0501611,141.34319,0.5047082353885773,1,34,surface,yes
way/1419635321,19,148,18.58868195925059,148.0126376816864,43.0382086,141.3357876,0.08492250056113772,0,107,surface,yes
way/1419635322,19,148,18.570371457997677,148.0753641253131,43.0381216,141.3361054,0.08492250056113772,0,74,surface,yes
way/1419635323,19,148,18.70309471057576,148.04397166444554,43.0387795,141.3359428,0.08492250056113772,0,112,surface,yes
way/1419635324,19,149,18.76441125122641,148.89298670356592,43.0391391,141.3402354,0.2622830884966984,1,33,surface,yes
way/1419635325,19,149,18.75327532626083,148.83201064270818,43.0390798,141.3399273,0.2622830884966984,1,24,surface,yes
way/1419635326,19,149,18.78074685546851,149.27273159498088,43.0392448,141.3421557,0.2622830884966984,1,40,surface,yes
way/1419635327,19,150,18.61871004473747,149.7455503479669,43.0384696,141.3445519,1.0324820439770925,1,30,surface,yes
way/1419635328,19,150,18.507789703442047,149.80784931903784,43.0379221,141.3448702,1.0324820439770925,1,22,surface,yes
way/1419635329,19,150,18.55891164650381,150.27193496742672,43.0382062,141.3472161,1.0324820439770925,1,25,surface,yes
way/1419635330,19,150,18.536501086972827,150.14671993227688,43.0380867,141.3465834,1.0324820439770925,1,36,surface,yes
way/1419635331,19,150,18.500125968736047,150.04530824299673,43.0378993,141.3460715,1.0324820439770925,1,28,surface,yes
way/1419635332,19,150,18.500876875785966,149.97807319229747,43.0378987,141.3457314,1.0324820439770925,1,20,surface,yes
way/1419635333,18,150,18.25866277792344,149.77531477199122,43.0366813,141.3447128,0.10084814136245289,0,94,surface,yes
way/1419635334,18,150,18.30977541953036,149.86931721575692,43.0369415,141.3451868,0.10084814136245289,0,86,surface,yes
way/1419635335,18,150,18.341469542185635,150.00136627785864,43.0371076,141.3458538,0.10084814136245289,0,107,surface,yes
way/1419635336,18,150,18.29369859340679,150.1693215873323,43.0368809,141.3467047,0.10084814136245289,0,95,surface,yes
way/1419635337,18,150,18.29586845879808,150.2020737931077,43.0368938,141.3468703,0.10084814136245289,0,87,surface,yes
way/1419635338,18,150,18.335958336268007,150.19223847216142,43.0370925,141.3468194,0.10084814136245289,0,78,surface,yes
way/1419635339,18,150,18.355320722553106,150.22058072353073,43.0371906,141.3469622,0.10084814136245289,0,66,surface,yes
way/1419635340,18,150,18.145870796214584,150.3962370895095,43.0361605,141.3478567,0.10084814136245289,0,109,surface,yes
way/1419635341,18,150,18.108884192641856,150.31872440539567,43.0359716,141.3474657,0.10084814136245289,0,94,surface,yes
way/1419635342,18,150,18.21405261134877,150.24555853524078,43.0364898,141.3470926,0.10084814136245289,0,106,surface,yes
way/1419635343,18,149,17.95717136738125,149.32024501180763,43.0351529,141.3424197,-0.006499587342141172,0,93,surface,yes
way/1419635344,18,150,18.10691637337861,149.5582624311851,43.0359128,141.3436193,0.10084814136245289,0,66,surface,yes
way/1419635345,18,150,18.152295320444228,149.51277149762694,43.0361355,141.3433879,0.10084814136245289,0,66,surface,yes
way/1419635346,18,150,18.29958710081585,149.6033664603891,43.0368737,141.3438419,0.10084814136245289,0,75,surface,yes
way/1419635347,18,150,18.264066216222858,149.59430742238493,43.0366965,141.3437971,0.10084814136245289,0,86,surface,yes
way/1419635348,18,149,18.359532132153774,149.41319903620408,43.0371595,141.3428783,-0.006499587342141172,0,78,surface,yes
way/1419635349,18,149,18.305365499479677,149.1451992296759,43.0368729,141.3415243,-0.006499587342141172,0,118,surface,yes
way/1419635350,18,149,18.339068891542276,149.1532791861051,43.037041,141.3415642,-0.006499587342141172,0,115,surface,yes
way/1419635351,18,149,18.350415334548707,149.19956699514233,43.0371004,141.341798,-0.006499587342141172,0,80,surface,yes
way/1419635352,18,149,18.484952843036094,149.17716063182675,43.0377679,141.3416808,-0.006499587342141172,0,96,surface,yes
way/1419635353,18,149,18.461378128511715,149.24414734640237,43.037655,141.3420203,-0.006499587342141172,0,120,surface,yes
way/1419635354,18,149,18.491331715589475,149.29170736134046,43.037807,141.34226,-0.006499587342141172,0,73,surface,yes
way/1419635355,18,149,18.479478495836954,149.07661652527156,43.0377342,141.3411724,-0.006499587342141172,0,115,surface,yes
way/1419635356,19,149,18.587811380536746,149.10376415902888,43.0382746,141.3413066,0.2622830884966984,1,30,surface,yes
way/1419635357,19,149,18.582316882984323,149.0125318223788,43.0382414,141.3408453,0.2622830884966984,1,21,surface,yes
way/1419635358,19,149,18.611427612317726,149.06305261543113,43.0383894,141.3411,0.2622830884966984,1,33,surface,yes
way/1419635359,19,149,18.607520555572023,149.39082455863974,43.0383911,141.342758,0.2622830884966984,1,36,surface,yes
way/1419635360,19,149,18.789344407672488,149.44729426547838,43.0392988,141.3430384,0.2622830884966984,1,39,surface,yes
way/1419635361,19,149,19.208744007930445,149.2311945171339,43.0413702,141.3419333,0.2622830884966984,1,26,surface,yes
way/1419635362,19,149,19.26079925247706,149.3610856942192,43.0416374,141.3425888,0.2622830884966984,1,31,surface,yes
way/1419635363,19,149,19.234193055720173,149.44161771242796,43.0415103,141.3429969,0.2622830884966984,1,31,surface,yes
way/1419635364,19,149,19.39792786548464,149.35445110963173,43.0423188,141.3425513,0.2622830884966984,1,39,surface,yes
way/1419635365,19,149,19.39597738456854,149.39010592582778,43.0423114,141.3427317,0.2622830884966984,1,27,surface,yes
way/1419635366,19,149,19.347418534072837,149.44042254873565,43.0420732,141.3429876,0.2622830884966984,1,31,surface,yes
way/1419635367,19,150,19.343912585772873,149.6364069168721,43.0420684,141.343979,1.0324820439770925,1,24,surface,yes
way/1419635368,19,150,19.386117142947214,149.773735112586,43.0422871,141.3446724,1.0324820439770925,1,36,surface,yes
way/1419635369,19,150,19.28219262274799,149.937120639416,43.0417809,141.3455018,1.0324820439770925,1,29,surface,yes
way/1419635370,19,150,19.37744095040101,149.95587054871683,43.0422557,141.3455939,1.0324820439770925,1,20,surface,yes
way/1419635371,19,150,19.35417273954059,149.87819858418652,43.042135,141.3452017,1.0324820439770925,1,37,surface,yes
way/1419635372,20,150,19.51227462098646,150.07972769647697,43.0429341,141.3462165,0.6923413800213315,1,25,surface,yes
way/1419635373,20,150,19.559569727483282,150.0865602775096,43.0431697,141.3462497,0.6923413800213315,1,30,surface,yes
way/1419635374,20,150,19.574717818100098,150.0117954243298,43.0432402,141.3458711,0.6923413800213315,1,25,surface,yes
way/1419635375,20,150,19.56921865622799,149.96281252402545,43.0432097,141.3456235,0.6923413800213315,1,20,surface,yes
way/1419635376,20,150,19.56943352909996,149.9183104504426,43.0432079,141.3453984,0.6923413800213315,1,24,surface,yes
way/1419635377,20,150,19.627145856589063,149.95157602244265,43.043497,141.345565,0.6923413800213315,1,28,surface,yes
way/1419635378,20,150,19.625034117902576,150.04466309466304,43.0434925,141.3460359,0.6923413800213315,1,25,surface,yes
way/1419635379,20,150,20.44154843118119,149.8126709704203,43.0475374,141.344839,0.6923413800213315,1,35,surface,yes
way/1419635380,20,150,20.49335386296615,149.65153962652604,43.0477846,141.3440225,0.6923413800213315,1,29,surface,yes
way/1419635381,20,150,20.464635059794336,149.51958655572932,43.0476333,141.3433559,0.6923413800213315,1,29,surface,yes
way/1419635382,21,150,20.760217878515363,149.60817734791334,43.0491087,141.3437955,0.7547446907104582,1,25,surface,yes
way/1419635383,21,150,20.762670385084895,149.6842877683644,43.0491258,141.3441804,0.7547446907104582,1,29,surface,yes
way/1419635384,20,151,20.19778340473377,150.80316933266184,43.0463892,141.349856,0.7129680123286545,1,28,surface,yes
way/1419635385,20,151,20.23210672395709,150.76032411958266,43.0465571,141.3496383,0.7129680123286545,1,29,surface,yes
way/1419635386,20,151,20.355021207306375,150.6990027551521,43.0471643,141.3493246,0.7129680123286545,1,24,surface,yes
way/1419635387,21,151,20.56757186857403,150.60995860540436,43.0482154,141.3488681,0.9117309853715069,1,34,surface,yes
way/1419635388,21,151,20.57263856177475,150.54646492797968,43.0482365,141.3485468,0.9117309853715069,1,36,surface,yes
way/1419635389,21,151,20.816605618745367,150.62485737682846,43.0494546,141.3489363,0.9117309853715069,1,34,surface,yes
way/1419635390,21,151,20.812954646685327,150.55741937505388,43.0494321,141.3485953,0.9117309853715069,1,29,surface,yes
way/1419635391,21,151,20.796638349945454,150.51440498713012,43.0493482,141.3483782,0.9117309853715069,1,38,surface,yes
way/1419635392,21,150,20.946896716418408,150.49096105342406,43.0500938,141.3482553,0.7547446907104582,1,30,surface,yes
way/1419635393,25,143,24.7992586650418,142.59364097506375,43.0687394,141.3081995,0.36192111018446266,1,20,surface,yes
way/1419635394,25,143,24.823444933165575,142.5167131971112,43.0688547,141.3078097,0.36192111018446266,1,24,surface,yes
way/1419635395,25,143,24.82935919761022,143.47231222278626,43.0689457,141.312643,0.36192111018446266,1,34,surface,yes
way/1419635396,25,143,24.9496685510806,143.20081611348348,43.0695264,141.3112663,0.36192111018446266,1,25,surface,yes
way/1419635397,25,144,24.946117295295245,143.59733195169417,43.0695343,141.313272,0.47756800210329264,1,25,surface,yes
way/1419635398,25,144,25.07787844884785,143.65567211934143,43.0701932,141.3135633,0.47756800210329264,1,28,surface,yes
way/1419635399,25,144,25.20970723129479,143.95392714575922,43.0708679,141.3150681,0.47756800210329264,1,24,surface,yes
way/1419635400,26,144,25.56961237603092,144.14922877654743,43.07267,141.3160456,0.9959521695087344,1,39,surface,yes
way/1419635401,26,144,25.55165135174383,144.08259911765882,43.0725764,141.3157091,0.9959521695087344,1,30,surface,yes
way/1419635402,26,144,25.57114106015922,144.05147256324594,43.0726713,141.3155511,0.9959521695087344,1,38,surface,yes
way/1419635403,25,144,25.450781960488936,144.2740562835473,43.0720872,141.3166804,0.47756800210329264,1,40,surface,yes
way/1419635404,25,144,25.389513923460814,144.36148890330153,43.0717882,141.3171244,0.47756800210329264,1,30,surface,yes
way/1419635405,25,144,25.309711331178693,144.3970571347109,43.0713937,141.3173066,0.47756800210329264,1,38,surface,yes
way/1419635406,25,145,25.394199509319925,144.6345850605208,43.0718291,141.3185056,0.920131556458408,1,29,surface,yes
way/1419635407,25,145,25.295032368955756,144.57836763739581,43.0713324,141.3182241,0.920131556458408,1,32,surface,yes
way/1419635408,25,145,25.26086497271725,144.6727948543628,43.0711686,141.3187027,0.920131556458408,1,28,surface,yes
way/1419635409,25,145,25.454534264530373,144.7572279941458,43.072137,141.3191242,0.920131556458408,1,22,surface,yes
way/1419635410,25,145,25.34651994894856,144.93822552373183,43.0716116,141.3200428,0.920131556458408,1,29,surface,yes
way/1419635411,30,152,29.94415612572821,152.30680555922183,43.0949468,141.3571813,0.8060308476531297,1,37,surface,yes
way/1419635412,30,152,29.988619633174352,152.43277858134203,43.095176,141.3578172,0.8060308476531297,1,34,surface,yes
way/1419635413,30,152,29.971925268447052,152.3460100272987,43.0950874,141.3573788,0.8060308476531297,1,40,surface,yes
way/1419635414,30,153,29.869171277566405,152.68284841042,43.0945982,141.3590855,0.5530855726477034,1,37,surface,yes
way/1419635415,29,151,29.35045772391941,151.0543538310222,43.0919141,141.3508634,0.8519338610088615,1,31,surface,yes
way/1419635416,29,151,29.278358148333492,150.71290371813356,43.0915336,141.3491384,0.8519338610088615,1,37,surface,yes
way/1419635417,29,151,29.254755499945652,150.543119301924,43.0914053,141.3482803,0.8519338610088615,1,32,surface,yes
way/1419635418,27,153,26.977609169163355,152.7737092019953,43.0802267,141.3596282,3.390391697517388,1,28,surface,yes
way/1419635419,27,153,26.877978151312803,152.90997429482152,43.0797401,141.3603203,3.390391697517388,1,32,surface,yes
way/1419635420,27,153,26.837745545511474,152.92771698669696,43.0795412,141.3604112,3.390391697517388,1,31,surface,yes
way/1419635421,27,153,26.82365482742753,152.82937774305498,43.0794648,141.3599142,3.390391697517388,1,25,surface,yes
way/1419635422,27,153,26.721151003333762,152.59769833686892,43.0789402,141.3587453,3.390391697517388,1,26,surface,yes
way/1419635423,27,153,26.78631097147581,152.54360105302115,43.0792607,141.3584698,3.390391697517388,1,36,surface,yes
way/1419635424,27,152,26.70457267161301,152.45543477439475,43.0788486,141.3580262,1.984692977295159,1,35,surface,yes
way/1419635425,27,153,26.544948585066845,152.6630070414484,43.0780683,141.3590807,3.390391697517388,1,32,surface,yes
way/1419635426,27,153,26.65503855000351,152.91920538516356,43.0786322,141.3603734,3.390391697517388,1,21,surface,yes
way/1419635427,27,153,26.658463378577228,153.1204485428245,43.0786622,141.3613912,3.390391697517388,1,25,surface,yes
way/1419635428,26,153,26.331939740913313,152.9906384411512,43.0770303,141.360744,9.572676198285254,1,28,surface,yes
way/1419635429,26,153,26.146955581547456,152.90955632717007,43.0761053,141.3603392,9.572676198285254,1,30,surface,yes
way/1419635430,26,153,26.03174593133847,152.97693169848228,43.0755368,141.3606833,9.572676198285254,1,35,surface,yes
way/1419635431,26,153,25.93958702114289,153.02549797677102,43.0750817,141.3609316,9.572676198285254,1,20,surface,yes
way/1419635432,26,152,25.84286134291607,152.39462660643508,43.0745601,141.3577434,7.150249807354117,1,29,surface,yes
way/1419635435,25,152,25.302756477263674,152.16030204068284,43.0718595,141.3565737,5.7809547072218885,1,39,surface,yes
way/1419635436,25,152,25.315857224356737,152.24657568036895,43.0719302,141.3570097,5.7809547072218885,1,31,surface,yes
way/1419635437,24,152,23.804307774257325,152.29917472662854,43.0644179,141.3573192,2.849137849029936,1,25,surface,yes
way/1419635438,24,152,23.80001181045742,152.2132279130914,43.064391,141.3568846,2.849137849029936,1,38,rooftop,yes
way/1419635439,22,151,22.46548298770945,150.71625597721305,43.057659,141.3493512,1.5479449420273734,1,35,surface,yes
way/1419636309,22,156,21.69415784968705,155.75952658434798,43.0541489,141.3748825,1.1557326822814729,1,38,surface,yes
way/1419636878,17,151,17.21029639457576,150.9631560433709,43.0315452,141.3507511,0.2712555844983122,1,40,surface,yes
way/1419636879,23,150,22.76299395899837,150.21083462923045,43.0591057,141.3467862,0.5699761119995308,1,40,surface,yes
way/1419636880,21,148,21.228467794061537,148.28289659103265,43.0513515,141.3370787,0.711320997299038,1,28,surface,yes
way/1419636881,21,149,21.394446073861214,149.1660964523939,43.0522337,141.3415412,0.5047082353885773,1,24,surface,yes
way/1419636882,21,149,21.392011076862147,149.12897346920084,43.0522192,141.3413535,0.5047082353885773,1,34,surface,yes
way/1419636883,21,149,21.007862178258712,149.0041738917092,43.0503011,141.3407333,0.5047082353885773,1,32,surface,yes
way/1426006622,54,187,54.00638563711708,186.87123486703192,43.2168163,141.5313183,0.12275464583115851,0,116,surface,customers
way/1429486295,19,152,18.74433970598425,151.5040950495673,43.0392076,141.3534431,0.8663268168900181,1,2,surface,customers
way/1430471576,17,154,16.681834721211736,153.56348666976413,43.0290852,141.3639189,0.3086069103347195,1,27,surface,yes
way/1430471579,17,154,16.652489706224454,153.72342104131053,43.0289496,141.3647287,0.3086069103347195,1,26,surface,yes
way/1430496133,23,144,23.465928202521194,143.65258053359003,43.0621781,141.313594,0.35757920814417365,1,8,surface,yes
way/1432116020,33,192,32.808217668800154,191.68896538860324,43.1117258,141.556296,0.5262647170008168,1,31,surface,yes
way/1432116021,33,192,32.64023147730094,191.53935662815456,43.1108809,141.5555441,0.5262647170008168,1,39,surface,yes
way/1432116022,33,191,32.77429628004301,190.9002477678309,43.1115063,141.5523076,0.6231970530701286,1,22,surface,yes
way/1432116023,33,191,32.852764228685395,191.02659197977408,43.1119046,141.5529444,0.6231970530701286,1,30,surface,yes
way/1432116024,33,191,32.89657072290421,191.0698219127181,43.1121252,141.5531618,0.6231970530701286,1,28,surface,yes
way/1432116025,33,191,32.93245210922105,191.03710802760398,43.1123015,141.5529953,0.6231970530701286,1,33,surface,yes
way/1432116026,33,191,33.117659816413415,191.11180555501556,43.1132272,141.5533678,0.6231970530701286,1,23,surface,yes
way/1432124153,34,188,34.25960238894501,188.48455453349837,43.1187358,141.5400462,0.21667660101223798,1,28,surface,yes
way/1433539661,33,185,32.83733199104448,184.95464160008913,43.1114365,141.5222326,0.13127185183414883,1,31,surface,yes
way/1433727123,37,129,36.69378640493449,128.69422450142665,43.1269852,141.2375536,0.2604053756234642,1,25,surface,customers
way/1433727125,37,129,36.60695302736973,128.56779320574952,43.1265453,141.2369166,0.2604053756234642,1,20,surface,customers
way/1434979975,20,154,20.084188709809446,153.56653224141488,43.0460025,141.3638365,0.37426221250883174,1,17,surface,yes
way/1434979983,20,153,19.734105903234283,153.40321571865255,43.0442513,141.3630205,0.4343269490390846,1,23,surface,yes
way/1434979993,20,153,19.89701601909087,153.47430692316345,43.0450659,141.3633754,0.4343269490390846,1,24,surface,yes
way/1436874350,30,156,29.77091605445927,156.08587272445047,43.094329,141.376301,0.4047848491047674,1,11,surface,yes
way/1442061369,25,148,24.72856721282712,147.77849582678968,43.0687221,141.3344268,1.1516825350791944,1,27,multi-storey,yes
way/1442331300,40,134,39.9040621679238,133.56494960588938,43.1432612,141.2620977,0.14559651979074936,1,22,surface,yes
way/1442740016,20,155,20.172299891450574,155.1070723811367,43.0465399,141.3716261,0.8614153391076836,1,8,surface,yes
way/1443212568,12,150,11.855567656741334,150.45512889629117,43.0048878,141.3483354,0.7581073910221197,1,34,surface,yes
way/1443212572,12,151,12.143822963491694,151.4130640434134,43.0063828,141.3531724,0.2661818916183191,1,21,surface,yes
way/1443214614,17,150,16.76022358983032,149.78623312565594,43.0292315,141.3448111,0.0009643580196202465,0,62,surface,yes
way/1443214617,17,150,16.961729337370116,150.00930169324963,43.0302478,141.3459336,0.0009643580196202465,0,94,surface,yes
way/1445319076,15,153,14.700909784312364,152.5272293267517,43.0191689,141.3587344,0.2837427888824958,1,31,surface,yes
way/1445319077,15,153,14.746794464537231,152.56529121126928,43.0193995,141.3589256,0.2837427888824958,1,20,surface,yes
way/1445319078,15,153,14.81511967904673,152.57886641416712,43.0197401,141.3589923,0.2837427888824958,1,23,surface,yes
way/1445976104,52,81,51.973685207026136,80.54831008249629,43.1998563,140.9935898,0.48551466079985395,1,24,surface,customers
way/1448141451,11,148,10.915812725556584,148.27108386632574,43.0000744,141.3373154,0.12204468160731662,0,69,surface,yes
way/1449559418,15,152,15.108322333000157,152.23978896184352,43.0211761,141.3572688,0.5605118786192208,1,25,surface,yes
way/1455357811,15,164,15.405733967602677,163.67281576132842,43.0233918,141.4150891,0.2995213698520634,1,23,surface,yes
way/1455359271,15,161,15.494421133531946,161.27939444863875,43.0236785,141.4029805,0.14462529332389898,1,28,surface,yes
way/1459947828,68,164,67.53616275064847,163.92756804121566,43.2826099,141.4148791,0.022246685942192222,0,100,surface,customers
way/1459947829,68,164,67.51302658293122,163.79471748653177,43.2824863,141.4142078,0.022246685942192222,0,115,surface,customers
way/1459958365,75,171,75.10154597155137,170.65133692756365,43.3206597,141.4486708,0.005927047619939021,0,97,street_side,customers
way/1459958372,75,172,75.07367937733541,171.50243504630825,43.320576,141.4529765,0.013459436797183432,0,108,surface,customers
way/1459958374,75,172,75.0084139317961,171.74929366935257,43.3202674,141.454227,0.013459436797183432,0,78,street_side,customers
way/1459958379,75,172,74.73866634382972,171.60551220099498,43.3189169,141.4535075,0.013459436797183432,0,98,surface,customers
way/1459958383,75,172,74.904585296567,172.13489965809347,43.319776,141.4561804,0.013459436797183432,0,87,street_side,customers
way/1459958384,75,173,74.60969279674944,173.11476750205804,43.3183729,141.4611451,0.0019694318108710645,0,103,street_side,customers
way/1459958387,75,173,74.60658711866691,172.68721375700724,43.3183299,141.4589826,0.0019694318108710645,0,107,surface,customers
way/1459958392,74,172,74.43113396049472,171.5156079577736,43.317382,141.4530616,0.0424830908939604,0,65,surface,customers
way/1459958393,74,171,74.38199761641255,171.39947383592343,43.3171302,141.4524756,0.022889341866718437,0,120,street_side,customers
way/1459958396,74,171,74.2556038343803,170.69901978597562,43.3164566,141.4489363,0.022889341866718437,0,83,surface,customers
way/1459958400,74,171,74.05969347036032,170.96743699486052,43.3154998,141.4502996,0.022889341866718437,0,76,surface,customers
way/1459958402,74,171,74.0299112153594,170.84304996456112,43.3153437,141.4496713,0.022889341866718437,0,99,surface,customers
way/1459958404,74,171,73.6854331012793,171.2108392634934,43.3136546,141.4515415,0.022889341866718437,0,78,surface,customers
way/1459958407,74,170,73.68842946602227,170.36531346259815,43.313615,141.4472647,0.0225832559393731,0,120,street_side,customers
way/1459958408,74,170,73.77127663973944,170.12901333172525,43.3140117,141.4460671,0.0225832559393731,0,62,street_side,customers
way/1459958409,74,170,73.86908580328628,169.90367198396615,43.3144835,141.4449245,0.0225832559393731,0,65,street_side,customers
way/1460927237,15,153,15.091152887860204,152.89713810237157,43.0211331,141.3605942,0.2837427888824958,1,16,surface,customers
way/1461424356,38,120,38.00203774946487,119.59554609734751,43.1329036,141.1914944,0.05106727935898855,0,105,surface,yes
way/1462719156,48,167,48.155678125353944,167.19473169865037,43.1864573,141.4319617,0.034353390777764316,0,92,surface,yes
way/1467192261,14,163,13.769624440611311,163.48702648861357,43.0152448,141.4141964,0.03652074172498483,0,81,surface,yes
way/1467192262,14,164,13.750463585033097,163.59828456709025,43.0151567,141.4147597,0.020940972349865146,0,87,surface,yes
way/1468733813,21,155,21.11775281887973,155.21011167497957,43.0512475,141.3721201,0.4755583274337829,1,24,surface,yes
way/1469019826,26,144,25.929118583946995,143.79040182042397,43.0744344,141.3142203,0.9959521695087344,1,20,surface,yes
way/1469157735,22,154,21.92938916316327,153.92551279069227,43.0552003,141.3655992,1.1675550797989342,1,36,surface,customers
way/1469802983,24,154,24.25295445787002,153.82193411296447,43.0667468,141.3650085,2.58444355695025,1,39,surface,yes
way/1471980926,23,150,23.305887934009295,150.04848086166547,43.0617946,141.3459494,0.5699761119995308,1,21,surface,yes
way/1471980935,24,152,23.592763947379158,152.23142511791022,43.0633617,141.3569826,2.849137849029936,1,30,surface,yes
way/1471980937,24,153,23.655616100663554,152.68116477013783,43.0637032,141.3592556,6.487324490110103,1,23,surface,yes
way/1471980938,24,153,23.71899679038454,152.67589039866624,43.064018,141.3592271,6.487324490110103,1,29,surface,yes
way/1472345802,24,152,23.615152850764833,152.4482958605039,43.063487,141.3580789,2.849137849029936,1,31,surface,yes
way/1473342769,24,153,23.94687565921375,152.5074956737624,43.0651402,141.3583688,6.487324490110103,1,37,surface,yes
way/1473900547,24,156,24.334352308615166,156.17668229848366,43.0673033,141.3769166,0.8378685938295319,1,26,surface,customers
way/1476019654,50,63,49.77850220121646,62.82336483150262,43.187799,140.9039992,0.046963607778702406,0,105,surface,yes
way/1476019655,49,63,49.478520742321926,62.994967772708414,43.1863185,140.9048758,0.007257904495221809,0,78,surface,yes
way/1478717022,30,136,30.48872134588238,135.9112963549702,43.0965977,141.2742363,0.21077354031687237,1,34,surface,yes
way/1478719672,30,136,30.364363207530463,135.8667782678093,43.0959765,141.2740147,0.21077354031687237,1,31,surface,yes
way/1478719674,30,136,30.26963887231985,135.64625407024067,43.0954913,141.272902,0.21077354031687237,1,39,surface,yes
way/1479639928,22,151,22.466895770728456,150.85240336123752,43.0576748,141.3500398,1.5479449420273734,1,29,surface,yes
way/1480535317,23,145,23.1848300891937,144.68383110586004,43.0608469,141.3188182,0.06642918713470648,0,103,surface,yes
way/1482574301,35,130,35.01180413128902,130.0193688101217,43.1187075,141.2443046,0.04561196416190118,0,74,surface,yes
way/1482574303,35,130,35.012719395050155,130.0682268067076,43.1187152,141.2445517,0.04561196416190118,0,69,surface,yes
way/1482574304,35,130,35.01097973009336,130.1093394666734,43.1187092,141.2447597,0.04561196416190118,0,60,surface,yes
way/1484521347,33,148,32.99932958253717,148.1200013346582,43.1098678,141.3359164,0.7411364034905247,1,30,surface,customers
way/1484521349,33,149,32.72045358852316,148.52835680232806,43.1085075,141.3379899,0.9936427470248053,1,20,surface,yes
way/1485703006,23,150,22.6269721054838,150.17708446374374,43.0584272,141.3466194,0.5699761119995308,1,26,surface,yes
way/1485703008,23,150,22.5349010607277,150.31661510598292,43.0579784,141.3473278,0.5699761119995308,1,39,surface,yes
way/1485703011,22,150,22.143725515320885,149.99071006444802,43.0560124,141.3456906,0.8781831816851858,1,21,multi-storey,yes
way/1485703013,22,150,22.154472248043046,150.06309146610343,43.0560705,141.3460564,0.8781831816851858,1,34,surface,customers
way/1486075466,21,152,21.311472147845798,152.49649187944806,43.0520358,141.3583889,0.6078531796740168,1,38,surface,customers
relation/6334197,30,186,29.76394385428858,185.82544155212028,43.0962112,141.5267255,0.20570913548771186,1,29,surface,yes
relation/6608363,28,184,27.563209580900963,183.82309722085006,43.0851397,141.5166608,0.2854795295203458,1,30,surface,yes
relation/6665599,28,183,27.668306022247894,183.41881535715626,43.0856362,141.5146129,0.19517962915798537,1,29,surface,customers
relation/14615863,7,172,7.286890676669288,172.06345910942613,42.9835643,141.4577628,0.04240799708643397,0,108,surface,yes
relation/14694383,16,167,16.356644879245952,167.27537527564016,43.0283521,141.4332837,0.4000289652866775,1,28,surface,yes
relation/14733314,20,155,20.131833925571932,155.47793384793457,43.0463626,141.3735031,0.8614153391076836,1,390,surface,yes
